rep,position,fraction,latency_ns,outlier
1,0,0.0,34235,0
1,7996,0.0004,35530,0
1,9814,0.000491,64654,1
1,15993,0.0008,34666,0
1,23989,0.0012,35161,0
1,26690,0.001336,133581,1
1,26691,0.001336,129430,1
1,26692,0.001336,125153,1
1,26693,0.001336,121198,1
1,26694,0.001336,116903,1
1,26695,0.001336,112443,1
1,26696,0.001336,108176,1
1,26697,0.001336,104522,1
1,26698,0.001336,100171,1
1,26699,0.001336,95698,1
1,26700,0.001336,91416,1
1,26701,0.001336,87078,1
1,26702,0.001336,83093,1
1,26703,0.001336,78735,1
1,26704,0.001336,74289,1
1,26705,0.001336,70303,1
1,26706,0.001336,66250,1
1,31986,0.001601,34222,0
1,33758,0.001689,67556,1
1,39983,0.002001,34667,0
1,47979,0.002401,35543,0
1,55976,0.002801,35759,0
1,63973,0.003201,37464,0
1,71969,0.003601,34843,0
1,79966,0.004002,35203,0
1,87963,0.004402,34937,0
1,95959,0.004802,36302,0
1,103956,0.005202,35257,0
1,111953,0.005602,34230,0
1,119949,0.006002,34654,0
1,127946,0.006403,34858,0
1,135942,0.006803,37447,0
1,143513,0.007182,71958,1
1,143514,0.007182,67489,1
1,143939,0.007203,34498,0
1,151936,0.007603,34610,0
1,159932,0.008003,34500,0
1,167929,0.008403,35768,0
1,172747,0.008644,65703,1
1,172748,0.008644,64764,1
1,172750,0.008645,64243,1
1,172756,0.008645,72102,1
1,172757,0.008645,67558,1
1,174882,0.008751,73571,1
1,174883,0.008751,69184,1
1,174884,0.008751,64558,1
1,175926,0.008804,35482,0
1,179650,0.00899,67641,1
1,183474,0.009181,68899,1
1,183475,0.009181,64201,1
1,183922,0.009204,34856,0
1,191919,0.009604,35036,0
1,199916,0.010004,35298,0
1,207912,0.010404,35621,0
1,209071,0.010462,66800,1
1,215909,0.010804,35016,0
1,220771,0.011048,64727,1
1,223906,0.011204,34542,0
1,229634,0.011491,74282,1
1,229635,0.011491,69665,1
1,229636,0.011491,65184,1
1,231902,0.011605,36540,0
1,238557,0.011938,64391,1
1,239899,0.012005,35032,0
1,247895,0.012405,36089,0
1,253777,0.012699,65492,1
1,255892,0.012805,35053,0
1,262678,0.013145,65153,1
1,263889,0.013205,34198,0
1,271885,0.013605,34341,0
1,275113,0.013767,65918,1
1,279882,0.014006,35662,0
1,281652,0.014094,66984,1
1,281653,0.014094,66839,1
1,287879,0.014406,34775,0
1,295875,0.014806,35618,0
1,303872,0.015206,35273,0
1,311869,0.015606,37694,0
1,319865,0.016006,35489,0
1,324443,0.016235,68803,1
1,324444,0.016236,64181,1
1,327862,0.016407,34892,0
1,335859,0.016807,34928,0
1,343855,0.017207,36718,0
1,351852,0.017607,35106,0
1,358902,0.01796,71804,1
1,358903,0.01796,67334,1
1,359849,0.018007,35014,0
1,367845,0.018407,35706,0
1,375842,0.018808,34966,0
1,383838,0.019208,37449,0
1,391835,0.019608,34592,0
1,399832,0.020008,39086,0
1,404073,0.02022,65801,1
1,407828,0.020408,34876,0
1,408080,0.020421,64949,1
1,415825,0.020808,37842,0
1,423822,0.021208,35529,0
1,428729,0.021454,104185,1
1,428730,0.021454,100048,1
1,428731,0.021454,95748,1
1,428732,0.021454,91485,1
1,428733,0.021454,87109,1
1,428734,0.021454,82712,1
1,428735,0.021454,78568,1
1,428736,0.021454,74314,1
1,428737,0.021454,69842,1
1,428738,0.021454,65365,1
1,431818,0.021609,34239,0
1,439815,0.022009,35598,0
1,441728,0.022105,66013,1
1,447812,0.022409,35768,0
1,455808,0.022809,34546,0
1,463805,0.023209,34604,0
1,471802,0.023609,34852,0
1,474040,0.023721,64288,1
1,479798,0.02401,36161,0
1,487795,0.02441,35529,0
1,495791,0.02481,34928,0
1,502881,0.025165,64824,1
1,503788,0.02521,34141,0
1,506015,0.025321,69383,1
1,506016,0.025322,64760,1
1,511785,0.02561,38852,0
1,519781,0.02601,34295,0
1,527778,0.026411,34344,0
1,535775,0.026811,35744,0
1,539018,0.026973,68691,1
1,543771,0.027211,35330,0
1,551768,0.027611,34511,0
1,559765,0.028011,34548,0
1,563009,0.028174,68767,1
1,563010,0.028174,64182,1
1,563091,0.028178,136255,1
1,563092,0.028178,132028,1
1,563093,0.028178,127762,1
1,563094,0.028178,123440,1
1,563095,0.028178,119027,1
1,563096,0.028178,114654,1
1,563097,0.028178,110548,1
1,563098,0.028178,106367,1
1,563099,0.028178,101851,1
1,563100,0.028178,97382,1
1,563101,0.028178,92939,1
1,563102,0.028178,88758,1
1,563103,0.028178,84412,1
1,563104,0.028178,79943,1
1,563105,0.028178,75589,1
1,563106,0.028178,79737,1
1,563107,0.028178,75211,1
1,563108,0.028178,70642,1
1,563109,0.028179,66067,1
1,565742,0.02831,64368,1
1,565822,0.028314,131589,1
1,565823,0.028314,127399,1
1,565824,0.028314,122949,1
1,565825,0.028314,118729,1
1,565826,0.028314,114395,1
1,565827,0.028315,109969,1
1,565828,0.028315,105796,1
1,565829,0.028315,101597,1
1,565830,0.028315,97132,1
1,565831,0.028315,93119,1
1,565832,0.028315,88753,1
1,565833,0.028315,84326,1
1,565834,0.028315,79854,1
1,565835,0.028315,75549,1
1,565836,0.028315,71231,1
1,565837,0.028315,66986,1
1,567761,0.028411,37091,0
1,575758,0.028812,34524,0
1,583755,0.029212,35410,0
1,591751,0.029612,34027,0
1,596431,0.029846,72120,1
1,596432,0.029846,67711,1
1,599748,0.030012,35044,0
1,607744,0.030412,34049,0
1,611810,0.030616,67930,1
1,615741,0.030812,34123,0
1,623738,0.031212,35333,0
1,631734,0.031613,36765,0
1,639731,0.032013,33979,0
1,647728,0.032413,34497,0
1,655724,0.032813,36403,0
1,663721,0.033213,34174,0
1,671718,0.033613,35721,0
1,679714,0.034014,35656,0
1,687711,0.034414,35014,0
1,695708,0.034814,35749,0
1,703704,0.035214,37259,0
1,711701,0.035614,35226,0
1,719698,0.036014,34359,0
1,720628,0.036061,65457,1
1,727694,0.036415,34185,0
1,733199,0.03669,66764,1
1,735691,0.036815,35219,0
1,743148,0.037188,66048,1
1,743687,0.037215,35073,0
1,751684,0.037615,37394,0
1,759681,0.038015,34229,0
1,767677,0.038415,34687,0
1,775674,0.038815,37947,0
1,783671,0.039216,35562,0
1,791667,0.039616,34683,0
1,799664,0.040016,35112,0
1,807661,0.040416,36732,0
1,810654,0.040566,65590,1
1,815657,0.040816,37348,0
1,823654,0.041216,35399,0
1,831651,0.041617,34927,0
1,839647,0.042017,34973,0
1,847644,0.042417,35245,0
1,855640,0.042817,34727,0
1,863637,0.043217,35579,0
1,865689,0.04332,73031,1
1,865690,0.04332,68332,1
1,871634,0.043617,34439,0
1,879630,0.044018,34568,0
1,887627,0.044418,34154,0
1,895624,0.044818,37111,0
1,903620,0.045218,34987,0
1,911617,0.045618,35881,0
1,911930,0.045634,68712,1
1,911931,0.045634,64256,1
1,919614,0.046018,36701,0
1,927610,0.046419,33921,0
1,935607,0.046819,35758,0
1,942826,0.04718,71216,1
1,942827,0.04718,66723,1
1,943604,0.047219,36024,0
1,951600,0.047619,34962,0
1,959597,0.048019,36651,0
1,967594,0.048419,36308,0
1,968299,0.048455,65933,1
1,968301,0.048455,69284,1
1,968302,0.048455,64771,1
1,975590,0.048819,36018,0
1,983587,0.04922,35879,0
1,984724,0.049277,68221,1
1,991583,0.04962,34794,0
1,999580,0.05002,34704,0
1,1007577,0.05042,43724,0
1,1015573,0.05082,35176,0
1,1023570,0.05122,34942,0
1,1031567,0.051621,35355,0
1,1039563,0.052021,35313,0
1,1047081,0.052397,67061,1
1,1047560,0.052421,36624,0
1,1055557,0.052821,34775,0
1,1063553,0.053221,34845,0
1,1071550,0.053621,36181,0
1,1079547,0.054022,36235,0
1,1087543,0.054422,34492,0
1,1095540,0.054822,34630,0
1,1103536,0.055222,34124,0
1,1111533,0.055622,34392,0
1,1118602,0.055976,66143,1
1,1119530,0.056022,35407,0
1,1127526,0.056423,34635,0
1,1135523,0.056823,34635,0
1,1143520,0.057223,34092,0
1,1151516,0.057623,34997,0
1,1159513,0.058023,36314,0
1,1163213,0.058208,68998,1
1,1163214,0.058208,64331,1
1,1167510,0.058423,35113,0
1,1175506,0.058823,35728,0
1,1177039,0.0589,68567,1
1,1183503,0.059224,35129,0
1,1191500,0.059624,34567,0
1,1199496,0.060024,35308,0
1,1200949,0.060097,67464,1
1,1206946,0.060397,68013,1
1,1207493,0.060424,35358,0
1,1215175,0.060809,67472,1
1,1215489,0.060824,34801,0
1,1223486,0.061224,34266,0
1,1231483,0.061625,34609,0
1,1239479,0.062025,34709,0
1,1247476,0.062425,35104,0
1,1248027,0.062453,66061,1
1,1255473,0.062825,34438,0
1,1263469,0.063225,34902,0
1,1271466,0.063625,35638,0
1,1275522,0.063828,83053,1
1,1275523,0.063828,79009,1
1,1275524,0.063828,74769,1
1,1275525,0.063829,70511,1
1,1275526,0.063829,66285,1
1,1279013,0.064003,69087,1
1,1279014,0.064003,64465,1
1,1279463,0.064026,36007,0
1,1287459,0.064426,34850,0
1,1295456,0.064826,35014,0
1,1303453,0.065226,35544,0
1,1307214,0.065414,70541,1
1,1307215,0.065414,65899,1
1,1307237,0.065415,64499,1
1,1311449,0.065626,35002,0
1,1313021,0.065705,65797,1
1,1319446,0.066026,35932,0
1,1327443,0.066427,35011,0
1,1335439,0.066827,35576,0
1,1343436,0.067227,34532,0
1,1351432,0.067627,34665,0
1,1359429,0.068027,35871,0
1,1365995,0.068356,73822,1
1,1365996,0.068356,69250,1
1,1365997,0.068356,64655,1
1,1367426,0.068427,37894,0
1,1375422,0.068827,34974,0
1,1383419,0.069228,36324,0
1,1391416,0.069628,34284,0
1,1399412,0.070028,37195,0
1,1403190,0.070217,67752,1
1,1407409,0.070428,35923,0
1,1415406,0.070828,36473,0
1,1423373,0.071227,66618,1
1,1423402,0.071228,34567,0
1,1424816,0.071299,68680,1
1,1431399,0.071629,34430,0
1,1439396,0.072029,34153,0
1,1447392,0.072429,35552,0
1,1455389,0.072829,36449,0
1,1463385,0.073229,34523,0
1,1471382,0.073629,35318,0
1,1479379,0.07403,36475,0
1,1487375,0.07443,36179,0
1,1495372,0.07483,35149,0
1,1503369,0.07523,34669,0
1,1511365,0.07563,36369,0
1,1519362,0.07603,34644,0
1,1527359,0.076431,38197,0
1,1535355,0.076831,35545,0
1,1543352,0.077231,39220,0
1,1546502,0.077389,65117,1
1,1551349,0.077631,34582,0
1,1555753,0.077851,68523,1
1,1559345,0.078031,34847,0
1,1567342,0.078431,35254,0
1,1575338,0.078831,35499,0
1,1583335,0.079232,35358,0
1,1585657,0.079348,137761,1
1,1585658,0.079348,133874,1
1,1585659,0.079348,129659,1
1,1585660,0.079348,125384,1
1,1585661,0.079348,121078,1
1,1585662,0.079348,116906,1
1,1585663,0.079348,127781,1
1,1585664,0.079348,123321,1
1,1585665,0.079348,118669,1
1,1585666,0.079348,114045,1
1,1585667,0.079348,109513,1
1,1585668,0.079348,104928,1
1,1585669,0.079348,100359,1
1,1585670,0.079349,95834,1
1,1585671,0.079349,91064,1
1,1585672,0.079349,86533,1
1,1585673,0.079349,82015,1
1,1585674,0.079349,77402,1
1,1585675,0.079349,72841,1
1,1585676,0.079349,68259,1
1,1591332,0.079632,34383,0
1,1599328,0.080032,34159,0
1,1602693,0.0802,67882,1
1,1607325,0.080432,39878,0
1,1610593,0.080596,67516,1
1,1615322,0.080832,36365,0
1,1623318,0.081232,36307,0
1,1630847,0.081609,67609,1
1,1631315,0.081633,34159,0
1,1639312,0.082033,35181,0
1,1643558,0.082245,71827,1
1,1643559,0.082245,67124,1
1,1647308,0.082433,34477,0
1,1655305,0.082833,38221,0
1,1663302,0.083233,34984,0
1,1671298,0.083633,34914,0
1,1679295,0.084034,36906,0
1,1687292,0.084434,34630,0
1,1695288,0.084834,36295,0
1,1696810,0.08491,65498,1
1,1703285,0.085234,35490,0
1,1709210,0.085531,67675,1
1,1709211,0.085531,71318,1
1,1709212,0.085531,66729,1
1,1709218,0.085531,64767,1
1,1709219,0.085531,66390,1
1,1711281,0.085634,35316,0
1,1719278,0.086034,34521,0
1,1727275,0.086435,36170,0
1,1735271,0.086835,33955,0
1,1743268,0.087235,34689,0
1,1751265,0.087635,34950,0
1,1759261,0.088035,36437,0
1,1767258,0.088435,35500,0
1,1775255,0.088836,35694,0
1,1783251,0.089236,34213,0
1,1791248,0.089636,34358,0
1,1793542,0.089751,64679,1
1,1799245,0.090036,35930,0
1,1807241,0.090436,35470,0
1,1815238,0.090836,39300,0
1,1823234,0.091236,34583,0
1,1827452,0.091448,66078,1
1,1831231,0.091637,34972,0
1,1839228,0.092037,34197,0
1,1847224,0.092437,34136,0
1,1855221,0.092837,35324,0
1,1863218,0.093237,35090,0
1,1871214,0.093637,35536,0
1,1879211,0.094038,33679,0
1,1881492,0.094152,64747,1
1,1887208,0.094438,34070,0
1,1895204,0.094838,34612,0
1,1903201,0.095238,35439,0
1,1911198,0.095638,35132,0
1,1919194,0.096038,35503,0
1,1920476,0.096103,66975,1
1,1927191,0.096439,34164,0
1,1935188,0.096839,36554,0
1,1943184,0.097239,35584,0
1,1951181,0.097639,35113,0
1,1959177,0.098039,39049,0
1,1967174,0.098439,35390,0
1,1975171,0.09884,34388,0
1,1979079,0.099035,70780,1
1,1979080,0.099035,66135,1
1,1983167,0.09924,35477,0
1,1987748,0.099469,75276,1
1,1987749,0.099469,70742,1
1,1987750,0.099469,66168,1
1,1991164,0.09964,34639,0
1,1999161,0.10004,35543,0
1,2001406,0.100152,64146,1
1,2007157,0.10044,36243,0
1,2015154,0.10084,35350,0
1,2023151,0.10124,35955,0
1,2025176,0.101342,73394,1
1,2025177,0.101342,68735,1
1,2031147,0.101641,37424,0
1,2039144,0.102041,34590,0
1,2047141,0.102441,37131,0
1,2050459,0.102607,70019,1
1,2050460,0.102607,65470,1
1,2055137,0.102841,36618,0
1,2063134,0.103241,33771,0
1,2069120,0.103541,70647,1
1,2069121,0.103541,66060,1
1,2071130,0.103641,36112,0
1,2078046,0.103987,68077,1
1,2079127,0.104042,35414,0
1,2087124,0.104442,35105,0
1,2095120,0.104842,34844,0
1,2103117,0.105242,39191,0
1,2111114,0.105642,35710,0
1,2119110,0.106042,34943,0
1,2126682,0.106421,64960,1
1,2127107,0.106443,36035,0
1,2135104,0.106843,34621,0
1,2143100,0.107243,35794,0
1,2151097,0.107643,36903,0
1,2155565,0.107867,64305,1
1,2158861,0.108032,69425,1
1,2158862,0.108032,64845,1
1,2159094,0.108043,34392,0
1,2162815,0.108229,73967,1
1,2162816,0.108229,69328,1
1,2162817,0.10823,64847,1
1,2167090,0.108443,37229,0
1,2171895,0.108684,67526,1
1,2175087,0.108844,34618,0
1,2176505,0.108914,65507,1
1,2182736,0.109226,66513,1
1,2183083,0.109244,35292,0
1,2191080,0.109644,35873,0
1,2199077,0.110044,40824,0
1,2207073,0.110444,34566,0
1,2215070,0.110844,35188,0
1,2223067,0.111244,34559,0
1,2226774,0.11143,66224,1
1,2231063,0.111645,34584,0
1,2239060,0.112045,34681,0
1,2246531,0.112419,65013,1
1,2247057,0.112445,35645,0
1,2255053,0.112845,35039,0
1,2260553,0.11312,68959,1
1,2260554,0.11312,64265,1
1,2263050,0.113245,36349,0
1,2271047,0.113645,35430,0
1,2279043,0.114046,34225,0
1,2283874,0.114287,82979,1
1,2283875,0.114287,78576,1
1,2283876,0.114287,73945,1
1,2283877,0.114287,69352,1
1,2283878,0.114288,64802,1
1,2283887,0.114288,85126,1
1,2283888,0.114288,80500,1
1,2283889,0.114288,75864,1
1,2283890,0.114288,71199,1
1,2283891,0.114288,66616,1
1,2283900,0.114289,95333,1
1,2283901,0.114289,90775,1
1,2283902,0.114289,86302,1
1,2283903,0.114289,81745,1
1,2283904,0.114289,77094,1
1,2283905,0.114289,72426,1
1,2283906,0.114289,67763,1
1,2283913,0.114289,85586,1
1,2283914,0.114289,81035,1
1,2283915,0.114289,76517,1
1,2283916,0.114289,71873,1
1,2283917,0.114289,67222,1
1,2283924,0.11429,68930,1
1,2283925,0.11429,64415,1
1,2283945,0.114291,87536,1
1,2283946,0.114291,83000,1
1,2283947,0.114291,78387,1
1,2283948,0.114291,73757,1
1,2283949,0.114291,69064,1
1,2283950,0.114291,64457,1
1,2283958,0.114292,93370,1
1,2283959,0.114292,88793,1
1,2283960,0.114292,84106,1
1,2283961,0.114292,79516,1
1,2283962,0.114292,74927,1
1,2283963,0.114292,70297,1
1,2283964,0.114292,65648,1
1,2283970,0.114292,93884,1
1,2283971,0.114292,89415,1
1,2283972,0.114292,84836,1
1,2283973,0.114292,80264,1
1,2283974,0.114292,75659,1
1,2283975,0.114292,71064,1
1,2283976,0.114292,66446,1
1,2283984,0.114293,91250,1
1,2283985,0.114293,86594,1
1,2283986,0.114293,81913,1
1,2283987,0.114293,77354,1
1,2283988,0.114293,72812,1
1,2283989,0.114293,68175,1
1,2283990,0.114293,68309,1
1,2283996,0.114293,65329,1
1,2284034,0.114295,82147,1
1,2284035,0.114295,77591,1
1,2284036,0.114295,72959,1
1,2284037,0.114295,68525,1
1,2284052,0.114296,80497,1
1,2284053,0.114296,75966,1
1,2284054,0.114296,71315,1
1,2284055,0.114296,66734,1
1,2284061,0.114297,85663,1
1,2284062,0.114297,81007,1
1,2284063,0.114297,76514,1
1,2284064,0.114297,71910,1
1,2284065,0.114297,67315,1
1,2284074,0.114297,81323,1
1,2284075,0.114297,76717,1
1,2284076,0.114297,72359,1
1,2284077,0.114297,67717,1
1,2284083,0.114298,86128,1
1,2284084,0.114298,81645,1
1,2284085,0.114298,77143,1
1,2284086,0.114298,72644,1
1,2284087,0.114298,67956,1
1,2284096,0.114298,92308,1
1,2284097,0.114298,87731,1
1,2284098,0.114299,83091,1
1,2284099,0.114299,78445,1
1,2284100,0.114299,73919,1
1,2284101,0.114299,69269,1
1,2284102,0.114299,64635,1
1,2284110,0.114299,91585,1
1,2284111,0.114299,87140,1
1,2284112,0.114299,82454,1
1,2284113,0.114299,77844,1
1,2284114,0.114299,73162,1
1,2284115,0.114299,68567,1
1,2284123,0.1143,86997,1
1,2284124,0.1143,82289,1
1,2284125,0.1143,77713,1
1,2284126,0.1143,73060,1
1,2284127,0.1143,68575,1
1,2284136,0.1143,90967,1
1,2284137,0.1143,86390,1
1,2284138,0.114301,81801,1
1,2284139,0.114301,77279,1
1,2284140,0.114301,72530,1
1,2284141,0.114301,67920,1
1,2284150,0.114301,87592,1
1,2284151,0.114301,83014,1
1,2284152,0.114301,78322,1
1,2284153,0.114301,73763,1
1,2284154,0.114301,69192,1
1,2284155,0.114301,64595,1
1,2284163,0.114302,88421,1
1,2284164,0.114302,83779,1
1,2284165,0.114302,79169,1
1,2284166,0.114302,74543,1
1,2284167,0.114302,69845,1
1,2284168,0.114302,65275,1
1,2284176,0.114302,91887,1
1,2284177,0.114302,87236,1
1,2284178,0.114303,82568,1
1,2284179,0.114303,77934,1
1,2284180,0.114303,73371,1
1,2284181,0.114303,68842,1
1,2284182,0.114303,64234,1
1,2284187,0.114303,65224,1
1,2287040,0.114446,37560,0
1,2295037,0.114846,35989,0
1,2303033,0.115246,34793,0
1,2311030,0.115646,35952,0
1,2319026,0.116046,35162,0
1,2327023,0.116447,34691,0
1,2328186,0.116505,69326,1
1,2328187,0.116505,64766,1
1,2329468,0.116569,64781,1
1,2335020,0.116847,37626,0
1,2343016,0.117247,34747,0
1,2351013,0.117647,38631,0
1,2359010,0.118047,34516,0
1,2367006,0.118447,35562,0
1,2375003,0.118848,35460,0
1,2383000,0.119248,34497,0
1,2390996,0.119648,34280,0
1,2398856,0.120041,74982,1
1,2398857,0.120041,70489,1
1,2398858,0.120041,65862,1
1,2398993,0.120048,34318,0
1,2406990,0.120448,34462,0
1,2414986,0.120848,34544,0
1,2422964,0.121248,65785,1
1,2422983,0.121248,35728,0
1,2430979,0.121649,36228,0
1,2438970,0.122048,69298,1
1,2438971,0.122049,64817,1
1,2438976,0.122049,41765,0
1,2440087,0.122104,69975,1
1,2440088,0.122104,65367,1
1,2442682,0.122234,66181,1
1,2446973,0.122449,35166,0
1,2454969,0.122849,36525,0
1,2462966,0.123249,34826,0
1,2470963,0.123649,34887,0
1,2472254,0.123714,71492,1
1,2472255,0.123714,66970,1
1,2472992,0.123751,64400,1
1,2478959,0.12405,35885,0
1,2486956,0.12445,34223,0
1,2494953,0.12485,34957,0
1,2502949,0.12525,34254,0
1,2510946,0.12565,34948,0
1,2518098,0.126008,66512,1
1,2518943,0.12605,35079,0
1,2525916,0.126399,67433,1
1,2526939,0.126451,36383,0
1,2534936,0.126851,34423,0
1,2542933,0.127251,34822,0
1,2545970,0.127403,68033,1
1,2550833,0.127646,65206,1
1,2550929,0.127651,35206,0
1,2556050,0.127907,69783,1
1,2556051,0.127907,65302,1
1,2558926,0.128051,35354,0
1,2566922,0.128451,36629,0
1,2574919,0.128852,35319,0
1,2576931,0.128952,67862,1
1,2582916,0.129252,34521,0
1,2590912,0.129652,34618,0
1,2598909,0.130052,34946,0
1,2606906,0.130452,34418,0
1,2614902,0.130852,35326,0
1,2622899,0.131252,35282,0
1,2630896,0.131653,34467,0
1,2638892,0.132053,34905,0
1,2640366,0.132127,65742,1
1,2646889,0.132453,34372,0
1,2654886,0.132853,36058,0
1,2661542,0.133186,70760,1
1,2661543,0.133186,66129,1
1,2662882,0.133253,36345,0
1,2669846,0.133602,72375,1
1,2669847,0.133602,67816,1
1,2670879,0.133653,35032,0
1,2676586,0.133939,68362,1
1,2678875,0.134054,33944,0
1,2686872,0.134454,34660,0
1,2693131,0.134767,66708,1
1,2694869,0.134854,34782,0
1,2701882,0.135205,68130,1
1,2702865,0.135254,35331,0
1,2710862,0.135654,34998,0
1,2718859,0.136054,35801,0
1,2726855,0.136455,34784,0
1,2729550,0.136589,68598,1
1,2729551,0.136589,64169,1
1,2734852,0.136855,35746,0
1,2739226,0.137074,67535,1
1,2742849,0.137255,34847,0
1,2750845,0.137655,36804,0
1,2758842,0.138055,37323,0
1,2766839,0.138455,35327,0
1,2774835,0.138856,34506,0
1,2782832,0.139256,43218,0
1,2790828,0.139656,34766,0
1,2798825,0.140056,34321,0
1,2806822,0.140456,35574,0
1,2814818,0.140856,35927,0
1,2815679,0.140899,65352,1
1,2815682,0.1409,67854,1
1,2822815,0.141256,34792,0
1,2824132,0.141322,84064,1
1,2824133,0.141322,79585,1
1,2824134,0.141322,75043,1
1,2824135,0.141323,70315,1
1,2824136,0.141323,65742,1
1,2828655,0.141549,75258,1
1,2828656,0.141549,70695,1
1,2828657,0.141549,66208,1
1,2830812,0.141657,35957,0
1,2838808,0.142057,34703,0
1,2846805,0.142457,34951,0
1,2854802,0.142857,35289,0
1,2862798,0.143257,37195,0
1,2867078,0.143471,69007,1
1,2867079,0.143471,64400,1
1,2870795,0.143657,37199,0
1,2875944,0.143915,64700,1
1,2878792,0.144058,34369,0
1,2886788,0.144458,35412,0
1,2894785,0.144858,35916,0
1,2894997,0.144869,67470,1
1,2901313,0.145185,67463,1
1,2902504,0.145244,66406,1
1,2902782,0.145258,34496,0
1,2910778,0.145658,35100,0
1,2914625,0.145851,68292,1
1,2918775,0.146058,37534,0
1,2925873,0.146414,70353,1
1,2925874,0.146414,65767,1
1,2926771,0.146459,36492,0
1,2934768,0.146859,34101,0
1,2942765,0.147259,35443,0
1,2950761,0.147659,34646,0
1,2958758,0.148059,36055,0
1,2963987,0.148321,65589,1
1,2966755,0.148459,36706,0
1,2974751,0.14886,34705,0
1,2982748,0.14926,36191,0
1,2990745,0.14966,35443,0
1,2998741,0.15006,37839,0
1,3000692,0.150158,64935,1
1,3006738,0.15046,38518,0
1,3014735,0.15086,35573,0
1,3020948,0.151171,65245,1
1,3022731,0.15126,34839,0
1,3030728,0.151661,38028,0
1,3038724,0.152061,35185,0
1,3046721,0.152461,34271,0
1,3054718,0.152861,35365,0
1,3062714,0.153261,35257,0
1,3070711,0.153661,34298,0
1,3078708,0.154062,37485,0
1,3080881,0.15417,71085,1
1,3080882,0.15417,66500,1
1,3081973,0.154225,71826,1
1,3081974,0.154225,67221,1
1,3086704,0.154462,34570,0
1,3094701,0.154862,36447,0
1,3102698,0.155262,37280,0
1,3110694,0.155662,34385,0
1,3118691,0.156062,33744,0
1,3126688,0.156463,35276,0
1,3134684,0.156863,34764,0
1,3135846,0.156921,73514,1
1,3135847,0.156921,68794,1
1,3135848,0.156921,64401,1
1,3142681,0.157263,36638,0
1,3149988,0.157629,64461,1
1,3150677,0.157663,34239,0
1,3152962,0.157777,66957,1
1,3158674,0.158063,34609,0
1,3166671,0.158463,36331,0
1,3174667,0.158863,34355,0
1,3182664,0.159264,34484,0
1,3190661,0.159664,35138,0
1,3198657,0.160064,35288,0
1,3198988,0.160081,65028,1
1,3206654,0.160464,35779,0
1,3214651,0.160864,34218,0
1,3222647,0.161264,34083,0
1,3226606,0.161463,71727,1
1,3226607,0.161463,67086,1
1,3230644,0.161665,34190,0
1,3238641,0.162065,35073,0
1,3241952,0.162231,70426,1
1,3241953,0.162231,65768,1
1,3246637,0.162465,34784,0
1,3254233,0.162845,74392,1
1,3254234,0.162845,69861,1
1,3254235,0.162845,65222,1
1,3254634,0.162865,35273,0
1,3256930,0.16298,67808,1
1,3262631,0.163265,35727,0
1,3270627,0.163665,36249,0
1,3278624,0.164066,34982,0
1,3286620,0.164466,36181,0
1,3294617,0.164866,35645,0
1,3300002,0.165135,69304,1
1,3300003,0.165135,64659,1
1,3302614,0.165266,36093,0
1,3310610,0.165666,34415,0
1,3318607,0.166066,34504,0
1,3326604,0.166467,34333,0
1,3334600,0.166867,35180,0
1,3342597,0.167267,34628,0
1,3350594,0.167667,34586,0
1,3358590,0.168067,34881,0
1,3366587,0.168467,35937,0
1,3374584,0.168868,36867,0
1,3380775,0.169177,66502,1
1,3382580,0.169268,35360,0
1,3390577,0.169668,35628,0
1,3390656,0.169672,71868,1
1,3390657,0.169672,67317,1
1,3398573,0.170068,35932,0
1,3402373,0.170258,71547,1
1,3402374,0.170258,66994,1
1,3406570,0.170468,35842,0
1,3414567,0.170868,35201,0
1,3422563,0.171268,35360,0
1,3430560,0.171669,35970,0
1,3438557,0.172069,35414,0
1,3446553,0.172469,36119,0
1,3454550,0.172869,38316,0
1,3461905,0.173237,65235,1
1,3462547,0.173269,35359,0
1,3470543,0.173669,35034,0
1,3478540,0.17407,35741,0
1,3486537,0.17447,34812,0
1,3494533,0.17487,37077,0
1,3502530,0.17527,33834,0
1,3510527,0.17567,34583,0
1,3512409,0.175764,68779,1
1,3512410,0.175764,64263,1
1,3518523,0.17607,35603,0
1,3526520,0.176471,35581,0
1,3526989,0.176494,67359,1
1,3534516,0.176871,35237,0
1,3542513,0.177271,39518,0
1,3549670,0.177629,73627,1
1,3549671,0.177629,69222,1
1,3549672,0.177629,64569,1
1,3550510,0.177671,35024,0
1,3558506,0.178071,35019,0
1,3566503,0.178471,34824,0
1,3574500,0.178872,36361,0
1,3582496,0.179272,35754,0
1,3586942,0.179494,66811,1
1,3589335,0.179614,64848,1
1,3590493,0.179672,35229,0
1,3598490,0.180072,42573,0
1,3606486,0.180472,34200,0
1,3613909,0.180844,71503,1
1,3613910,0.180844,67079,1
1,3614483,0.180872,35278,0
1,3622480,0.181273,36152,0
1,3625104,0.181404,66115,1
1,3630476,0.181673,35686,0
1,3638473,0.182073,35927,0
1,3644272,0.182363,75766,1
1,3644273,0.182363,71147,1
1,3644274,0.182363,66466,1
1,3646469,0.182473,35525,0
1,3654466,0.182873,35480,0
1,3655233,0.182912,65483,1
1,3662142,0.183257,65834,1
1,3662463,0.183273,34918,0
1,3670459,0.183673,40583,0
1,3673611,0.183831,67761,1
1,3678456,0.184074,35184,0
1,3686453,0.184474,34901,0
1,3694449,0.184874,34795,0
1,3702446,0.185274,36940,0
1,3710443,0.185674,34120,0
1,3718439,0.186074,35887,0
1,3726436,0.186475,34417,0
1,3734433,0.186875,34314,0
1,3741562,0.187231,68138,1
1,3742429,0.187275,34570,0
1,3750426,0.187675,34965,0
1,3755778,0.187943,64514,1
1,3755787,0.187943,67744,1
1,3755797,0.187944,89298,1
1,3755798,0.187944,84796,1
1,3755799,0.187944,80072,1
1,3755800,0.187944,75493,1
1,3755801,0.187944,70879,1
1,3755802,0.187944,66351,1
1,3755809,0.187944,93308,1
1,3755810,0.187944,88786,1
1,3755811,0.187945,84170,1
1,3755812,0.187945,79570,1
1,3755813,0.187945,75058,1
1,3755814,0.187945,70505,1
1,3755815,0.187945,65776,1
1,3755824,0.187945,112772,1
1,3755825,0.187945,108561,1
1,3755826,0.187945,104206,1
1,3755827,0.187945,99899,1
1,3755828,0.187945,95680,1
1,3755829,0.187945,91142,1
1,3755830,0.187945,86609,1
1,3755831,0.187946,82549,1
1,3755832,0.187946,78181,1
1,3755833,0.187946,73723,1
1,3755834,0.187946,69210,1
1,3755835,0.187946,69349,1
1,3755836,0.187946,64880,1
1,3755840,0.187946,95219,1
1,3755841,0.187946,90628,1
1,3755842,0.187946,86032,1
1,3755843,0.187946,89104,1
1,3755844,0.187946,84417,1
1,3755845,0.187946,79862,1
1,3755846,0.187946,75377,1
1,3755847,0.187946,70746,1
1,3755848,0.187946,66174,1
1,3755856,0.187947,97339,1
1,3755857,0.187947,92803,1
1,3755858,0.187947,88311,1
1,3755859,0.187947,83704,1
1,3755860,0.187947,79023,1
1,3755861,0.187947,74469,1
1,3755862,0.187947,69819,1
1,3755863,0.187947,65306,1
1,3755871,0.187948,92407,1
1,3755872,0.187948,87751,1
1,3755873,0.187948,83185,1
1,3755874,0.187948,78640,1
1,3755875,0.187948,73986,1
1,3755876,0.187948,69309,1
1,3755877,0.187948,64679,1
1,3755885,0.187948,93781,1
1,3755886,0.187948,89174,1
1,3755887,0.187948,84427,1
1,3755888,0.187948,79929,1
1,3755889,0.187948,75326,1
1,3755890,0.187948,70676,1
1,3755891,0.187949,66216,1
1,3755899,0.187949,100178,1
1,3755900,0.187949,95539,1
1,3755901,0.187949,91151,1
1,3755902,0.187949,86556,1
1,3755903,0.187949,81859,1
1,3755904,0.187949,77169,1
1,3755905,0.187949,72654,1
1,3755906,0.187949,68091,1
1,3755914,0.18795,96836,1
1,3755915,0.18795,92262,1
1,3755916,0.18795,87519,1
1,3755917,0.18795,82955,1
1,3755918,0.18795,78360,1
1,3755919,0.18795,73767,1
1,3755920,0.18795,69204,1
1,3755921,0.18795,64561,1
1,3755929,0.18795,88753,1
1,3755930,0.18795,84223,1
1,3755931,0.187951,79555,1
1,3755932,0.187951,74904,1
1,3755933,0.187951,70290,1
1,3755934,0.187951,65612,1
1,3755942,0.187951,71929,1
1,3755943,0.187951,67328,1
1,3758422,0.188075,34917,0
1,3760011,0.188155,68994,1
1,3760012,0.188155,64394,1
1,3766419,0.188475,34605,0
1,3774416,0.188876,36858,0
1,3782412,0.189276,35944,0
1,3790409,0.189676,34887,0
1,3798406,0.190076,34208,0
1,3805177,0.190415,66898,1
1,3805918,0.190452,65987,1
1,3806402,0.190476,37188,0
1,3814399,0.190876,35697,0
1,3822396,0.191277,34683,0
1,3825654,0.19144,66802,1
1,3830392,0.191677,34680,0
1,3838389,0.192077,34638,0
1,3846386,0.192477,34685,0
1,3854382,0.192877,34556,0
1,3862379,0.193277,36902,0
1,3870376,0.193677,35652,0
1,3878372,0.194078,37287,0
1,3885573,0.194438,65614,1
1,3885574,0.194438,70094,1
1,3885575,0.194438,65509,1
1,3886369,0.194478,34541,0
1,3894365,0.194878,35521,0
1,3902362,0.195278,35356,0
1,3910359,0.195678,33987,0
1,3913892,0.195855,67169,1
1,3918355,0.196078,36425,0
1,3919864,0.196154,66800,1
1,3926352,0.196479,34925,0
1,3931882,0.196755,64504,1
1,3934349,0.196879,35100,0
1,3942345,0.197279,34597,0
1,3950342,0.197679,36359,0
1,3958339,0.198079,37001,0
1,3963149,0.19832,67624,1
1,3966335,0.198479,34280,0
1,3974332,0.19888,35197,0
1,3982329,0.19928,35800,0
1,3988845,0.199606,69218,1
1,3988846,0.199606,64662,1
1,3990325,0.19968,34664,0
1,3998322,0.20008,35581,0
1,4006318,0.20048,34962,0
1,4014315,0.20088,36062,0
1,4015899,0.20096,68703,1
1,4022312,0.20128,35278,0
1,4029199,0.201625,68725,1
1,4030308,0.201681,34762,0
1,4038305,0.202081,35424,0
1,4046302,0.202481,34976,0
1,4054298,0.202881,35101,0
1,4055227,0.202928,65967,1
1,4061222,0.203228,70969,1
1,4061223,0.203228,66231,1
1,4062295,0.203281,34431,0
1,4070292,0.203681,34839,0
1,4078288,0.204082,34619,0
1,4086285,0.204482,35246,0
1,4094282,0.204882,35748,0
1,4102278,0.205282,34917,0
1,4110275,0.205682,35669,0
1,4118271,0.206082,36185,0
1,4119002,0.206119,70444,1
1,4119003,0.206119,65934,1
1,4126268,0.206483,35577,0
1,4134265,0.206883,35489,0
1,4142261,0.207283,34935,0
1,4150258,0.207683,35821,0
1,4150788,0.20771,70376,1
1,4150789,0.20771,65792,1
1,4154933,0.207917,73619,1
1,4154934,0.207917,68980,1
1,4154935,0.207917,64537,1
1,4158255,0.208083,36029,0
1,4166251,0.208483,41357,0
1,4174248,0.208884,36160,0
1,4182245,0.209284,36360,0
1,4190241,0.209684,35366,0
1,4198238,0.210084,35895,0
1,4200491,0.210197,68482,1
1,4206235,0.210484,34405,0
1,4214231,0.210884,38138,0
1,4222228,0.211284,34157,0
1,4230225,0.211685,34651,0
1,4235891,0.211968,65432,1
1,4238221,0.212085,34742,0
1,4246218,0.212485,36148,0
1,4254214,0.212885,37394,0
1,4262211,0.213285,35624,0
1,4270208,0.213685,34625,0
1,4278204,0.214086,34419,0
1,4280414,0.214196,67393,1
1,4286201,0.214486,34635,0
1,4294198,0.214886,35008,0
1,4302194,0.215286,35157,0
1,4310191,0.215686,35813,0
1,4318188,0.216086,35483,0
1,4326184,0.216487,34995,0
1,4334181,0.216887,34399,0
1,4335943,0.216975,68149,1
1,4342178,0.217287,35682,0
1,4350174,0.217687,37045,0
1,4358171,0.218087,35955,0
1,4366167,0.218487,35280,0
1,4374164,0.218888,34336,0
1,4382161,0.219288,34981,0
1,4390157,0.219688,36031,0
1,4398154,0.220088,35597,0
1,4406151,0.220488,34624,0
1,4414147,0.220888,34110,0
1,4422144,0.221288,36354,0
1,4430141,0.221689,35344,0
1,4438137,0.222089,34263,0
1,4446134,0.222489,35286,0
1,4452532,0.222809,66801,1
1,4454131,0.222889,36341,0
1,4462127,0.223289,35676,0
1,4470124,0.223689,37098,0
1,4472531,0.22381,70435,1
1,4472532,0.22381,65830,1
1,4478121,0.22409,36809,0
1,4486117,0.22449,36340,0
1,4494114,0.22489,35056,0
1,4502110,0.22529,35561,0
1,4510107,0.22569,35375,0
1,4518104,0.22609,36745,0
1,4526100,0.226491,34566,0
1,4532249,0.226798,70985,1
1,4532250,0.226798,66402,1
1,4534097,0.226891,34101,0
1,4542094,0.227291,34673,0
1,4550090,0.227691,35461,0
1,4558087,0.228091,36062,0
1,4566084,0.228491,34815,0
1,4574080,0.228892,34847,0
1,4581334,0.229255,65417,1
1,4582077,0.229292,34644,0
1,4590074,0.229692,34425,0
1,4598070,0.230092,35463,0
1,4606067,0.230492,38260,0
1,4614063,0.230892,35739,0
1,4622060,0.231292,35647,0
1,4630057,0.231693,34895,0
1,4638053,0.232093,34814,0
1,4646050,0.232493,37223,0
1,4654047,0.232893,34972,0
1,4662043,0.233293,36559,0
1,4670040,0.233693,34979,0
1,4678037,0.234094,34343,0
1,4686033,0.234494,35606,0
1,4694030,0.234894,38930,0
1,4702027,0.235294,38237,0
1,4710023,0.235694,37357,0
1,4710926,0.235739,64580,1
1,4713383,0.235862,72479,1
1,4713384,0.235862,67894,1
1,4718020,0.236094,37890,0
1,4718308,0.236109,68177,1
1,4721563,0.236272,72587,1
1,4721564,0.236272,68121,1
1,4726016,0.236495,35252,0
1,4728152,0.236601,68124,1
1,4732169,0.236802,68689,1
1,4732219,0.236805,64525,1
1,4732220,0.236805,64169,1
1,4732221,0.236805,64679,1
1,4734013,0.236895,34480,0
1,4735182,0.236953,66247,1
1,4735183,0.236953,68981,1
1,4735184,0.236953,64362,1
1,4742010,0.237295,34530,0
1,4750006,0.237695,34465,0
1,4755679,0.237979,64506,1
1,4758003,0.238095,35957,0
1,4766000,0.238495,34860,0
1,4772846,0.238838,67133,1
1,4773996,0.238896,35330,0
1,4781993,0.239296,36215,0
1,4782799,0.239336,77290,1
1,4782800,0.239336,72755,1
1,4782801,0.239336,68139,1
1,4789990,0.239696,35292,0
1,4797986,0.240096,38715,0
1,4805983,0.240496,37365,0
1,4813980,0.240896,35751,0
1,4821976,0.241296,34485,0
1,4829973,0.241697,35076,0
1,4832531,0.241825,65669,1
1,4837970,0.242097,34417,0
1,4845966,0.242497,34276,0
1,4846086,0.242503,65353,1
1,4849157,0.242657,64161,1
1,4849158,0.242657,69267,1
1,4849159,0.242657,75881,1
1,4849160,0.242657,81321,1
1,4849161,0.242657,85446,1
1,4849162,0.242657,84643,1
1,4849163,0.242657,87339,1
1,4849164,0.242657,88536,1
1,4849165,0.242657,87288,1
1,4849166,0.242657,84375,1
1,4849167,0.242657,83085,1
1,4849168,0.242657,83117,1
1,4849169,0.242657,82175,1
1,4849170,0.242657,81036,1
1,4849171,0.242657,81960,1
1,4849172,0.242657,80969,1
1,4849173,0.242657,80183,1
1,4849174,0.242657,79637,1
1,4849175,0.242658,75019,1
1,4849176,0.242658,72868,1
1,4849177,0.242658,72552,1
1,4849178,0.242658,69026,1
1,4849179,0.242658,71139,1
1,4849180,0.242658,67543,1
1,4849181,0.242658,65113,1
1,4849182,0.242658,65127,1
1,4853963,0.242897,34302,0
1,4861959,0.243297,35790,0
1,4868276,0.243613,66765,1
1,4869956,0.243697,35808,0
1,4877953,0.244098,34710,0
1,4885949,0.244498,35233,0
1,4893946,0.244898,34891,0
1,4896571,0.245029,83437,1
1,4896572,0.245029,78964,1
1,4896573,0.245029,74407,1
1,4896574,0.245029,69781,1
1,4896575,0.245029,65163,1
1,4901943,0.245298,35665,0
1,4909939,0.245698,33967,0
1,4917936,0.246098,35262,0
1,4924503,0.246427,65298,1
1,4925933,0.246499,35933,0
1,4933929,0.246899,34697,0
1,4941926,0.247299,34213,0
1,4949923,0.247699,35759,0
1,4950142,0.24771,75243,1
1,4950143,0.24771,78725,1
1,4950144,0.24771,74075,1
1,4950145,0.24771,69553,1
1,4950146,0.24771,65010,1
1,4950150,0.24771,64631,1
1,4950151,0.24771,75183,1
1,4950152,0.247711,70534,1
1,4950153,0.247711,76636,1
1,4950154,0.247711,76372,1
1,4950155,0.247711,71751,1
1,4950156,0.247711,67133,1
1,4950158,0.247711,64749,1
1,4957919,0.248099,35819,0
1,4965916,0.248499,34586,0
1,4973912,0.2489,35115,0
1,4981909,0.2493,35266,0
1,4989906,0.2497,35792,0
1,4996743,0.250042,64948,1
1,4996820,0.250046,65083,1
1,4997902,0.2501,35833,0
1,5005899,0.2505,35159,0
1,5007858,0.250598,68436,1
1,5013896,0.2509,34988,0
1,5021892,0.2513,34704,0
1,5029889,0.251701,34281,0
1,5037886,0.252101,35745,0
1,5045882,0.252501,35237,0
1,5048397,0.252627,67256,1
1,5053879,0.252901,34618,0
1,5061876,0.253301,35788,0
1,5069872,0.253701,33985,0
1,5075274,0.253972,65422,1
1,5075275,0.253972,69255,1
1,5075276,0.253972,64679,1
1,5077869,0.254102,34931,0
1,5079491,0.254183,69416,1
1,5079492,0.254183,64735,1
1,5085866,0.254502,34972,0
1,5092825,0.25485,67107,1
1,5093862,0.254902,34837,0
1,5101859,0.255302,36018,0
1,5109855,0.255702,34320,0
1,5117852,0.256102,34518,0
1,5125849,0.256503,35060,0
1,5133845,0.256903,34703,0
1,5141842,0.257303,34277,0
1,5149839,0.257703,35693,0
1,5157835,0.258103,37209,0
1,5164777,0.258451,65931,1
1,5165832,0.258503,35388,0
1,5168427,0.258633,67878,1
1,5173829,0.258904,36704,0
1,5179735,0.259199,66656,1
1,5181825,0.259304,34985,0
1,5189822,0.259704,35621,0
1,5197819,0.260104,36094,0
1,5205815,0.260504,35539,0
1,5213812,0.260904,34980,0
1,5214591,0.260943,67257,1
1,5221808,0.261304,35402,0
1,5227158,0.261572,68141,1
1,5229805,0.261705,36662,0
1,5235768,0.262003,70876,1
1,5235769,0.262003,66248,1
1,5237802,0.262105,36753,0
1,5245798,0.262505,34500,0
1,5253795,0.262905,34515,0
1,5255096,0.26297,72111,1
1,5255097,0.26297,67690,1
1,5261792,0.263305,34898,0
1,5269727,0.263702,68344,1
1,5269788,0.263705,35461,0
1,5271069,0.26377,69638,1
1,5271070,0.26377,65069,1
1,5274276,0.26393,67412,1
1,5277785,0.264106,35498,0
1,5285782,0.264506,34976,0
1,5293778,0.264906,34965,0
1,5294026,0.264918,71372,1
1,5294027,0.264918,66819,1
1,5295060,0.26497,67787,1
1,5301775,0.265306,34849,0
1,5309772,0.265706,37953,0
1,5317768,0.266106,35717,0
1,5325765,0.266507,35104,0
1,5333761,0.266907,35319,0
1,5341758,0.267307,35307,0
1,5349755,0.267707,35555,0
1,5357751,0.268107,35199,0
1,5365748,0.268507,34323,0
1,5373745,0.268908,37485,0
1,5381741,0.269308,34522,0
1,5389738,0.269708,34999,0
1,5397735,0.270108,36593,0
1,5405731,0.270508,37301,0
1,5413728,0.270908,35797,0
1,5421725,0.271309,36151,0
1,5429721,0.271709,35058,0
1,5437718,0.272109,34817,0
1,5445715,0.272509,35848,0
1,5453711,0.272909,34810,0
1,5461708,0.273309,35380,0
1,5463752,0.273412,64456,1
1,5469704,0.273709,34983,0
1,5477701,0.27411,35196,0
1,5485698,0.27451,34629,0
1,5493694,0.27491,34326,0
1,5501691,0.27531,35283,0
1,5509688,0.27571,35212,0
1,5511027,0.275777,69596,1
1,5511028,0.275777,65024,1
1,5517684,0.27611,35831,0
1,5524036,0.276428,64256,1
1,5525681,0.276511,34514,0
1,5533678,0.276911,35008,0
1,5539733,0.277214,64408,1
1,5541674,0.277311,37680,0
1,5549671,0.277711,34087,0
1,5557668,0.278111,34291,0
1,5565664,0.278511,36326,0
1,5573661,0.278912,35990,0
1,5578282,0.279143,67494,1
1,5581657,0.279312,36072,0
1,5589654,0.279712,35053,0
1,5597651,0.280112,37703,0
1,5605647,0.280512,35439,0
1,5613644,0.280912,37051,0
1,5619029,0.281182,72950,1
1,5619030,0.281182,68402,1
1,5621641,0.281313,36665,0
1,5626616,0.281561,71384,1
1,5626617,0.281562,66781,1
1,5629637,0.281713,34799,0
1,5637634,0.282113,35020,0
1,5645631,0.282513,35375,0
1,5653627,0.282913,34773,0
1,5655552,0.283009,68766,1
1,5655553,0.28301,64176,1
1,5661624,0.283313,34254,0
1,5669621,0.283713,36133,0
1,5672531,0.283859,69359,1
1,5672532,0.283859,64863,1
1,5677617,0.284114,35362,0
1,5685614,0.284514,36177,0
1,5693610,0.284914,43038,0
1,5701607,0.285314,35094,0
1,5709604,0.285714,34879,0
1,5717600,0.286114,35727,0
1,5725597,0.286515,37584,0
1,5732303,0.28685,68249,1
1,5733594,0.286915,34997,0
1,5736373,0.287054,64162,1
1,5741590,0.287315,36050,0
1,5742699,0.28737,68677,1
1,5742700,0.28737,64224,1
1,5749057,0.287689,67368,1
1,5749587,0.287715,34834,0
1,5757584,0.288115,34793,0
1,5765580,0.288515,34190,0
1,5773577,0.288916,34454,0
1,5781574,0.289316,36288,0
1,5789570,0.289716,37728,0
1,5794492,0.289962,65072,1
1,5797567,0.290116,35818,0
1,5805564,0.290516,34513,0
1,5811919,0.290834,67097,1
1,5813560,0.290916,35436,0
1,5821557,0.291317,38639,0
1,5829553,0.291717,37213,0
1,5837550,0.292117,37195,0
1,5845547,0.292517,35694,0
1,5848736,0.292677,69798,1
1,5848737,0.292677,65255,1
1,5853543,0.292917,35709,0
1,5861540,0.293317,35907,0
1,5869537,0.293717,35140,0
1,5877533,0.294118,37581,0
1,5885530,0.294518,34556,0
1,5891157,0.294799,64343,1
1,5893527,0.294918,34976,0
1,5894728,0.294978,64376,1
1,5894729,0.294978,64922,1
1,5894730,0.294978,67243,1
1,5894731,0.294978,67492,1
1,5894732,0.294978,66361,1
1,5894733,0.294978,65321,1
1,5899272,0.295205,65733,1
1,5901523,0.295318,35071,0
1,5909520,0.295718,35144,0
1,5917517,0.296118,34742,0
1,5925513,0.296519,34356,0
1,5926001,0.296543,65433,1
1,5929812,0.296734,71675,1
1,5929813,0.296734,67118,1
1,5930940,0.29679,65588,1
1,5933510,0.296919,35645,0
1,5941506,0.297319,34909,0
1,5944155,0.297451,65279,1
1,5949503,0.297719,35118,0
1,5957500,0.298119,34898,0
1,5965496,0.298519,35482,0
1,5973493,0.29892,35424,0
1,5981490,0.29932,34309,0
1,5989486,0.29972,36361,0
1,5997483,0.30012,36044,0
1,6005480,0.30052,36953,0
1,6013476,0.30092,37257,0
1,6021473,0.301321,34593,0
1,6026391,0.301567,71194,1
1,6026392,0.301567,66654,1
1,6029470,0.301721,35362,0
1,6037466,0.302121,40845,0
1,6045463,0.302521,34554,0
1,6053460,0.302921,35665,0
1,6056649,0.303081,66828,1
1,6061456,0.303321,37334,0
1,6069104,0.303704,78090,1
1,6069105,0.303704,76642,1
1,6069106,0.303704,72049,1
1,6069107,0.303704,67451,1
1,6069108,0.303704,87077,1
1,6069109,0.303704,103292,1
1,6069110,0.303704,98787,1
1,6069111,0.303704,94135,1
1,6069112,0.303704,89469,1
1,6069113,0.303704,84878,1
1,6069114,0.303705,80375,1
1,6069115,0.303705,75781,1
1,6069116,0.303705,73365,1
1,6069117,0.303705,74695,1
1,6069118,0.303705,70180,1
1,6069119,0.303705,65637,1
1,6069453,0.303721,36838,0
1,6077449,0.304122,34869,0
1,6085446,0.304522,36514,0
1,6091404,0.30482,68255,1
1,6092403,0.30487,68365,1
1,6093443,0.304922,37020,0
1,6101439,0.305322,34634,0
1,6109436,0.305722,35713,0
1,6110338,0.305767,68777,1
1,6110339,0.305767,64240,1
1,6111725,0.305837,68339,1
1,6117433,0.306122,34962,0
1,6125429,0.306523,35267,0
1,6133426,0.306923,35879,0
1,6141423,0.307323,35615,0
1,6149419,0.307723,34967,0
1,6157416,0.308123,34920,0
1,6165413,0.308523,34719,0
1,6170831,0.308795,73389,1
1,6170832,0.308795,68857,1
1,6170833,0.308795,64304,1
1,6173409,0.308924,35640,0
1,6181406,0.309324,34845,0
1,6187385,0.309623,67645,1
1,6189402,0.309724,36182,0
1,6197399,0.310124,36262,0
1,6205396,0.310524,35100,0
1,6213392,0.310924,34853,0
1,6218829,0.311196,72005,1
1,6218830,0.311196,67376,1
1,6221389,0.311325,34392,0
1,6229386,0.311725,36030,0
1,6237382,0.312125,36147,0
1,6245379,0.312525,35710,0
1,6245738,0.312543,69334,1
1,6245739,0.312543,64814,1
1,6253376,0.312925,34870,0
1,6255602,0.313037,67752,1
1,6261372,0.313325,34300,0
1,6269369,0.313725,36407,0
1,6277366,0.314126,35819,0
1,6285362,0.314526,35807,0
1,6293359,0.314926,34276,0
1,6301355,0.315326,36404,0
1,6309352,0.315726,36357,0
1,6317349,0.316126,35093,0
1,6325345,0.316527,35969,0
1,6333342,0.316927,35903,0
1,6341339,0.317327,36880,0
1,6349335,0.317727,34744,0
1,6357332,0.318127,36113,0
1,6365329,0.318527,36697,0
1,6373325,0.318928,34095,0
1,6374653,0.318994,66352,1
1,6377011,0.319112,67649,1
1,6381322,0.319328,35940,0
1,6389319,0.319728,35114,0
1,6392084,0.319866,66518,1
1,6392085,0.319866,65765,1
1,6392094,0.319867,67564,1
1,6392095,0.319867,64356,1
1,6394436,0.319984,68350,1
1,6397315,0.320128,34185,0
1,6405312,0.320528,34945,0
1,6410574,0.320792,68480,1
1,6412668,0.320896,64750,1
1,6413309,0.320928,36366,0
1,6421305,0.321328,36138,0
1,6422383,0.321382,64316,1
1,6429302,0.321729,36671,0
1,6437298,0.322129,35980,0
1,6445295,0.322529,35356,0
1,6453012,0.322915,64654,1
1,6453292,0.322929,35219,0
1,6461288,0.323329,35898,0
1,6461630,0.323346,65824,1
1,6464761,0.323503,68325,1
1,6469285,0.323729,36472,0
1,6477282,0.32413,36163,0
1,6485278,0.32453,35440,0
1,6493275,0.32493,34802,0
1,6501272,0.32533,35442,0
1,6509268,0.32573,34848,0
1,6517265,0.32613,36287,0
1,6525262,0.326531,35068,0
1,6533258,0.326931,34734,0
1,6541255,0.327331,36639,0
1,6549251,0.327731,35054,0
1,6557248,0.328131,37094,0
1,6565245,0.328531,34530,0
1,6573241,0.328932,36718,0
1,6581238,0.329332,37654,0
1,6589235,0.329732,35737,0
1,6597231,0.330132,35845,0
1,6605228,0.330532,35639,0
1,6613225,0.330932,34594,0
1,6619216,0.331232,71452,1
1,6619217,0.331232,66854,1
1,6621221,0.331332,36077,0
1,6629218,0.331733,36210,0
1,6637215,0.332133,35557,0
1,6645211,0.332533,35530,0
1,6653208,0.332933,34851,0
1,6661205,0.333333,36201,0
1,6669201,0.333733,37889,0
1,6677198,0.334134,36341,0
1,6685194,0.334534,35357,0
1,6693191,0.334934,34335,0
1,6701188,0.335334,33997,0
1,6709184,0.335734,36142,0
1,6716560,0.336103,66117,1
1,6717181,0.336134,34522,0
1,6725178,0.336535,35297,0
1,6733174,0.336935,34597,0
1,6741171,0.337335,35669,0
1,6749168,0.337735,34454,0
1,6757164,0.338135,35651,0
1,6765161,0.338535,34825,0
1,6773158,0.338936,34794,0
1,6780469,0.339301,78468,1
1,6780470,0.339301,73871,1
1,6780471,0.339302,69214,1
1,6780472,0.339302,64633,1
1,6781154,0.339336,36786,0
1,6789151,0.339736,35774,0
1,6797147,0.340136,36955,0
1,6804733,0.340516,67132,1
1,6805144,0.340536,34403,0
1,6810469,0.340803,67805,1
1,6813141,0.340936,35933,0
1,6821137,0.341336,34904,0
1,6829134,0.341737,35002,0
1,6837131,0.342137,35456,0
1,6845127,0.342537,34406,0
1,6853124,0.342937,37480,0
1,6861121,0.343337,35107,0
1,6862104,0.343387,64352,1
1,6869117,0.343737,36992,0
1,6877114,0.344138,35413,0
1,6885111,0.344538,35774,0
1,6893107,0.344938,36453,0
1,6901104,0.345338,35677,0
1,6909100,0.345738,34708,0
1,6913105,0.345939,64885,1
1,6917097,0.346138,36018,0
1,6925094,0.346539,35016,0
1,6933090,0.346939,36617,0
1,6941087,0.347339,35003,0
1,6949084,0.347739,36840,0
1,6957080,0.348139,35122,0
1,6958996,0.348235,69403,1
1,6958997,0.348235,73271,1
1,6958998,0.348235,68690,1
1,6958999,0.348235,64200,1
1,6965077,0.348539,36846,0
1,6971714,0.348872,64757,1
1,6973074,0.34894,35484,0
1,6981070,0.34934,39169,0
1,6989067,0.34974,35202,0
1,6997064,0.35014,38620,0
1,7005060,0.35054,34756,0
1,7007978,0.350686,73155,1
1,7007979,0.350686,68573,1
1,7013057,0.35094,35780,0
1,7021054,0.351341,34531,0
1,7029050,0.351741,36165,0
1,7037047,0.352141,37060,0
1,7045043,0.352541,34405,0
1,7053040,0.352941,37438,0
1,7058618,0.35322,77218,1
1,7058619,0.35322,72743,1
1,7058620,0.35322,68022,1
1,7061037,0.353341,36989,0
1,7069033,0.353741,34544,0
1,7077030,0.354142,37953,0
1,7085027,0.354542,34556,0
1,7093023,0.354942,35936,0
1,7095978,0.35509,69854,1
1,7095979,0.35509,65203,1
1,7101020,0.355342,35965,0
1,7109017,0.355742,34530,0
1,7110168,0.3558,65265,1
1,7117013,0.356142,34823,0
1,7125010,0.356543,35455,0
1,7133007,0.356943,35483,0
1,7141003,0.357343,36510,0
1,7149000,0.357743,34366,0
1,7154393,0.358013,68329,1
1,7156996,0.358143,34581,0
1,7164993,0.358543,37055,0
1,7172249,0.358906,64473,1
1,7172990,0.358944,35627,0
1,7174913,0.35904,64165,1
1,7180986,0.359344,37550,0
1,7181855,0.359387,71767,1
1,7181856,0.359387,67289,1
1,7186163,0.359603,65289,1
1,7188983,0.359744,37959,0
1,7196980,0.360144,35490,0
1,7201537,0.360372,67604,1
1,7204976,0.360544,36110,0
1,7212973,0.360944,35414,0
1,7220970,0.361345,36406,0
1,7228966,0.361745,35808,0
1,7236963,0.362145,35762,0
1,7244960,0.362545,36243,0
1,7252956,0.362945,37700,0
1,7260490,0.363322,66794,1
1,7260953,0.363345,34857,0
1,7268949,0.363745,35551,0
1,7276946,0.364146,35858,0
1,7284943,0.364546,34139,0
1,7292939,0.364946,35539,0
1,7300936,0.365346,35712,0
1,7308933,0.365746,34709,0
1,7316929,0.366146,36344,0
1,7320768,0.366339,67525,1
1,7324926,0.366547,35668,0
1,7332923,0.366947,36652,0
1,7340919,0.367347,35469,0
1,7348916,0.367747,37212,0
1,7352396,0.367921,70626,1
1,7352397,0.367921,66016,1
1,7356913,0.368147,35972,0
1,7364909,0.368547,36007,0
1,7372906,0.368948,36772,0
1,7380903,0.369348,35334,0
1,7381183,0.369362,69663,1
1,7381184,0.369362,65119,1
1,7388899,0.369748,36179,0
1,7396896,0.370148,35223,0
1,7399864,0.370297,74745,1
1,7399865,0.370297,81785,1
1,7399866,0.370297,77201,1
1,7399867,0.370297,72653,1
1,7399868,0.370297,68068,1
1,7404892,0.370548,35501,0
1,7407522,0.37068,68727,1
1,7412889,0.370948,35224,0
1,7420886,0.371349,36308,0
1,7428882,0.371749,38564,0
1,7436879,0.372149,35222,0
1,7444876,0.372549,36582,0
1,7452872,0.372949,35940,0
1,7459753,0.373293,73051,1
1,7459754,0.373294,68427,1
1,7460869,0.373349,34388,0
1,7468866,0.373749,35303,0
1,7476862,0.37415,35213,0
1,7484859,0.37455,41220,0
1,7491428,0.374879,66189,1
1,7492856,0.37495,34881,0
1,7498373,0.375226,68814,1
1,7498374,0.375226,64241,1
1,7500852,0.37535,36241,0
1,7508849,0.37575,35184,0
1,7513974,0.376007,67588,1
1,7516845,0.37615,35249,0
1,7524842,0.376551,36077,0
1,7532839,0.376951,35878,0
1,7540244,0.377321,65938,1
1,7540835,0.377351,34952,0
1,7548832,0.377751,35406,0
1,7554156,0.378017,65465,1
1,7556122,0.378116,71949,1
1,7556123,0.378116,67304,1
1,7556829,0.378151,35728,0
1,7564825,0.378551,35345,0
1,7571160,0.378868,65831,1
1,7572822,0.378952,38043,0
1,7574805,0.379051,65524,1
1,7576054,0.379113,72053,1
1,7576055,0.379113,67617,1
1,7580819,0.379352,37348,0
1,7588815,0.379752,36086,0
1,7593066,0.379965,81059,1
1,7593067,0.379965,76548,1
1,7593068,0.379965,71862,1
1,7593069,0.379965,67262,1
1,7593073,0.379965,73868,1
1,7593074,0.379965,94850,1
1,7593075,0.379965,90308,1
1,7593076,0.379965,85792,1
1,7593077,0.379965,81140,1
1,7593078,0.379965,76481,1
1,7593079,0.379965,71976,1
1,7593080,0.379965,67330,1
1,7596812,0.380152,36433,0
1,7604809,0.380552,35305,0
1,7612805,0.380952,34890,0
1,7620802,0.381353,35572,0
1,7628799,0.381753,35977,0
1,7634561,0.382041,66827,1
1,7636795,0.382153,35040,0
1,7644792,0.382553,36928,0
1,7650631,0.382845,71827,1
1,7650632,0.382845,67189,1
1,7650642,0.382846,85334,1
1,7650643,0.382846,80774,1
1,7650644,0.382846,76372,1
1,7650645,0.382846,71731,1
1,7650646,0.382846,67116,1
1,7650655,0.382846,83192,1
1,7650656,0.382846,78567,1
1,7650657,0.382846,73897,1
1,7650658,0.382847,69303,1
1,7650659,0.382847,64623,1
1,7650668,0.382847,87179,1
1,7650669,0.382847,82644,1
1,7650670,0.382847,78076,1
1,7650671,0.382847,73480,1
1,7650672,0.382847,68912,1
1,7650673,0.382847,64275,1
1,7650678,0.382848,75394,1
1,7650679,0.382848,70792,1
1,7650680,0.382848,66218,1
1,7650689,0.382848,88922,1
1,7650690,0.382848,84378,1
1,7650691,0.382848,79704,1
1,7650692,0.382848,75044,1
1,7650693,0.382848,70409,1
1,7650694,0.382848,65812,1
1,7650702,0.382849,90767,1
1,7650703,0.382849,86215,1
1,7650704,0.382849,81585,1
1,7650705,0.382849,76919,1
1,7650706,0.382849,72241,1
1,7650707,0.382849,67663,1
1,7650715,0.382849,94095,1
1,7650716,0.382849,89448,1
1,7650717,0.382849,84798,1
1,7650718,0.38285,80201,1
1,7650719,0.38285,75709,1
1,7650720,0.38285,71044,1
1,7650721,0.38285,66395,1
1,7650729,0.38285,93899,1
1,7650730,0.38285,89408,1
1,7650731,0.38285,84833,1
1,7650732,0.38285,80081,1
1,7650733,0.38285,75472,1
1,7650734,0.38285,70920,1
1,7650735,0.38285,66280,1
1,7650741,0.382851,90302,1
1,7650742,0.382851,85712,1
1,7650743,0.382851,81171,1
1,7650744,0.382851,76512,1
1,7650745,0.382851,71847,1
1,7650746,0.382851,67259,1
1,7650755,0.382851,92343,1
1,7650756,0.382851,87586,1
1,7650757,0.382852,83064,1
1,7650758,0.382852,78599,1
1,7650759,0.382852,74157,1
1,7650760,0.382852,69565,1
1,7650761,0.382852,65008,1
1,7650766,0.382852,79837,1
1,7650767,0.382852,75119,1
1,7650768,0.382852,70538,1
1,7650769,0.382852,65895,1
1,7650778,0.382853,82877,1
1,7650779,0.382853,78211,1
1,7650780,0.382853,73680,1
1,7650781,0.382853,69085,1
1,7650782,0.382853,64597,1
1,7650789,0.382853,86556,1
1,7650790,0.382853,81947,1
1,7650791,0.382853,77447,1
1,7650792,0.382853,72790,1
1,7650793,0.382853,68137,1
1,7650802,0.382854,96540,1
1,7650803,0.382854,91997,1
1,7650804,0.382854,87364,1
1,7650805,0.382854,82742,1
1,7650806,0.382854,78102,1
1,7650807,0.382854,73558,1
1,7650808,0.382854,68853,1
1,7650809,0.382854,64268,1
1,7650817,0.382855,92293,1
1,7650818,0.382855,87788,1
1,7650819,0.382855,83157,1
1,7650820,0.382855,78562,1
1,7650821,0.382855,74053,1
1,7650822,0.382855,69482,1
1,7650823,0.382855,64745,1
1,7650830,0.382855,86912,1
1,7650831,0.382855,82362,1
1,7650832,0.382855,77694,1
1,7650833,0.382855,73027,1
1,7650834,0.382855,68422,1
1,7650843,0.382856,94271,1
1,7650844,0.382856,89543,1
1,7650845,0.382856,84982,1
1,7650846,0.382856,80441,1
1,7650847,0.382856,75903,1
1,7650848,0.382856,71210,1
1,7650849,0.382856,66560,1
1,7650854,0.382856,74390,1
1,7650855,0.382856,69778,1
1,7650856,0.382856,65093,1
1,7650865,0.382857,82271,1
1,7650866,0.382857,77678,1
1,7650867,0.382857,73043,1
1,7650868,0.382857,68446,1
1,7650876,0.382857,87182,1
1,7650877,0.382858,82672,1
1,7650878,0.382858,78211,1
1,7650879,0.382858,73614,1
1,7650880,0.382858,68965,1
1,7650881,0.382858,64291,1
1,7650889,0.382858,88633,1
1,7650890,0.382858,84189,1
1,7650891,0.382858,79572,1
1,7650892,0.382858,74831,1
1,7650893,0.382858,70286,1
1,7650894,0.382858,65689,1
1,7650902,0.382859,97179,1
1,7650903,0.382859,92569,1
1,7650904,0.382859,87882,1
1,7650905,0.382859,83426,1
1,7650906,0.382859,78852,1
1,7650907,0.382859,74204,1
1,7650908,0.382859,69511,1
1,7650909,0.382859,64847,1
1,7650915,0.382859,65704,1
1,7652788,0.382953,36798,0
1,7660785,0.383353,35476,0
1,7668782,0.383753,36197,0
1,7676778,0.384154,37439,0
1,7681045,0.384367,70300,1
1,7681046,0.384367,65655,1
1,7684775,0.384554,35842,0
1,7692772,0.384954,36917,0
1,7693794,0.385005,64304,1
1,7700768,0.385354,35056,0
1,7702259,0.385429,70930,1
1,7702260,0.385429,66388,1
1,7708765,0.385754,35144,0
1,7716762,0.386154,35067,0
1,7724758,0.386555,34577,0
1,7732755,0.386955,34825,0
1,7740752,0.387355,35572,0
1,7748748,0.387755,35485,0
1,7756745,0.388155,35272,0
1,7764741,0.388555,34955,0
1,7772738,0.388956,36910,0
1,7778050,0.389221,66247,1
1,7780735,0.389356,36521,0
1,7788731,0.389756,35689,0
1,7796728,0.390156,36193,0
1,7798769,0.390258,64606,1
1,7804725,0.390556,34856,0
1,7812721,0.390956,35301,0
1,7820718,0.391357,34761,0
1,7821260,0.391384,67517,1
1,7828715,0.391757,35439,0
1,7836711,0.392157,36443,0
1,7839705,0.392307,67227,1
1,7844708,0.392557,35310,0
1,7852705,0.392957,36141,0
1,7860701,0.393357,35499,0
1,7868698,0.393757,39580,0
1,7869360,0.393791,65237,1
1,7876694,0.394158,35242,0
1,7884691,0.394558,36686,0
1,7892688,0.394958,35566,0
1,7893805,0.395014,64981,1
1,7900059,0.395327,95813,1
1,7900060,0.395327,91247,1
1,7900061,0.395327,86615,1
1,7900062,0.395327,81942,1
1,7900063,0.395327,77551,1
1,7900064,0.395327,72996,1
1,7900065,0.395327,68357,1
1,7900684,0.395358,38849,0
1,7908681,0.395758,36772,0
1,7911190,0.395884,64911,1
1,7911191,0.395884,64202,1
1,7916678,0.396158,36697,0
1,7924674,0.396559,38394,0
1,7932671,0.396959,36002,0
1,7940668,0.397359,34730,0
1,7948664,0.397759,36928,0
1,7956661,0.398159,35967,0
1,7964658,0.398559,36867,0
1,7972654,0.39896,35921,0
1,7977883,0.399221,74398,1
1,7977884,0.399221,70026,1
1,7977885,0.399221,65394,1
1,7980651,0.39936,38224,0
1,7981503,0.399402,64166,1
1,7988648,0.39976,35433,0
1,7989345,0.399795,69866,1
1,7989346,0.399795,66338,1
1,7989347,0.399795,64472,1
1,7989348,0.399795,65242,1
1,7996644,0.40016,35883,0
1,7998050,0.40023,65528,1
1,8004641,0.40056,36480,0
1,8012637,0.40096,35633,0
1,8020634,0.401361,35675,0
1,8026724,0.401665,72937,1
1,8026725,0.401665,68400,1
1,8028631,0.401761,35802,0
1,8036627,0.402161,36163,0
1,8043829,0.402521,67731,1
1,8044624,0.402561,36708,0
1,8052621,0.402961,35382,0
1,8060617,0.403361,35417,0
1,8068614,0.403761,37358,0
1,8076611,0.404162,38227,0
1,8084607,0.404562,35397,0
1,8092604,0.404962,36761,0
1,8100601,0.405362,35363,0
1,8108597,0.405762,35324,0
1,8116594,0.406162,36591,0
1,8124590,0.406563,34955,0
1,8132587,0.406963,35557,0
1,8140584,0.407363,36416,0
1,8148580,0.407763,34944,0
1,8156577,0.408163,35740,0
1,8164574,0.408563,35876,0
1,8171895,0.40893,64623,1
1,8172570,0.408964,35165,0
1,8176683,0.409169,68141,1
1,8180567,0.409364,36409,0
1,8188564,0.409764,37841,0
1,8196560,0.410164,36070,0
1,8198062,0.410239,67189,1
1,8199980,0.410335,65387,1
1,8204557,0.410564,35667,0
1,8210660,0.41087,65700,1
1,8212554,0.410964,34914,0
1,8220550,0.411365,36516,0
1,8228547,0.411765,36074,0
1,8236543,0.412165,35039,0
1,8244540,0.412565,34677,0
1,8252537,0.412965,37317,0
1,8260533,0.413365,36523,0
1,8268530,0.413765,35948,0
1,8276527,0.414166,34605,0
1,8284523,0.414566,36057,0
1,8289767,0.414828,64920,1
1,8292520,0.414966,34446,0
1,8300517,0.415366,35836,0
1,8308513,0.415766,35353,0
1,8316510,0.416166,35122,0
1,8317479,0.416215,64151,1
1,8324507,0.416567,35650,0
1,8325377,0.41661,68625,1
1,8332503,0.416967,35198,0
1,8340500,0.417367,36337,0
1,8348497,0.417767,34533,0
1,8356493,0.418167,35542,0
1,8364490,0.418567,35969,0
1,8371539,0.41892,69425,1
1,8371540,0.41892,65043,1
1,8372486,0.418968,35611,0
1,8373574,0.419022,66048,1
1,8380483,0.419368,34693,0
1,8386254,0.419657,66639,1
1,8388480,0.419768,36932,0
1,8396476,0.420168,35392,0
1,8404473,0.420568,34963,0
1,8409919,0.420841,67508,1
1,8412470,0.420968,35771,0
1,8420466,0.421369,36625,0
1,8428463,0.421769,35815,0
1,8436460,0.422169,36579,0
1,8444456,0.422569,35410,0
1,8452453,0.422969,35050,0
1,8460450,0.423369,36028,0
1,8468446,0.423769,35553,0
1,8476443,0.42417,35750,0
1,8484439,0.42457,35756,0
1,8492436,0.42497,37817,0
1,8500433,0.42537,35501,0
1,8507542,0.425726,71830,1
1,8507543,0.425726,67475,1
1,8508429,0.42577,35325,0
1,8515482,0.426123,65378,1
1,8516426,0.42617,38003,0
1,8524423,0.426571,35935,0
1,8526999,0.4267,67499,1
1,8532419,0.426971,35252,0
1,8540416,0.427371,36154,0
1,8548413,0.427771,35195,0
1,8556409,0.428171,38192,0
1,8564406,0.428571,36087,0
1,8569004,0.428801,75266,1
1,8569005,0.428802,70813,1
1,8569006,0.428802,66223,1
1,8572403,0.428972,37214,0
1,8578235,0.429263,65259,1
1,8578237,0.429264,66680,1
1,8578238,0.429264,64774,1
1,8578239,0.429264,70097,1
1,8578240,0.429264,65592,1
1,8578242,0.429264,71808,1
1,8578243,0.429264,74950,1
1,8578244,0.429264,75554,1
1,8578245,0.429264,71145,1
1,8578246,0.429264,66632,1
1,8578248,0.429264,78756,1
1,8578249,0.429264,74524,1
1,8578250,0.429264,70176,1
1,8578251,0.429264,74077,1
1,8578252,0.429264,70544,1
1,8578253,0.429264,74018,1
1,8578254,0.429264,71964,1
1,8578255,0.429264,67558,1
1,8580399,0.429372,35798,0
1,8588396,0.429772,37859,0
1,8596393,0.430172,35263,0
1,8604389,0.430572,36038,0
1,8604862,0.430596,74373,1
1,8604863,0.430596,69956,1
1,8604864,0.430596,65467,1
1,8612386,0.430972,35967,0
1,8615536,0.43113,74515,1
1,8615537,0.43113,70162,1
1,8615538,0.43113,65557,1
1,8620382,0.431373,36080,0
1,8621698,0.431438,66194,1
1,8628379,0.431773,36669,0
1,8636376,0.432173,36295,0
1,8644372,0.432573,36156,0
1,8652369,0.432973,37121,0
1,8660366,0.433373,36539,0
1,8668362,0.433773,35410,0
1,8676359,0.434174,38695,0
1,8684356,0.434574,37774,0
1,8692352,0.434974,36920,0
1,8696613,0.435187,67596,1
1,8700349,0.435374,35460,0
1,8703425,0.435528,67948,1
1,8708346,0.435774,34970,0
1,8716342,0.436174,36119,0
1,8724339,0.436575,36125,0
1,8729340,0.436825,64584,1
1,8732335,0.436975,36769,0
1,8740332,0.437375,35759,0
1,8748329,0.437775,35481,0
1,8752786,0.437998,65909,1
1,8756325,0.438175,36167,0
1,8763022,0.43851,74640,1
1,8763023,0.43851,70062,1
1,8763024,0.43851,65422,1
1,8764322,0.438575,38555,0
1,8771552,0.438937,73284,1
1,8771553,0.438937,68680,1
1,8771554,0.438937,64302,1
1,8772319,0.438976,39437,0
1,8780315,0.439376,37581,0
1,8788312,0.439776,35728,0
1,8796309,0.440176,36694,0
1,8801536,0.440438,64433,1
1,8804305,0.440576,35108,0
1,8809035,0.440813,64389,1
1,8812302,0.440976,36335,0
1,8817962,0.44126,70502,1
1,8817963,0.44126,65794,1
1,8820299,0.441377,37511,0
1,8828295,0.441777,35066,0
1,8836292,0.442177,37682,0
1,8844288,0.442577,35409,0
1,8852285,0.442977,39047,0
1,8860282,0.443377,35991,0
1,8868278,0.443777,35910,0
1,8876275,0.444178,35128,0
1,8884272,0.444578,37248,0
1,8892268,0.444978,36181,0
1,8900265,0.445378,35588,0
1,8904042,0.445567,70249,1
1,8904043,0.445567,65787,1
1,8908262,0.445778,36983,0
1,8910104,0.44587,65630,1
1,8911700,0.44595,64569,1
1,8916258,0.446178,35727,0
1,8924255,0.446579,36620,0
1,8932252,0.446979,36541,0
1,8940248,0.447379,35216,0
1,8942200,0.447477,67970,1
1,8948245,0.447779,36251,0
1,8956242,0.448179,35644,0
1,8964238,0.448579,35822,0
1,8972235,0.44898,35017,0
1,8975080,0.449122,68838,1
1,8975081,0.449122,64398,1
1,8978020,0.449269,68126,1
1,8980231,0.44938,36828,0
1,8988228,0.44978,35610,0
1,8996225,0.45018,36915,0
1,9000314,0.450385,69273,1
1,9000315,0.450385,64673,1
1,9004221,0.45058,36272,0
1,9012218,0.45098,39198,0
1,9020215,0.451381,37245,0
1,9026413,0.451691,68029,1
1,9028211,0.451781,35416,0
1,9036208,0.452181,36317,0
1,9044205,0.452581,38667,0
1,9052201,0.452981,35906,0
1,9060198,0.453381,36114,0
1,9068195,0.453782,37444,0
1,9076191,0.454182,36385,0
1,9084188,0.454582,35908,0
1,9092184,0.454982,35289,0
1,9100181,0.455382,36919,0
1,9108178,0.455782,35143,0
1,9109611,0.455854,65311,1
1,9116174,0.456182,35508,0
1,9124171,0.456583,34966,0
1,9132168,0.456983,35989,0
1,9140164,0.457383,37472,0
1,9148161,0.457783,35164,0
1,9156158,0.458183,35224,0
1,9164154,0.458583,35633,0
1,9172151,0.458984,35968,0
1,9180148,0.459384,38193,0
1,9188144,0.459784,37900,0
1,9196141,0.460184,35229,0
1,9204138,0.460584,36859,0
1,9212134,0.460984,36702,0
1,9217207,0.461238,71679,1
1,9217208,0.461238,67050,1
1,9220131,0.461385,34726,0
1,9228127,0.461785,36862,0
1,9228766,0.461817,138473,1
1,9228767,0.461817,134555,1
1,9228768,0.461817,130401,1
1,9228769,0.461817,126302,1
1,9228770,0.461817,122378,1
1,9228771,0.461817,118393,1
1,9228772,0.461817,113913,1
1,9228773,0.461817,109856,1
1,9228774,0.461817,105725,1
1,9228775,0.461817,101637,1
1,9228776,0.461817,97293,1
1,9228777,0.461817,93101,1
1,9228778,0.461817,88793,1
1,9228779,0.461817,84817,1
1,9228780,0.461817,80789,1
1,9228781,0.461817,76631,1
1,9228782,0.461817,72512,1
1,9228783,0.461817,68437,1
1,9236124,0.462185,36527,0
1,9244121,0.462585,35471,0
1,9252117,0.462985,35837,0
1,9260114,0.463385,37122,0
1,9268111,0.463786,35020,0
1,9276107,0.464186,35438,0
1,9284104,0.464586,37168,0
1,9292101,0.464986,35812,0
1,9300097,0.465386,35361,0
1,9302004,0.465482,70101,1
1,9302005,0.465482,65524,1
1,9308094,0.465786,36034,0
1,9316091,0.466186,35015,0
1,9319717,0.466368,65999,1
1,9320750,0.46642,65805,1
1,9324087,0.466587,34992,0
1,9331569,0.466961,66613,1
1,9332084,0.466987,36883,0
1,9335942,0.46718,73988,1
1,9335943,0.46718,69202,1
1,9335944,0.46718,64837,1
1,9340080,0.467387,36029,0
1,9348077,0.467787,35090,0
1,9356074,0.468187,36338,0
1,9363858,0.468577,64305,1
1,9364070,0.468587,37451,0
1,9372067,0.468988,36118,0
1,9373874,0.469078,67531,1
1,9380064,0.469388,36036,0
1,9388060,0.469788,37865,0
1,9396057,0.470188,36462,0
1,9404054,0.470588,36577,0
1,9412050,0.470988,35149,0
1,9415253,0.471149,73680,1
1,9415254,0.471149,69317,1
1,9415255,0.471149,64537,1
1,9420047,0.471389,35406,0
1,9428044,0.471789,37946,0
1,9436040,0.472189,37891,0
1,9444037,0.472589,36334,0
1,9452033,0.472989,36738,0
1,9460030,0.473389,37287,0
1,9468027,0.47379,35601,0
1,9476023,0.47419,35951,0
1,9484020,0.47459,37546,0
1,9492017,0.47499,37282,0
1,9497920,0.475285,64495,1
1,9497922,0.475285,65931,1
1,9497923,0.475286,72326,1
1,9497924,0.475286,73640,1
1,9497925,0.475286,73177,1
1,9497926,0.475286,74073,1
1,9497927,0.475286,75511,1
1,9497928,0.475286,77525,1
1,9497929,0.475286,76742,1
1,9497930,0.475286,73218,1
1,9497931,0.475286,81875,1
1,9497932,0.475286,77152,1
1,9497933,0.475286,72708,1
1,9497934,0.475286,68115,1
1,9500013,0.47539,36409,0
1,9508010,0.47579,36277,0
1,9516007,0.47619,36266,0
1,9524003,0.476591,36443,0
1,9532000,0.476991,36707,0
1,9539997,0.477391,36802,0
1,9547993,0.477791,35650,0
1,9548755,0.477829,68200,1
1,9555990,0.478191,35285,0
1,9563987,0.478591,36080,0
1,9571983,0.478992,36383,0
1,9574366,0.479111,67199,1
1,9579980,0.479392,37224,0
1,9587976,0.479792,38148,0
1,9595973,0.480192,37190,0
1,9603970,0.480592,35092,0
1,9611966,0.480992,36286,0
1,9616296,0.481209,65404,1
1,9619963,0.481393,35988,0
1,9624290,0.481609,67216,1
1,9627960,0.481793,35519,0
1,9633910,0.48209,65214,1
1,9635956,0.482193,35433,0
1,9643953,0.482593,37008,0
1,9650457,0.482918,71948,1
1,9650458,0.482919,67534,1
1,9651950,0.482993,36137,0
1,9652054,0.482998,70446,1
1,9652055,0.482998,65812,1
1,9659946,0.483393,37396,0
1,9664005,0.483596,66253,1
1,9667943,0.483793,36514,0
1,9675940,0.484194,34915,0
1,9683936,0.484594,35709,0
1,9691933,0.484994,35859,0
1,9699929,0.485394,37675,0
1,9702629,0.485529,71150,1
1,9702630,0.485529,66576,1
1,9707926,0.485794,35581,0
1,9709050,0.485851,69389,1
1,9709051,0.485851,64960,1
1,9715680,0.486182,65592,1
1,9715923,0.486194,35858,0
1,9723919,0.486595,36583,0
1,9731916,0.486995,36231,0
1,9739913,0.487395,36241,0
1,9747909,0.487795,34397,0
1,9755906,0.488195,37515,0
1,9756047,0.488202,72456,1
1,9756048,0.488202,67784,1
1,9763903,0.488595,36705,0
1,9771899,0.488996,36259,0
1,9779896,0.489396,35168,0
1,9787893,0.489796,35110,0
1,9790430,0.489923,67794,1
1,9793286,0.490066,65880,1
1,9795889,0.490196,35078,0
1,9796054,0.490204,66436,1
1,9803886,0.490596,35903,0
1,9811882,0.490996,36021,0
1,9813817,0.491093,76924,1
1,9813818,0.491093,81075,1
1,9813819,0.491093,76442,1
1,9813820,0.491093,72043,1
1,9813821,0.491093,71517,1
1,9813822,0.491093,66828,1
1,9819879,0.491397,35296,0
1,9827876,0.491797,36006,0
1,9834719,0.492139,128308,1
1,9834720,0.492139,124231,1
1,9834721,0.492139,119995,1
1,9834722,0.492139,115683,1
1,9834723,0.492139,111360,1
1,9834724,0.492139,107317,1
1,9834725,0.492139,103152,1
1,9834726,0.492139,99456,1
1,9834727,0.49214,95192,1
1,9834728,0.49214,90697,1
1,9834729,0.49214,86407,1
1,9834730,0.49214,82162,1
1,9834731,0.49214,77844,1
1,9834732,0.49214,73592,1
1,9834733,0.49214,69455,1
1,9834734,0.49214,65113,1
1,9835872,0.492197,36659,0
1,9836464,0.492226,70434,1
1,9836465,0.492227,66103,1
1,9843869,0.492597,35668,0
1,9851866,0.492997,40597,0
1,9859862,0.493397,37963,0
1,9867859,0.493797,35867,0
1,9869647,0.493887,70613,1
1,9869648,0.493887,66147,1
1,9875856,0.494198,34918,0
1,9883852,0.494598,35163,0
1,9891849,0.494998,35219,0
1,9899846,0.495398,38607,0
1,9905545,0.495683,68908,1
1,9905546,0.495683,64517,1
1,9907842,0.495798,35468,0
1,9915839,0.496198,36937,0
1,9923836,0.496599,37073,0
1,9931832,0.496999,37512,0
1,9939829,0.497399,35832,0
1,9947825,0.497799,36014,0
1,9954479,0.498132,74167,1
1,9954480,0.498132,69454,1
1,9954481,0.498132,65126,1
1,9955822,0.498199,37314,0
1,9963819,0.498599,36049,0
1,9971815,0.499,35425,0
1,9979812,0.4994,35982,0
1,9986480,0.499733,70147,1
1,9986481,0.499733,65587,1
1,9987809,0.4998,35465,0
1,9995041,0.500162,66961,1
1,9995805,0.5002,34955,0
1,10003802,0.5006,39200,0
1,10011799,0.501,36809,0
1,10015178,0.501169,67048,1
1,10015180,0.50117,65225,1
1,10019795,0.501401,36495,0
1,10019845,0.501403,65124,1
1,10021512,0.501486,67200,1
1,10021513,0.501486,65543,1
1,10021514,0.501487,66205,1
1,10026026,0.501712,65452,1
1,10027792,0.501801,36514,0
1,10035789,0.502201,36188,0
1,10038875,0.502355,67816,1
1,10043785,0.502601,36339,0
1,10051782,0.503001,37893,0
1,10059778,0.503401,34791,0
1,10067775,0.503801,35770,0
1,10075772,0.504202,35771,0
1,10083768,0.504602,35643,0
1,10091765,0.505002,37360,0
1,10091948,0.505011,68909,1
1,10091949,0.505011,64494,1
1,10099762,0.505402,35691,0
1,10102902,0.505559,67729,1
1,10107758,0.505802,36801,0
1,10109900,0.505909,69614,1
1,10109901,0.50591,65026,1
1,10115755,0.506202,37219,0
1,10123752,0.506603,36062,0
1,10131748,0.507003,36047,0
1,10139745,0.507403,35790,0
1,10147742,0.507803,35929,0
1,10152338,0.508033,65162,1
1,10155738,0.508203,35945,0
1,10156927,0.508263,76614,1
1,10156928,0.508263,72192,1
1,10156929,0.508263,67619,1
1,10163735,0.508603,36851,0
1,10171732,0.509004,36470,0
1,10179728,0.509404,35737,0
1,10187725,0.509804,35950,0
1,10188439,0.50984,64836,1
1,10188482,0.509842,64161,1
1,10195721,0.510204,35883,0
1,10203718,0.510604,36004,0
1,10211715,0.511004,35233,0
1,10215941,0.511216,65147,1
1,10219711,0.511405,35772,0
1,10227708,0.511805,37391,0
1,10235705,0.512205,36561,0
1,10243701,0.512605,35549,0
1,10251698,0.513005,36139,0
1,10259695,0.513405,35993,0
1,10267691,0.513805,35300,0
1,10275688,0.514206,35602,0
1,10283685,0.514606,37308,0
1,10291681,0.515006,37258,0
1,10293519,0.515098,67729,1
1,10294598,0.515152,75511,1
1,10294599,0.515152,70918,1
1,10294600,0.515152,66317,1
1,10298901,0.515367,67642,1
1,10299678,0.515406,37893,0
1,10307674,0.515806,36120,0
1,10312605,0.516053,68961,1
1,10312606,0.516053,64484,1
1,10315671,0.516206,34849,0
1,10316223,0.516234,64744,1
1,10323668,0.516607,36932,0
1,10327537,0.5168,65781,1
1,10331664,0.517007,35365,0
1,10339661,0.517407,37853,0
1,10347658,0.517807,36380,0
1,10355654,0.518207,37425,0
1,10363651,0.518607,34993,0
1,10371648,0.519008,36493,0
1,10375270,0.519189,67193,1
1,10376596,0.519255,65294,1
1,10379644,0.519408,38269,0
1,10387641,0.519808,37681,0
1,10395638,0.520208,36097,0
1,10403634,0.520608,36386,0
1,10411631,0.521008,35247,0
1,10417519,0.521303,69128,1
1,10417520,0.521303,64512,1
1,10419627,0.521409,35591,0
1,10423336,0.521594,68271,1
1,10427624,0.521809,35765,0
1,10428887,0.521872,72193,1
1,10428888,0.521872,67613,1
1,10435621,0.522209,37167,0
1,10443617,0.522609,35561,0
1,10451614,0.523009,36351,0
1,10459343,0.523396,65620,1
1,10459611,0.523409,37251,0
1,10467607,0.523809,36483,0
1,10475604,0.52421,35884,0
1,10483601,0.52461,36310,0
1,10487355,0.524798,68417,1
1,10491597,0.52501,35350,0
1,10499594,0.52541,37956,0
1,10504439,0.525653,65493,1
1,10507591,0.52581,36455,0
1,10515587,0.52621,37765,0
1,10523584,0.526611,36455,0
1,10531581,0.527011,36588,0
1,10531620,0.527013,76844,1
1,10531621,0.527013,72426,1
1,10531622,0.527013,67837,1
1,10539577,0.527411,35303,0
1,10547574,0.527811,35832,0
1,10551889,0.528027,66750,1
1,10555570,0.528211,35148,0
1,10563567,0.528611,35350,0
1,10570693,0.528968,68618,1
1,10571564,0.529012,35228,0
1,10579560,0.529412,36641,0
1,10587557,0.529812,37029,0
1,10589869,0.529928,64421,1
1,10595554,0.530212,35802,0
1,10603550,0.530612,35978,0
1,10611547,0.531012,35715,0
1,10616084,0.531239,66064,1
1,10619544,0.531413,35410,0
1,10627540,0.531813,37448,0
1,10630794,0.531976,74850,1
1,10630795,0.531976,70187,1
1,10630796,0.531976,65721,1
1,10633017,0.532087,74981,1
1,10633018,0.532087,74815,1
1,10633019,0.532087,70208,1
1,10633020,0.532087,77837,1
1,10633021,0.532087,73343,1
1,10633022,0.532087,68880,1
1,10633023,0.532087,64257,1
1,10635537,0.532213,35569,0
1,10643534,0.532613,35702,0
1,10648301,0.532852,64381,1
1,10651530,0.533013,35913,0
1,10659527,0.533413,36128,0
1,10667523,0.533813,35368,0
1,10675520,0.534214,36762,0
1,10682834,0.53458,66240,1
1,10683517,0.534614,35148,0
1,10691513,0.535014,35621,0
1,10699510,0.535414,35805,0
1,10707507,0.535814,35315,0
1,10715503,0.536214,35750,0
1,10716523,0.536265,75328,1
1,10716524,0.536266,70928,1
1,10716525,0.536266,66212,1
1,10723500,0.536615,35440,0
1,10731497,0.537015,35318,0
1,10732033,0.537042,64631,1
1,10739493,0.537415,37221,0
1,10747490,0.537815,35964,0
1,10755487,0.538215,36507,0
1,10763483,0.538615,36663,0
1,10766153,0.538749,74023,1
1,10766154,0.538749,69551,1
1,10766155,0.538749,64901,1
1,10771480,0.539016,35465,0
1,10776089,0.539246,64804,1
1,10779113,0.539398,68311,1
1,10779476,0.539416,35977,0
1,10787473,0.539816,35798,0
1,10795470,0.540216,35881,0
1,10803466,0.540616,35552,0
1,10811463,0.541016,37639,0
1,10819460,0.541417,35208,0
1,10827456,0.541817,36515,0
1,10828898,0.541889,72985,1
1,10828899,0.541889,68358,1
1,10831676,0.542028,68393,1
1,10835453,0.542217,35460,0
1,10843450,0.542617,38824,0
1,10848314,0.54286,72192,1
1,10848315,0.54286,67499,1
1,10851446,0.543017,35175,0
1,10853782,0.543134,64739,1
1,10859443,0.543417,35297,0
1,10867440,0.543818,35876,0
1,10875436,0.544218,35721,0
1,10876753,0.544284,64376,1
1,10883433,0.544618,37130,0
1,10889965,0.544945,68692,1
1,10891430,0.545018,35798,0
1,10899426,0.545418,35534,0
1,10907423,0.545818,35389,0
1,10913063,0.546101,66945,1
1,10915419,0.546218,35662,0
1,10923416,0.546619,36584,0
1,10931413,0.547019,35378,0
1,10939409,0.547419,36509,0
1,10947406,0.547819,36203,0
1,10955403,0.548219,35270,0
1,10956839,0.548291,66135,1
1,10963399,0.548619,35278,0
1,10970512,0.548975,64655,1
1,10971396,0.54902,35541,0
1,10974608,0.54918,72423,1
1,10974609,0.54918,68105,1
1,10974629,0.549181,64432,1
1,10979393,0.54942,36827,0
1,10986441,0.549772,71632,1
1,10986442,0.549773,67054,1
1,10987389,0.54982,36139,0
1,10995386,0.55022,35835,0
1,11003383,0.55062,35246,0
1,11011379,0.55102,35827,0
1,11015831,0.551243,66415,1
1,11019376,0.551421,36083,0
1,11023650,0.551634,66197,1
1,11027372,0.551821,35820,0
1,11034992,0.552202,67072,1
1,11035369,0.552221,36249,0
1,11043366,0.552621,38174,0
1,11051362,0.553021,37899,0
1,11059359,0.553421,37140,0
1,11067356,0.553822,35265,0
1,11073815,0.554145,69593,1
1,11073816,0.554145,65185,1
1,11075352,0.554222,36312,0
1,11083349,0.554622,36392,0
1,11091346,0.555022,36371,0
1,11099342,0.555422,36052,0
1,11107339,0.555822,36480,0
1,11115336,0.556222,35498,0
1,11123332,0.556623,35458,0
1,11131329,0.557023,35417,0
1,11139326,0.557423,37396,0
1,11147322,0.557823,38554,0
1,11154326,0.558174,64652,1
1,11155158,0.558215,67861,1
1,11155319,0.558223,35282,0
1,11163315,0.558623,35727,0
1,11171312,0.559024,35380,0
1,11171573,0.559037,67978,1
1,11179309,0.559424,35280,0
1,11187305,0.559824,36432,0
1,11188886,0.559903,64812,1
1,11189817,0.55995,66342,1
1,11195302,0.560224,36089,0
1,11200772,0.560498,65831,1
1,11203299,0.560624,35365,0
1,11211295,0.561024,35967,0
1,11217011,0.56131,73645,1
1,11217012,0.56131,69054,1
1,11217013,0.561311,64688,1
1,11219292,0.561425,37633,0
1,11227289,0.561825,35749,0
1,11228553,0.561888,66133,1
1,11235285,0.562225,37931,0
1,11236719,0.562297,64819,1
1,11243282,0.562625,35415,0
1,11251279,0.563025,36435,0
1,11259275,0.563425,36094,0
1,11267272,0.563826,36944,0
1,11275268,0.564226,38058,0
1,11277944,0.56436,71178,1
1,11277945,0.56436,66609,1
1,11283265,0.564626,36279,0
1,11291262,0.565026,36861,0
1,11299258,0.565426,35609,0
1,11307255,0.565826,35429,0
1,11315252,0.566226,35640,0
1,11323248,0.566627,36809,0
1,11331245,0.567027,36707,0
1,11333517,0.56714,70222,1
1,11333518,0.567141,65842,1
1,11339242,0.567427,34655,0
1,11347238,0.567827,35415,0
1,11355235,0.568227,35043,0
1,11363232,0.568627,36491,0
1,11371228,0.569028,35343,0
1,11376855,0.569309,65374,1
1,11379225,0.569428,34713,0
1,11387221,0.569828,35642,0
1,11391931,0.570064,65765,1
1,11395218,0.570228,35857,0
1,11403215,0.570628,35653,0
1,11411211,0.571028,36609,0
1,11419208,0.571429,36155,0
1,11427205,0.571829,36610,0
1,11435201,0.572229,35773,0
1,11443198,0.572629,37938,0
1,11451195,0.573029,38014,0
1,11459191,0.573429,36349,0
1,11467188,0.57383,35789,0
1,11475185,0.57423,36542,0
1,11479452,0.574443,68666,1
1,11479453,0.574443,64185,1
1,11483181,0.57463,36730,0
1,11486345,0.574788,69060,1
1,11486346,0.574788,64638,1
1,11491178,0.57503,36697,0
1,11499175,0.57543,35900,0
1,11507171,0.57583,35887,0
1,11515168,0.57623,35767,0
1,11523164,0.576631,35319,0
1,11531161,0.577031,35668,0
1,11539158,0.577431,36399,0
1,11547154,0.577831,37418,0
1,11555151,0.578231,35634,0
1,11555363,0.578242,64805,1
1,11563148,0.578631,36695,0
1,11571144,0.579032,37718,0
1,11579141,0.579432,35880,0
1,11580981,0.579524,70947,1
1,11580982,0.579524,66287,1
1,11587138,0.579832,38229,0
1,11593412,0.580146,93174,1
1,11593413,0.580146,88598,1
1,11593414,0.580146,84047,1
1,11593415,0.580146,79306,1
1,11593416,0.580146,74780,1
1,11593417,0.580146,70414,1
1,11593418,0.580146,65815,1
1,11593426,0.580147,92423,1
1,11593427,0.580147,87723,1
1,11593428,0.580147,83137,1
1,11593429,0.580147,78689,1
1,11593430,0.580147,74154,1
1,11593431,0.580147,69610,1
1,11593432,0.580147,64989,1
1,11593440,0.580147,97727,1
1,11593441,0.580147,93149,1
1,11593442,0.580147,88555,1
1,11593443,0.580147,83986,1
1,11593444,0.580147,79288,1
1,11593445,0.580148,74862,1
1,11593446,0.580148,70354,1
1,11593447,0.580148,65578,1
1,11593452,0.580148,84690,1
1,11593453,0.580148,79950,1
1,11593454,0.580148,75674,1
1,11593455,0.580148,71146,1
1,11593456,0.580148,66470,1
1,11593512,0.580151,86498,1
1,11593513,0.580151,82154,1
1,11593514,0.580151,77837,1
1,11593515,0.580151,73318,1
1,11593516,0.580151,68541,1
1,11593524,0.580151,89025,1
1,11593525,0.580152,84415,1
1,11593526,0.580152,79830,1
1,11593527,0.580152,75362,1
1,11593528,0.580152,70911,1
1,11593529,0.580152,66205,1
1,11593537,0.580152,93263,1
1,11593538,0.580152,88619,1
1,11593539,0.580152,84198,1
1,11593540,0.580152,79505,1
1,11593541,0.580152,74888,1
1,11593542,0.580152,70357,1
1,11593543,0.580152,65706,1
1,11593551,0.580153,94321,1
1,11593552,0.580153,89893,1
1,11593553,0.580153,85185,1
1,11593554,0.580153,80677,1
1,11593555,0.580153,76042,1
1,11593556,0.580153,71508,1
1,11593557,0.580153,66878,1
1,11593565,0.580154,94377,1
1,11593566,0.580154,89807,1
1,11593567,0.580154,85232,1
1,11593568,0.580154,80728,1
1,11593569,0.580154,76140,1
1,11593570,0.580154,71604,1
1,11593571,0.580154,67312,1
1,11593579,0.580154,94075,1
1,11593580,0.580154,89741,1
1,11593581,0.580154,85219,1
1,11593582,0.580154,80579,1
1,11593583,0.580154,75859,1
1,11593584,0.580154,71257,1
1,11593585,0.580155,66705,1
1,11593593,0.580155,90073,1
1,11593594,0.580155,85390,1
1,11593595,0.580155,80994,1
1,11593596,0.580155,76213,1
1,11593597,0.580155,71668,1
1,11593598,0.580155,67028,1
1,11593606,0.580156,95819,1
1,11593607,0.580156,91096,1
1,11593608,0.580156,86515,1
1,11593609,0.580156,82108,1
1,11593610,0.580156,77605,1
1,11593611,0.580156,73033,1
1,11593612,0.580156,68504,1
1,11593620,0.580156,98959,1
1,11593621,0.580156,94321,1
1,11593622,0.580156,89744,1
1,11593623,0.580156,85310,1
1,11593624,0.580156,80625,1
1,11593625,0.580157,75916,1
1,11593626,0.580157,71344,1
1,11593627,0.580157,66570,1
1,11593635,0.580157,90066,1
1,11593636,0.580157,85596,1
1,11593637,0.580157,80936,1
1,11593638,0.580157,76443,1
1,11593639,0.580157,71696,1
1,11593640,0.580157,67156,1
1,11593648,0.580158,100271,1
1,11593649,0.580158,95760,1
1,11593650,0.580158,91135,1
1,11593651,0.580158,86437,1
1,11593652,0.580158,81899,1
1,11593653,0.580158,77430,1
1,11593654,0.580158,72879,1
1,11593655,0.580158,68181,1
1,11593662,0.580158,96991,1
1,11593663,0.580158,92327,1
1,11593664,0.580158,87707,1
1,11593665,0.580159,83296,1
1,11593666,0.580159,78761,1
1,11593667,0.580159,74098,1
1,11593668,0.580159,69504,1
1,11593669,0.580159,64899,1
1,11593677,0.580159,94749,1
1,11593678,0.580159,90148,1
1,11593679,0.580159,85761,1
1,11593680,0.580159,81153,1
1,11593681,0.580159,76587,1
1,11593682,0.580159,71852,1
1,11593683,0.580159,67229,1
1,11593691,0.58016,96582,1
1,11593692,0.58016,91821,1
1,11593693,0.58016,87407,1
1,11593694,0.58016,82952,1
1,11593695,0.58016,78425,1
1,11593696,0.58016,73811,1
1,11593697,0.58016,69195,1
1,11593698,0.58016,64502,1
1,11593705,0.580161,98036,1
1,11593706,0.580161,93532,1
1,11593707,0.580161,88994,1
1,11593708,0.580161,84263,1
1,11593709,0.580161,79656,1
1,11593710,0.580161,75062,1
1,11593711,0.580161,70495,1
1,11593712,0.580161,65878,1
1,11593717,0.580161,69268,1
1,11593718,0.580161,64737,1
1,11595134,0.580232,35841,0
1,11603131,0.580632,36953,0
1,11603981,0.580675,73996,1
1,11603982,0.580675,69186,1
1,11603983,0.580675,71359,1
1,11603984,0.580675,66698,1
1,11611128,0.581032,37199,0
1,11619124,0.581433,36085,0
1,11619995,0.581476,67283,1
1,11624805,0.581717,76881,1
1,11624806,0.581717,72207,1
1,11624807,0.581717,67670,1
1,11624814,0.581717,77726,1
1,11624815,0.581717,73070,1
1,11624816,0.581717,68661,1
1,11627121,0.581833,45007,0
1,11635117,0.582233,36600,0
1,11638708,0.582413,69707,1
1,11638709,0.582413,65263,1
1,11643114,0.582633,37428,0
1,11651111,0.583033,36546,0
1,11658883,0.583422,68552,1
1,11659107,0.583433,38712,0
1,11667104,0.583834,35710,0
1,11675101,0.584234,36689,0
1,11677994,0.584378,67732,1
1,11678528,0.584405,71123,1
1,11678529,0.584405,66435,1
1,11683097,0.584634,35785,0
1,11691094,0.585034,36740,0
1,11699091,0.585434,35421,0
1,11701831,0.585571,69232,1
1,11701832,0.585571,64715,1
1,11707087,0.585834,36937,0
1,11707254,0.585843,76454,1
1,11707255,0.585843,72009,1
1,11707256,0.585843,67400,1
1,11715084,0.586234,35730,0
1,11723081,0.586635,38441,0
1,11731077,0.587035,35037,0
1,11739074,0.587435,40397,0
1,11747071,0.587835,38265,0
1,11755067,0.588235,35011,0
1,11760397,0.588502,69812,1
1,11760398,0.588502,65465,1
1,11763064,0.588635,35192,0
1,11771060,0.589036,36054,0
1,11779057,0.589436,36448,0
1,11787054,0.589836,35982,0
1,11795050,0.590236,37433,0
1,11803047,0.590636,35344,0
1,11811044,0.591036,36574,0
1,11819040,0.591437,35708,0
1,11827037,0.591837,35932,0
1,11835034,0.592237,35302,0
1,11843030,0.592637,35399,0
1,11844842,0.592728,69024,1
1,11844843,0.592728,64543,1
1,11851027,0.593037,36707,0
1,11859024,0.593437,36046,0
1,11867020,0.593838,36928,0
1,11870598,0.594017,69199,1
1,11870599,0.594017,64562,1
1,11875017,0.594238,36819,0
1,11881053,0.59454,67020,1
1,11883013,0.594638,35135,0
1,11889344,0.594955,66720,1
1,11891010,0.595038,35580,0
1,11899007,0.595438,37301,0
1,11907003,0.595838,35598,0
1,11908608,0.595919,66925,1
1,11915000,0.596238,37501,0
1,11920024,0.59649,83395,1
1,11920025,0.59649,78849,1
1,11920026,0.59649,74353,1
1,11920027,0.59649,69694,1
1,11920028,0.59649,65063,1
1,11920036,0.59649,95729,1
1,11920037,0.596491,91214,1
1,11920038,0.596491,86660,1
1,11920039,0.596491,82036,1
1,11920040,0.596491,77309,1
1,11920041,0.596491,72776,1
1,11920042,0.596491,68203,1
1,11920049,0.596491,97728,1
1,11920050,0.596491,93160,1
1,11920051,0.596491,88627,1
1,11920052,0.596491,84040,1
1,11920053,0.596491,79454,1
1,11920054,0.596491,74798,1
1,11920055,0.596491,70303,1
1,11920056,0.596491,65557,1
1,11920064,0.596492,108420,1
1,11920065,0.596492,104110,1
1,11920066,0.596492,99474,1
1,11920067,0.596492,94927,1
1,11920068,0.596492,90204,1
1,11920069,0.596492,85769,1
1,11920070,0.596492,81157,1
1,11920071,0.596492,76533,1
1,11920072,0.596492,71967,1
1,11920073,0.596492,67383,1
1,11920079,0.596493,95470,1
1,11920080,0.596493,90969,1
1,11920081,0.596493,86397,1
1,11920082,0.596493,81716,1
1,11920083,0.596493,77110,1
1,11920084,0.596493,72569,1
1,11920085,0.596493,67815,1
1,11920093,0.596493,90998,1
1,11920094,0.596493,86373,1
1,11920095,0.596493,81890,1
1,11920096,0.596493,77198,1
1,11920097,0.596494,72659,1
1,11920098,0.596494,68148,1
1,11922997,0.596639,36201,0
1,11930993,0.597039,37661,0
1,11937489,0.597364,66282,1
1,11938990,0.597439,37509,0
1,11943061,0.597643,64674,1
1,11946987,0.597839,37001,0
1,11948721,0.597926,69838,1
1,11948722,0.597926,65317,1
1,11952059,0.598093,69077,1
1,11952060,0.598093,64841,1
1,11954983,0.598239,35971,0
1,11962980,0.598639,37365,0
1,11970977,0.59904,36867,0
1,11978973,0.59944,38509,0
1,11986970,0.59984,38019,0
1,11994966,0.60024,41289,0
1,12002963,0.60064,36307,0
1,12007060,0.600845,64380,1
1,12010960,0.60104,35132,0
1,12018956,0.601441,36228,0
1,12023317,0.601659,66991,1
1,12026953,0.601841,36013,0
1,12034950,0.602241,36656,0
1,12042946,0.602641,37511,0
1,12050943,0.603041,35667,0
1,12058193,0.603404,66052,1
1,12058940,0.603441,36458,0
1,12062191,0.603604,65989,1
1,12066936,0.603841,36244,0
1,12074933,0.604242,36491,0
1,12082930,0.604642,35539,0
1,12090926,0.605042,38044,0
1,12098923,0.605442,39171,0
1,12106920,0.605842,35729,0
1,12114916,0.606242,37260,0
1,12117250,0.606359,68615,1
1,12122913,0.606643,35880,0
1,12130909,0.607043,36106,0
1,12138906,0.607443,36839,0
1,12146903,0.607843,37341,0
1,12154899,0.608243,36392,0
1,12162896,0.608643,37636,0
1,12170893,0.609044,37285,0
1,12178889,0.609444,38823,0
1,12186886,0.609844,36408,0
1,12194883,0.610244,36350,0
1,12202879,0.610644,35760,0
1,12210876,0.611044,37351,0
1,12218873,0.611445,38627,0
1,12226869,0.611845,36450,0
1,12234866,0.612245,35843,0
1,12242862,0.612645,35028,0
1,12248105,0.612907,65074,1
1,12250859,0.613045,36598,0
1,12258856,0.613445,35991,0
1,12266656,0.613836,69747,1
1,12266657,0.613836,65402,1
1,12266852,0.613845,38296,0
1,12274594,0.614233,71219,1
1,12274595,0.614233,66735,1
1,12274849,0.614246,36004,0
1,12282846,0.614646,36050,0
1,12283416,0.614674,66626,1
1,12288181,0.614913,68590,1
1,12290842,0.615046,36650,0
1,12292138,0.615111,67373,1
1,12296219,0.615315,74077,1
1,12296220,0.615315,69309,1
1,12296221,0.615315,64911,1
1,12298839,0.615446,35802,0
1,12306836,0.615846,37602,0
1,12313857,0.616198,67916,1
1,12314832,0.616246,36005,0
1,12322330,0.616622,72972,1
1,12322331,0.616622,68564,1
1,12322829,0.616647,36825,0
1,12330826,0.617047,37040,0
1,12338822,0.617447,37320,0
1,12343476,0.61768,64836,1
1,12346819,0.617847,37288,0
1,12348221,0.617917,1889019,1
1,12348222,0.617917,1895327,1
1,12348223,0.617917,1890730,1
1,12348224,0.617917,1886040,1
1,12348225,0.617917,1881482,1
1,12348226,0.617918,1876974,1
1,12348227,0.617918,1872265,1
1,12348228,0.617918,1867771,1
1,12348229,0.617918,1863037,1
1,12348230,0.617918,1858512,1
1,12348231,0.617918,1854052,1
1,12348232,0.617918,1849353,1
1,12348233,0.617918,1848408,1
1,12348234,0.617918,1843810,1
1,12348235,0.617918,1839194,1
1,12348236,0.617918,1834778,1
1,12348237,0.617918,1832270,1
1,12348238,0.617918,1836499,1
1,12348239,0.617918,1831942,1
1,12348240,0.617918,1827272,1
1,12348241,0.617918,1822727,1
1,12348242,0.617918,1818215,1
1,12348243,0.617918,1813616,1
1,12348244,0.617918,1808908,1
1,12348245,0.617918,1804473,1
1,12348246,0.617919,1819513,1
1,12348247,0.617919,1815010,1
1,12348248,0.617919,1810515,1
1,12348249,0.617919,1805882,1
1,12348250,0.617919,1801227,1
1,12348251,0.617919,1796729,1
1,12348252,0.617919,1792149,1
1,12348253,0.617919,1787494,1
1,12348254,0.617919,1807371,1
1,12348255,0.617919,1802979,1
1,12348256,0.617919,1798565,1
1,12348257,0.617919,1793821,1
1,12348258,0.617919,1789217,1
1,12348259,0.617919,1784772,1
1,12348260,0.617919,1780256,1
1,12348261,0.617919,1775918,1
1,12348262,0.617919,1771389,1
1,12348263,0.617919,1766743,1
1,12348264,0.617919,1762194,1
1,12348265,0.617919,1757626,1
1,12348266,0.61792,1753345,1
1,12348267,0.61792,1748891,1
1,12348268,0.61792,1744265,1
1,12348269,0.61792,1739622,1
1,12348270,0.61792,1734982,1
1,12348271,0.61792,1730754,1
1,12348272,0.61792,1726107,1
1,12348273,0.61792,1721541,1
1,12348274,0.61792,1716896,1
1,12348275,0.61792,1712378,1
1,12348276,0.61792,1707814,1
1,12348277,0.61792,1703086,1
1,12348278,0.61792,1698556,1
1,12348279,0.61792,1694182,1
1,12348280,0.61792,1689534,1
1,12348281,0.61792,1684918,1
1,12348282,0.61792,1680214,1
1,12348283,0.61792,1675634,1
1,12348284,0.61792,1671480,1
1,12348285,0.61792,1667227,1
1,12348286,0.617921,1681898,1
1,12348287,0.617921,1677236,1
1,12348288,0.617921,1672967,1
1,12348289,0.617921,1668427,1
1,12348290,0.617921,1664096,1
1,12348291,0.617921,1659571,1
1,12348292,0.617921,1654896,1
1,12348293,0.617921,1650305,1
1,12348294,0.617921,1645748,1
1,12348295,0.617921,1641205,1
1,12348296,0.617921,1636951,1
1,12348297,0.617921,1632576,1
1,12348298,0.617921,1627935,1
1,12348299,0.617921,1623470,1
1,12348300,0.617921,1618988,1
1,12348301,0.617921,1614334,1
1,12348302,0.617921,1609939,1
1,12348303,0.617921,1605219,1
1,12348304,0.617921,1600672,1
1,12348305,0.617921,1596140,1
1,12348306,0.617922,1619489,1
1,12348307,0.617922,1615095,1
1,12348308,0.617922,1610686,1
1,12348309,0.617922,1606045,1
1,12348310,0.617922,1601376,1
1,12348311,0.617922,1596995,1
1,12348312,0.617922,1592308,1
1,12348313,0.617922,1587843,1
1,12348314,0.617922,1583268,1
1,12348315,0.617922,1578589,1
1,12348316,0.617922,1574244,1
1,12348317,0.617922,1569644,1
1,12348318,0.617922,1565061,1
1,12348319,0.617922,1560396,1
1,12348320,0.617922,1555894,1
1,12348321,0.617922,1551497,1
1,12348322,0.617922,1546965,1
1,12348323,0.617922,1542316,1
1,12348324,0.617922,1537692,1
1,12348325,0.617922,1533122,1
1,12348326,0.617923,1528607,1
1,12348327,0.617923,1523959,1
1,12348328,0.617923,1519568,1
1,12348329,0.617923,1514961,1
1,12348330,0.617923,1510348,1
1,12348331,0.617923,1505691,1
1,12348332,0.617923,1501304,1
1,12348333,0.617923,1496713,1
1,12348334,0.617923,1492030,1
1,12348335,0.617923,1487448,1
1,12348336,0.617923,1482778,1
1,12348337,0.617923,1478409,1
1,12348338,0.617923,1473875,1
1,12348339,0.617923,1469175,1
1,12348340,0.617923,1464653,1
1,12348341,0.617923,1460018,1
1,12348342,0.617923,1586754,1
1,12348343,0.617923,1582386,1
1,12348344,0.617923,1577842,1
1,12348345,0.617923,1573279,1
1,12348346,0.617924,1568714,1
1,12348347,0.617924,1564037,1
1,12348348,0.617924,1559694,1
1,12348349,0.617924,1555037,1
1,12348350,0.617924,1550342,1
1,12348351,0.617924,1545713,1
1,12348352,0.617924,1541241,1
1,12348353,0.617924,1536790,1
1,12348354,0.617924,1532197,1
1,12348355,0.617924,1527729,1
1,12348356,0.617924,1523172,1
1,12348357,0.617924,1518571,1
1,12348358,0.617924,1514040,1
1,12348359,0.617924,1509467,1
1,12348360,0.617924,1505101,1
1,12348361,0.617924,1500721,1
1,12348362,0.617924,1496096,1
1,12348363,0.617924,1491570,1
1,12348364,0.617924,1487186,1
1,12348365,0.617924,1482580,1
1,12348366,0.617925,1477878,1
1,12348367,0.617925,1473169,1
1,12348368,0.617925,1468675,1
1,12348369,0.617925,1464180,1
1,12348370,0.617925,1459569,1
1,12348371,0.617925,1454996,1
1,12348372,0.617925,1450445,1
1,12348373,0.617925,1446151,1
1,12348374,0.617925,1441680,1
1,12348375,0.617925,1437182,1
1,12348376,0.617925,1432745,1
1,12348377,0.617925,1428131,1
1,12348378,0.617925,1423494,1
1,12348379,0.617925,1418921,1
1,12348380,0.617925,1414396,1
1,12348381,0.617925,1410029,1
1,12348382,0.617925,1405500,1
1,12348383,0.617925,1400871,1
1,12348384,0.617925,1396228,1
1,12348385,0.617925,1391905,1
1,12348386,0.617926,1387437,1
1,12348387,0.617926,1382743,1
1,12348388,0.617926,1378338,1
1,12348389,0.617926,1373849,1
1,12348390,0.617926,1369261,1
1,12348391,0.617926,1364873,1
1,12348392,0.617926,1360294,1
1,12348393,0.617926,1355710,1
1,12348394,0.617926,1351053,1
1,12348395,0.617926,1346550,1
1,12348396,0.617926,1342292,1
1,12348397,0.617926,1337772,1
1,12348398,0.617926,1333247,1
1,12348399,0.617926,1328511,1
1,12348400,0.617926,1324177,1
1,12348401,0.617926,1319853,1
1,12348402,0.617926,1315479,1
1,12348403,0.617926,1310957,1
1,12348404,0.617926,1306472,1
1,12348405,0.617926,1302099,1
1,12348406,0.617927,1297559,1
1,12348407,0.617927,1292896,1
1,12348408,0.617927,1288507,1
1,12348409,0.617927,1283796,1
1,12348410,0.617927,1279453,1
1,12348411,0.617927,1274883,1
1,12348412,0.617927,1270249,1
1,12348413,0.617927,1265873,1
1,12348414,0.617927,1261276,1
1,12348415,0.617927,1256648,1
1,12348416,0.617927,1252260,1
1,12348417,0.617927,1247551,1
1,12348418,0.617927,1243118,1
1,12348419,0.617927,1238664,1
1,12348420,0.617927,1234270,1
1,12348421,0.617927,1229592,1
1,12348422,0.617927,1225036,1
1,12348423,0.617927,1220326,1
1,12348424,0.617927,1215750,1
1,12348425,0.617927,1211134,1
1,12348426,0.617928,1206615,1
1,12348427,0.617928,1202080,1
1,12348428,0.617928,1197521,1
1,12348429,0.617928,1193088,1
1,12348430,0.617928,1188578,1
1,12348431,0.617928,1183780,1
1,12348432,0.617928,1179342,1
1,12348433,0.617928,1174902,1
1,12348434,0.617928,1170512,1
1,12348435,0.617928,1166170,1
1,12348436,0.617928,1161526,1
1,12348437,0.617928,1156882,1
1,12348438,0.617928,1152266,1
1,12348439,0.617928,1147830,1
1,12348440,0.617928,1143348,1
1,12348441,0.617928,1138647,1
1,12348442,0.617928,1134099,1
1,12348443,0.617928,1129406,1
1,12348444,0.617928,1125106,1
1,12348445,0.617928,1120448,1
1,12348446,0.617929,1116044,1
1,12348447,0.617929,1111539,1
1,12348448,0.617929,1106948,1
1,12348449,0.617929,1102487,1
1,12348450,0.617929,1098013,1
1,12348451,0.617929,1093445,1
1,12348452,0.617929,1089078,1
1,12348453,0.617929,1084405,1
1,12348454,0.617929,1079725,1
1,12348455,0.617929,1075198,1
1,12348456,0.617929,1070567,1
1,12348457,0.617929,1065982,1
1,12348458,0.617929,1061985,1
1,12348459,0.617929,1057448,1
1,12348460,0.617929,1052737,1
1,12348461,0.617929,1048325,1
1,12348462,0.617929,1043603,1
1,12348463,0.617929,1039133,1
1,12348464,0.617929,1034939,1
1,12348465,0.617929,1030235,1
1,12348466,0.61793,1025661,1
1,12348467,0.61793,1021269,1
1,12348468,0.61793,1016928,1
1,12348469,0.61793,1012556,1
1,12348470,0.61793,1008064,1
1,12348471,0.61793,1003327,1
1,12348472,0.61793,998835,1
1,12348473,0.61793,994297,1
1,12348474,0.61793,989592,1
1,12348475,0.61793,985291,1
1,12348476,0.61793,980898,1
1,12348477,0.61793,976683,1
1,12348478,0.61793,972441,1
1,12348479,0.61793,968163,1
1,12348480,0.61793,963699,1
1,12348481,0.61793,959231,1
1,12348482,0.61793,954630,1
1,12348483,0.61793,949998,1
1,12348484,0.61793,945566,1
1,12348485,0.61793,940980,1
1,12348486,0.617931,936295,1
1,12348487,0.617931,931773,1
1,12348488,0.617931,927096,1
1,12348489,0.617931,922680,1
1,12348490,0.617931,918106,1
1,12348491,0.617931,913614,1
1,12348492,0.617931,908916,1
1,12348493,0.617931,904339,1
1,12348494,0.617931,899796,1
1,12348495,0.617931,895104,1
1,12348496,0.617931,890841,1
1,12348497,0.617931,886352,1
1,12348498,0.617931,881679,1
1,12348499,0.617931,877157,1
1,12348500,0.617931,872810,1
1,12348501,0.617931,868191,1
1,12348502,0.617931,863582,1
1,12348503,0.617931,859258,1
1,12348504,0.617931,854981,1
1,12348505,0.617931,850870,1
1,12348506,0.617932,846705,1
1,12348507,0.617932,842426,1
1,12348508,0.617932,838218,1
1,12348509,0.617932,833911,1
1,12348510,0.617932,829665,1
1,12348511,0.617932,825451,1
1,12348512,0.617932,821152,1
1,12348513,0.617932,816806,1
1,12348514,0.617932,812729,1
1,12348515,0.617932,808401,1
1,12348516,0.617932,803840,1
1,12348517,0.617932,799695,1
1,12348518,0.617932,795413,1
1,12348519,0.617932,791004,1
1,12348520,0.617932,786765,1
1,12348521,0.617932,782445,1
1,12348522,0.617932,778183,1
1,12348523,0.617932,773870,1
1,12348524,0.617932,769637,1
1,12348525,0.617932,765247,1
1,12348526,0.617933,760889,1
1,12348527,0.617933,756399,1
1,12348528,0.617933,751967,1
1,12348529,0.617933,747857,1
1,12348530,0.617933,743869,1
1,12348531,0.617933,739623,1
1,12348532,0.617933,735284,1
1,12348533,0.617933,731159,1
1,12348534,0.617933,726895,1
1,12348535,0.617933,722478,1
1,12348536,0.617933,718241,1
1,12348537,0.617933,713889,1
1,12348538,0.617933,709481,1
1,12348539,0.617933,705168,1
1,12348540,0.617933,700881,1
1,12348541,0.617933,696680,1
1,12348542,0.617933,692376,1
1,12348543,0.617933,687847,1
1,12348544,0.617933,683281,1
1,12348545,0.617933,679390,1
1,12348546,0.617934,675154,1
1,12348547,0.617934,670629,1
1,12348548,0.617934,666281,1
1,12348549,0.617934,661818,1
1,12348550,0.617934,657430,1
1,12348551,0.617934,653272,1
1,12348552,0.617934,648840,1
1,12348553,0.617934,644632,1
1,12348554,0.617934,640272,1
1,12348555,0.617934,635692,1
1,12348556,0.617934,631429,1
1,12348557,0.617934,627253,1
1,12348558,0.617934,623038,1
1,12348559,0.617934,618653,1
1,12348560,0.617934,614091,1
1,12348561,0.617934,610067,1
1,12348562,0.617934,605995,1
1,12348563,0.617934,601453,1
1,12348564,0.617934,597009,1
1,12348565,0.617934,592692,1
1,12348566,0.617935,588369,1
1,12348567,0.617935,583916,1
1,12348568,0.617935,579666,1
1,12348569,0.617935,575217,1
1,12348570,0.617935,570742,1
1,12348571,0.617935,566466,1
1,12348572,0.617935,562128,1
1,12348573,0.617935,557867,1
1,12348574,0.617935,553592,1
1,12348575,0.617935,549236,1
1,12348576,0.617935,544817,1
1,12348577,0.617935,540401,1
1,12348578,0.617935,536428,1
1,12348579,0.617935,532149,1
1,12348580,0.617935,527526,1
1,12348581,0.617935,523586,1
1,12348582,0.617935,519252,1
1,12348583,0.617935,514932,1
1,12348584,0.617935,510798,1
1,12348585,0.617935,506452,1
1,12348586,0.617936,502235,1
1,12348587,0.617936,497781,1
1,12348588,0.617936,493452,1
1,12348589,0.617936,489193,1
1,12348590,0.617936,484800,1
1,12348591,0.617936,480333,1
1,12348592,0.617936,475765,1
1,12348593,0.617936,471759,1
1,12348594,0.617936,467789,1
1,12348595,0.617936,463517,1
1,12348596,0.617936,459316,1
1,12348597,0.617936,455372,1
1,12348598,0.617936,451205,1
1,12348599,0.617936,446694,1
1,12348600,0.617936,442524,1
1,12348601,0.617936,438189,1
1,12348602,0.617936,433993,1
1,12348603,0.617936,429649,1
1,12348604,0.617936,425290,1
1,12348605,0.617936,421041,1
1,12348606,0.617937,416678,1
1,12348607,0.617937,412309,1
1,12348608,0.617937,407808,1
1,12348609,0.617937,403619,1
1,12348610,0.617937,399458,1
1,12348611,0.617937,395237,1
1,12348612,0.617937,390636,1
1,12348613,0.617937,385958,1
1,12348614,0.617937,381446,1
1,12348615,0.617937,377238,1
1,12348616,0.617937,372891,1
1,12348617,0.617937,368932,1
1,12348618,0.617937,364696,1
1,12348619,0.617937,360305,1
1,12348620,0.617937,356198,1
1,12348621,0.617937,351704,1
1,12348622,0.617937,346911,1
1,12348623,0.617937,342705,1
1,12348624,0.617937,338461,1
1,12348625,0.617937,334200,1
1,12348626,0.617938,329800,1
1,12348627,0.617938,325367,1
1,12348628,0.617938,321365,1
1,12348629,0.617938,317358,1
1,12348630,0.617938,313243,1
1,12348631,0.617938,308831,1
1,12348632,0.617938,304590,1
1,12348633,0.617938,300534,1
1,12348634,0.617938,296308,1
1,12348635,0.617938,292067,1
1,12348636,0.617938,287488,1
1,12348637,0.617938,283334,1
1,12348638,0.617938,279147,1
1,12348639,0.617938,274768,1
1,12348640,0.617938,270256,1
1,12348641,0.617938,266261,1
1,12348642,0.617938,261881,1
1,12348643,0.617938,257430,1
1,12348644,0.617938,252999,1
1,12348645,0.617938,248775,1
1,12348646,0.617939,244412,1
1,12348647,0.617939,239781,1
1,12348648,0.617939,234971,1
1,12348649,0.617939,230344,1
1,12348650,0.617939,225973,1
1,12348651,0.617939,221808,1
1,12348652,0.617939,217633,1
1,12348653,0.617939,213195,1
1,12348654,0.617939,208832,1
1,12348655,0.617939,204375,1
1,12348656,0.617939,200192,1
1,12348657,0.617939,195885,1
1,12348658,0.617939,191562,1
1,12348659,0.617939,187274,1
1,12348660,0.617939,182772,1
1,12348661,0.617939,178540,1
1,12348662,0.617939,174350,1
1,12348663,0.617939,170084,1
1,12348664,0.617939,165953,1
1,12348665,0.617939,161558,1
1,12348666,0.61794,157018,1
1,12348667,0.61794,152791,1
1,12348668,0.61794,148503,1
1,12348669,0.61794,144359,1
1,12348670,0.61794,140113,1
1,12348671,0.61794,135723,1
1,12348672,0.61794,131230,1
1,12348673,0.61794,127132,1
1,12348674,0.61794,122793,1
1,12348675,0.61794,118596,1
1,12348676,0.61794,114229,1
1,12348677,0.61794,109747,1
1,12348678,0.61794,105247,1
1,12348679,0.61794,101122,1
1,12348680,0.61794,96692,1
1,12348681,0.61794,92607,1
1,12348682,0.61794,88094,1
1,12348683,0.61794,83552,1
1,12348684,0.61794,79428,1
1,12348685,0.61794,75156,1
1,12348686,0.617941,70658,1
1,12348687,0.617941,66497,1
1,12352264,0.61812,65761,1
1,12354815,0.618247,37622,0
1,12359587,0.618486,70622,1
1,12359588,0.618486,66151,1
1,12362812,0.618647,36463,0
1,12366317,0.618823,65240,1
1,12370809,0.619048,35599,0
1,12378805,0.619448,36513,0
1,12386802,0.619848,36525,0
1,12389646,0.61999,67540,1
1,12394799,0.620248,36181,0
1,12402795,0.620648,35281,0
1,12410792,0.621048,35936,0
1,12418562,0.621437,66282,1
1,12418789,0.621449,37826,0
1,12426785,0.621849,36637,0
1,12434782,0.622249,36557,0
1,12442779,0.622649,37125,0
1,12443216,0.622671,64644,1
1,12450775,0.623049,36546,0
1,12458772,0.623449,35607,0
1,12461909,0.623606,80919,1
1,12461910,0.623606,76303,1
1,12461911,0.623606,71899,1
1,12461912,0.623606,67258,1
1,12464731,0.623748,69774,1
1,12464732,0.623748,65146,1
1,12466769,0.62385,35833,0
1,12474765,0.62425,35874,0
1,12482762,0.62465,36702,0
1,12490758,0.62505,37185,0
1,12498755,0.62545,35565,0
1,12506752,0.62585,36457,0
1,12513209,0.626173,66329,1
1,12514748,0.62625,36058,0
1,12516434,0.626335,65935,1
1,12522745,0.626651,37928,0
1,12530742,0.627051,35410,0
1,12538738,0.627451,36281,0
1,12546735,0.627851,35365,0
1,12554732,0.628251,36382,0
1,12562728,0.628651,38074,0
1,12570725,0.629052,35910,0
1,12578722,0.629452,38371,0
1,12586718,0.629852,36254,0
1,12594715,0.630252,35993,0
1,12602711,0.630652,35073,0
1,12610708,0.631052,35695,0
1,12618705,0.631453,37667,0
1,12626701,0.631853,35251,0
1,12628298,0.631933,72997,1
1,12628299,0.631933,68468,1
1,12634698,0.632253,36038,0
1,12642695,0.632653,35919,0
1,12650691,0.633053,35602,0
1,12653627,0.6332,68841,1
1,12653628,0.6332,64238,1
1,12658688,0.633453,36166,0
1,12666685,0.633854,36465,0
1,12674681,0.634254,35353,0
1,12682678,0.634654,36180,0
1,12690675,0.635054,37142,0
1,12698671,0.635454,35048,0
1,12706668,0.635854,37717,0
1,12714665,0.636255,37934,0
1,12714728,0.636258,71485,1
1,12714729,0.636258,67287,1
1,12716485,0.636346,65715,1
1,12717923,0.636418,85034,1
1,12717924,0.636418,80816,1
1,12717925,0.636418,76643,1
1,12717926,0.636418,72415,1
1,12717927,0.636418,67988,1
1,12722661,0.636655,36172,0
1,12722955,0.636669,72984,1
1,12722956,0.636669,68414,1
1,12730658,0.637055,36570,0
1,12731953,0.63712,65937,1
1,12738654,0.637455,35955,0
1,12746651,0.637855,35997,0
1,12754648,0.638255,36455,0
1,12762644,0.638655,36457,0
1,12764906,0.638769,65079,1
1,12770641,0.639056,39133,0
1,12778638,0.639456,35381,0
1,12786634,0.639856,35124,0
1,12794631,0.640256,37350,0
1,12798247,0.640437,64885,1
1,12800793,0.640564,68983,1
1,12800794,0.640564,64390,1
1,12802628,0.640656,35999,0
1,12803561,0.640703,64687,1
1,12810624,0.641056,35479,0
1,12817434,0.641397,64493,1
1,12818621,0.641457,39463,0
1,12826618,0.641857,37251,0
1,12828970,0.641974,68706,1
1,12828971,0.641974,64345,1
1,12834614,0.642257,35370,0
1,12837765,0.642415,73003,1
1,12837766,0.642415,68369,1
1,12842611,0.642657,37592,0
1,12850607,0.643057,35896,0
1,12851681,0.643111,72458,1
1,12851682,0.643111,67854,1
1,12858604,0.643457,36826,0
1,12866601,0.643858,35684,0
1,12874597,0.644258,35667,0
1,12877925,0.644424,68409,1
1,12882594,0.644658,37172,0
1,12883132,0.644685,64744,1
1,12890591,0.645058,36279,0
1,12898587,0.645458,36744,0
1,12904361,0.645747,67614,1
1,12906584,0.645858,36009,0
1,12909745,0.646016,107997,1
1,12909746,0.646017,103932,1
1,12909747,0.646017,99809,1
1,12909748,0.646017,95554,1
1,12909749,0.646017,91594,1
1,12909750,0.646017,87278,1
1,12909751,0.646017,82822,1
1,12909752,0.646017,78851,1
1,12909753,0.646017,74646,1
1,12909754,0.646017,70272,1
1,12909755,0.646017,66012,1
1,12914581,0.646258,37096,0
1,12922577,0.646659,36509,0
1,12930574,0.647059,36117,0
1,12937540,0.647407,69254,1
1,12937541,0.647407,64677,1
1,12938571,0.647459,36016,0
1,12939805,0.647521,68669,1
1,12939806,0.647521,77046,1
1,12939807,0.647521,72477,1
1,12939808,0.647521,67822,1
1,12946387,0.64785,71007,1
1,12946388,0.64785,66371,1
1,12946567,0.647859,37387,0
1,12949003,0.647981,72401,1
1,12949004,0.647981,67979,1
1,12952794,0.648171,68943,1
1,12952795,0.648171,64265,1
1,12954564,0.648259,38374,0
1,12962560,0.648659,35888,0
1,12963049,0.648684,67265,1
1,12965589,0.648811,81330,1
1,12965590,0.648811,76670,1
1,12965591,0.648811,72363,1
1,12965592,0.648811,67738,1
1,12965597,0.648811,66744,1
1,12965599,0.648811,72270,1
1,12965600,0.648812,67807,1
1,12970557,0.64906,37024,0
1,12978554,0.64946,35472,0
1,12986550,0.64986,36842,0
1,12986897,0.649877,65873,1
1,12991429,0.650104,66213,1
1,12994547,0.65026,36266,0
1,13002544,0.65066,36536,0
1,13006619,0.650864,69571,1
1,13006620,0.650864,64779,1
1,13010540,0.65106,37236,0
1,13018537,0.651461,35383,0
1,13019054,0.651486,72300,1
1,13019055,0.651486,67508,1
1,13026534,0.651861,37892,0
1,13027397,0.651904,64962,1
1,13034530,0.652261,36371,0
1,13035274,0.652298,67449,1
1,13037735,0.652421,65063,1
1,13040752,0.652572,78323,1
1,13040753,0.652572,73756,1
1,13040754,0.652572,69179,1
1,13040755,0.652572,64561,1
1,13042527,0.652661,35876,0
1,13050524,0.653061,36498,0
1,13058520,0.653461,35758,0
1,13066517,0.653862,37726,0
1,13074514,0.654262,36990,0
1,13075913,0.654332,70143,1
1,13075914,0.654332,65570,1
1,13082510,0.654662,36299,0
1,13090507,0.655062,35774,0
1,13098503,0.655462,36063,0
1,13106500,0.655862,35625,0
1,13106584,0.655867,69080,1
1,13106585,0.655867,64494,1
1,13114497,0.656262,36169,0
1,13122493,0.656663,36557,0
1,13130490,0.657063,35797,0
1,13134770,0.657277,70413,1
1,13134771,0.657277,65803,1
1,13138487,0.657463,35505,0
1,13146483,0.657863,35827,0
1,13154480,0.658263,36548,0
1,13162477,0.658663,36259,0
1,13170473,0.659064,35953,0
1,13178470,0.659464,36469,0
1,13186467,0.659864,35797,0
1,13188920,0.659987,69180,1
1,13188921,0.659987,64688,1
1,13194463,0.660264,36348,0
1,13200229,0.660553,65208,1
1,13202460,0.660664,36633,0
1,13206602,0.660872,65144,1
1,13209010,0.660992,71616,1
1,13209011,0.660992,67370,1
1,13210456,0.661064,36599,0
1,13213624,0.661223,64987,1
1,13218453,0.661465,35995,0
1,13226450,0.661865,36418,0
1,13232596,0.662172,67658,1
1,13234446,0.662265,35937,0
1,13242443,0.662665,36454,0
1,13250440,0.663065,36149,0
1,13258436,0.663465,37858,0
1,13266433,0.663866,35457,0
1,13274430,0.664266,36860,0
1,13282426,0.664666,36322,0
1,13290423,0.665066,35479,0
1,13298420,0.665466,37351,0
1,13306416,0.665866,36586,0
1,13314413,0.666266,35934,0
1,13322410,0.666667,35807,0
1,13330406,0.667067,38086,0
1,13338403,0.667467,35207,0
1,13346399,0.667867,36459,0
1,13347047,0.6679,65563,1
1,13354396,0.668267,35206,0
1,13362393,0.668667,36832,0
1,13368944,0.668995,65670,1
1,13370389,0.669068,35526,0
1,13378386,0.669468,38179,0
1,13380333,0.669565,70356,1
1,13380334,0.669565,65773,1
1,13386383,0.669868,35833,0
1,13394379,0.670268,36327,0
1,13402376,0.670668,35472,0
1,13410373,0.671068,35541,0
1,13418369,0.671469,36394,0
1,13426366,0.671869,35935,0
1,13428355,0.671968,65310,1
1,13434363,0.672269,36575,0
1,13442359,0.672669,36898,0
1,13450056,0.673054,67369,1
1,13450356,0.673069,35304,0
1,13451934,0.673148,64152,1
1,13458352,0.673469,36802,0
1,13466349,0.67387,37656,0
1,13474346,0.67427,36625,0
1,13482342,0.67467,36400,0
1,13490339,0.67507,35347,0
1,13498336,0.67547,36059,0
1,13506332,0.67587,36071,0
1,13514329,0.67627,36597,0
1,13517488,0.676429,65415,1
1,13522326,0.676671,36712,0
1,13530322,0.677071,39710,0
1,13538319,0.677471,36321,0
1,13546316,0.677871,38358,0
1,13554312,0.678271,36199,0
1,13562309,0.678671,35957,0
1,13563360,0.678724,67458,1
1,13570305,0.679072,35932,0
1,13578302,0.679472,35401,0
1,13582040,0.679659,85739,1
1,13582041,0.679659,81057,1
1,13582042,0.679659,76543,1
1,13582043,0.679659,71883,1
1,13582044,0.679659,67576,1
1,13582045,0.679659,97288,1
1,13582046,0.679659,96608,1
1,13582047,0.679659,103068,1
1,13582048,0.679659,98583,1
1,13582049,0.679659,94017,1
1,13582050,0.679659,89437,1
1,13582051,0.679659,85203,1
1,13582052,0.679659,80429,1
1,13582053,0.679659,75845,1
1,13582054,0.67966,71133,1
1,13582055,0.67966,66819,1
1,13586299,0.679872,37096,0
1,13588957,0.680005,71556,1
1,13588958,0.680005,67232,1
1,13588959,0.680005,112484,1
1,13588960,0.680005,107857,1
1,13588961,0.680005,103292,1
1,13588962,0.680005,98752,1
1,13588963,0.680005,93969,1
1,13588964,0.680005,89633,1
1,13588965,0.680005,85001,1
1,13588966,0.680005,84813,1
1,13588967,0.680005,83226,1
1,13588968,0.680005,78722,1
1,13588969,0.680006,79536,1
1,13588970,0.680006,81758,1
1,13588971,0.680006,77174,1
1,13588972,0.680006,72416,1
1,13588973,0.680006,67970,1
1,13588974,0.680006,69764,1
1,13588975,0.680006,65248,1
1,13594295,0.680272,37400,0
1,13602292,0.680672,35250,0
1,13602321,0.680674,66113,1
1,13610289,0.681072,35266,0
1,13612739,0.681195,68048,1
1,13612740,0.681195,77171,1
1,13612741,0.681195,72594,1
1,13612742,0.681195,68081,1
1,13616168,0.681367,72565,1
1,13616169,0.681367,68003,1
1,13618285,0.681473,36350,0
1,13619222,0.681519,73082,1
1,13619223,0.681519,68318,1
1,13626282,0.681873,35715,0
1,13626940,0.681906,85149,1
1,13626941,0.681906,80624,1
1,13626942,0.681906,75946,1
1,13626943,0.681906,71310,1
1,13626944,0.681906,66797,1
1,13634279,0.682273,39212,0
1,13642275,0.682673,35301,0
1,13650272,0.683073,36223,0
1,13658269,0.683473,37105,0
1,13662171,0.683669,65510,1
1,13666265,0.683874,35955,0
1,13674262,0.684274,36017,0
1,13682259,0.684674,36002,0
1,13690255,0.685074,37391,0
1,13698252,0.685474,37266,0
1,13706248,0.685874,35553,0
1,13714245,0.686274,35589,0
1,13716331,0.686379,69323,1
1,13716332,0.686379,64613,1
1,13722242,0.686675,36864,0
1,13730238,0.687075,37422,0
1,13737067,0.687417,66336,1
1,13738235,0.687475,37761,0
1,13746232,0.687875,35278,0
1,13754228,0.688275,37015,0
1,13759031,0.688516,64753,1
1,13762225,0.688675,36766,0
1,13765139,0.688821,66685,1
1,13767649,0.688947,65372,1
1,13770222,0.689076,35503,0
1,13778218,0.689476,36575,0
1,13780396,0.689585,66791,1
1,13786215,0.689876,35328,0
1,13794212,0.690276,35495,0
1,13802208,0.690676,36297,0
1,13810205,0.691076,38077,0
1,13818201,0.691477,36627,0
1,13826198,0.691877,37397,0
1,13829226,0.692028,64394,1
1,13834195,0.692277,35398,0
1,13840716,0.692603,65162,1
1,13842191,0.692677,36015,0
1,13850188,0.693077,35177,0
1,13855234,0.69333,79861,1
1,13855235,0.69333,75286,1
1,13855236,0.69333,70561,1
1,13855237,0.69333,66024,1
1,13858185,0.693477,36072,0
1,13858290,0.693483,68078,1
1,13860419,0.693589,64903,1
1,13866181,0.693878,35602,0
1,13874178,0.694278,47366,0
1,13878605,0.694499,68319,1
1,13882175,0.694678,36416,0
1,13890171,0.695078,37483,0
1,13898168,0.695478,37875,0
1,13906165,0.695878,36963,0
1,13913846,0.696263,68150,1
1,13914161,0.696278,36313,0
1,13918755,0.696508,65402,1
1,13922158,0.696679,36525,0
1,13930154,0.697079,36740,0
1,13932295,0.697186,65516,1
1,13938151,0.697479,36033,0
1,13943298,0.697737,68128,1
1,13946148,0.697879,37085,0
1,13954144,0.698279,35951,0
1,13962141,0.698679,35480,0
1,13970138,0.69908,35632,0
1,13978134,0.69948,35755,0
1,13986131,0.69988,35847,0
1,13994128,0.70028,38304,0
1,14002124,0.70068,36628,0
1,14010121,0.70108,36235,0
1,14018118,0.701481,38259,0
1,14025990,0.701875,69659,1
1,14025991,0.701875,65336,1
1,14026114,0.701881,36512,0
1,14030550,0.702103,65499,1
1,14034111,0.702281,38127,0
1,14039036,0.702527,64571,1
1,14042108,0.702681,35679,0
1,14050104,0.703081,37918,0
1,14050619,0.703107,64547,1
1,14058101,0.703481,36640,0
1,14061269,0.70364,69777,1
1,14061270,0.70364,65227,1
1,14066097,0.703882,37164,0
1,14074094,0.704282,37673,0
1,14082091,0.704682,35501,0
1,14090087,0.705082,36269,0
1,14098084,0.705482,36691,0
1,14106081,0.705882,36238,0
1,14108309,0.705994,64554,1
1,14111506,0.706154,79560,1
1,14111507,0.706154,75271,1
1,14111508,0.706154,70641,1
1,14111509,0.706154,65899,1
1,14114077,0.706282,35523,0
1,14117466,0.706452,65642,1
1,14122074,0.706683,37828,0
1,14130071,0.707083,37416,0
1,14136304,0.707395,87576,1
1,14136305,0.707395,83086,1
1,14136306,0.707395,78663,1
1,14136307,0.707395,74162,1
1,14136308,0.707395,69552,1
1,14136309,0.707395,66235,1
1,14136310,0.707395,68139,1
1,14138067,0.707483,35733,0
1,14146064,0.707883,36970,0
1,14146461,0.707903,76583,1
1,14146462,0.707903,72095,1
1,14146463,0.707903,67591,1
1,14146472,0.707904,94087,1
1,14146473,0.707904,89692,1
1,14146474,0.707904,85263,1
1,14146475,0.707904,80763,1
1,14146476,0.707904,76006,1
1,14146477,0.707904,71631,1
1,14146478,0.707904,67040,1
1,14146485,0.707904,73656,1
1,14146486,0.707904,69090,1
1,14146487,0.707904,64484,1
1,14146592,0.70791,66648,1
1,14147044,0.707932,64624,1
1,14147053,0.707933,87153,1
1,14147054,0.707933,82516,1
1,14147055,0.707933,77817,1
1,14147056,0.707933,73290,1
1,14147057,0.707933,68780,1
1,14147058,0.707933,64187,1
1,14147066,0.707933,87475,1
1,14147067,0.707933,82987,1
1,14147068,0.707933,78242,1
1,14147069,0.707933,73723,1
1,14147070,0.707933,69111,1
1,14147071,0.707934,64689,1
1,14147079,0.707934,79314,1
1,14147080,0.707934,74621,1
1,14147081,0.707934,70104,1
1,14147082,0.707934,65624,1
1,14147126,0.707936,86247,1
1,14147127,0.707936,81609,1
1,14147128,0.707936,76995,1
1,14147129,0.707936,72513,1
1,14147130,0.707936,68032,1
1,14147139,0.707937,82740,1
1,14147140,0.707937,78189,1
1,14147141,0.707937,73537,1
1,14147142,0.707937,69097,1
1,14147143,0.707937,64377,1
1,14147151,0.707938,89612,1
1,14147152,0.707938,84963,1
1,14147153,0.707938,80248,1
1,14147154,0.707938,75727,1
1,14147155,0.707938,71129,1
1,14147156,0.707938,66632,1
1,14147164,0.707938,91240,1
1,14147165,0.707938,86708,1
1,14147166,0.707938,82159,1
1,14147167,0.707938,77472,1
1,14147168,0.707938,73106,1
1,14147169,0.707938,68613,1
1,14147177,0.707939,101534,1
1,14147178,0.707939,96810,1
1,14147179,0.707939,92234,1
1,14147180,0.707939,87897,1
1,14147181,0.707939,83248,1
1,14147182,0.707939,78578,1
1,14147183,0.707939,74031,1
1,14147184,0.707939,69472,1
1,14147185,0.707939,64922,1
1,14147192,0.70794,96154,1
1,14147193,0.70794,91458,1
1,14147194,0.70794,86920,1
1,14147195,0.70794,82293,1
1,14147196,0.70794,77957,1
1,14147197,0.70794,73307,1
1,14147198,0.70794,68631,1
1,14147206,0.70794,94521,1
1,14147207,0.70794,89826,1
1,14147208,0.70794,85392,1
1,14147209,0.70794,81191,1
1,14147210,0.70794,76583,1
1,14147211,0.707941,72013,1
1,14147212,0.707941,67583,1
1,14147220,0.707941,93356,1
1,14147221,0.707941,88860,1
1,14147222,0.707941,84333,1
1,14147223,0.707941,79782,1
1,14147224,0.707941,75277,1
1,14147225,0.707941,70575,1
1,14147226,0.707941,65933,1
1,14147234,0.707942,95575,1
1,14147235,0.707942,91061,1
1,14147236,0.707942,86396,1
1,14147237,0.707942,81953,1
1,14147238,0.707942,77465,1
1,14147239,0.707942,72694,1
1,14147240,0.707942,68148,1
1,14147248,0.707942,104148,1
1,14147249,0.707942,99627,1
1,14147250,0.707942,94925,1
1,14147251,0.707943,90342,1
1,14147252,0.707943,85733,1
1,14147253,0.707943,81359,1
1,14147254,0.707943,76774,1
1,14147255,0.707943,72308,1
1,14147256,0.707943,67816,1
1,14147262,0.707943,94022,1
1,14147263,0.707943,89362,1
1,14147264,0.707943,84761,1
1,14147265,0.707943,80473,1
1,14147266,0.707943,75993,1
1,14147267,0.707943,71321,1
1,14147268,0.707943,66685,1
1,14147276,0.707944,91144,1
1,14147277,0.707944,86588,1
1,14147278,0.707944,82008,1
1,14147279,0.707944,77393,1
1,14147280,0.707944,72709,1
1,14147281,0.707944,68253,1
1,14147290,0.707944,93200,1
1,14147291,0.707945,88578,1
1,14147292,0.707945,83856,1
1,14147293,0.707945,79513,1
1,14147294,0.707945,74976,1
1,14147295,0.707945,70257,1
1,14147296,0.707945,65713,1
1,14147304,0.707945,97926,1
1,14147305,0.707945,93392,1
1,14147306,0.707945,88653,1
1,14147307,0.707945,83982,1
1,14147308,0.707945,79613,1
1,14147309,0.707945,74948,1
1,14147310,0.707945,70331,1
1,14147311,0.707946,65722,1
1,14147319,0.707946,94629,1
1,14147320,0.707946,89868,1
1,14147321,0.707946,85440,1
1,14147322,0.707946,80817,1
1,14147323,0.707946,76128,1
1,14147324,0.707946,71639,1
1,14147325,0.707946,67003,1
1,14147333,0.707947,95422,1
1,14147334,0.707947,90948,1
1,14147335,0.707947,86175,1
1,14147336,0.707947,81652,1
1,14147337,0.707947,77239,1
1,14147338,0.707947,72551,1
1,14147339,0.707947,67902,1
1,14147348,0.707947,95696,1
1,14147349,0.707947,91331,1
1,14147350,0.707947,86798,1
1,14147351,0.707948,82094,1
1,14147352,0.707948,77736,1
1,14147353,0.707948,73118,1
1,14147354,0.707948,68497,1
1,14147362,0.707948,95488,1
1,14147363,0.707948,90996,1
1,14147364,0.707948,86319,1
1,14147365,0.707948,81782,1
1,14147366,0.707948,77222,1
1,14147367,0.707948,72635,1
1,14147368,0.707948,68003,1
1,14147373,0.707949,72960,1
1,14147374,0.707949,68454,1
1,14154061,0.708283,35723,0
1,14162057,0.708683,35965,0
1,14170054,0.709084,36327,0
1,14171303,0.709146,71900,1
1,14171304,0.709146,67457,1
1,14178050,0.709484,39761,0
1,14186047,0.709884,35857,0
1,14194044,0.710284,38483,0
1,14195570,0.71036,67779,1
1,14202040,0.710684,37812,0
1,14202128,0.710689,64554,1
1,14210037,0.711084,37474,0
1,14218034,0.711485,35957,0
1,14226030,0.711885,37641,0
1,14227205,0.711944,71149,1
1,14227206,0.711944,66678,1
1,14234027,0.712285,35624,0
1,14238038,0.712486,68335,1
1,14240716,0.71262,65241,1
1,14242024,0.712685,36188,0
1,14250020,0.713085,36633,0
1,14258017,0.713485,36771,0
1,14266014,0.713886,37160,0
1,14266278,0.713899,68268,1
1,14266279,0.713899,64242,1
1,14274010,0.714286,38906,0
1,14282007,0.714686,35145,0
1,14284044,0.714788,72144,1
1,14284045,0.714788,67909,1
1,14286439,0.714908,68233,1
1,14287133,0.714942,64337,1
1,14290004,0.715086,36112,0
1,14298000,0.715486,37778,0
1,14301184,0.715645,64871,1
1,14305997,0.715886,36256,0
1,14313993,0.716286,36264,0
1,14321990,0.716687,36482,0
1,14329987,0.717087,36620,0
1,14337983,0.717487,35882,0
1,14345980,0.717887,35238,0
1,14347766,0.717977,64368,1
1,14352459,0.718211,81777,1
1,14352460,0.718211,77320,1
1,14352461,0.718211,72657,1
1,14352462,0.718211,68090,1
1,14353977,0.718287,35374,0
1,14356494,0.718413,64759,1
1,14361973,0.718687,35966,0
1,14364818,0.71883,71777,1
1,14364819,0.71883,67346,1
1,14369970,0.719088,36713,0
1,14377967,0.719488,36216,0
1,14385963,0.719888,39005,0
1,14393960,0.720288,37603,0
1,14395681,0.720374,68760,1
1,14395682,0.720374,64276,1
1,14401957,0.720688,35970,0
1,14409953,0.721088,36623,0
1,14417950,0.721489,36214,0
1,14425946,0.721889,36854,0
1,14430789,0.722131,65739,1
1,14433943,0.722289,36547,0
1,14441940,0.722689,35941,0
1,14449936,0.723089,36310,0
1,14455778,0.723382,71448,1
1,14455779,0.723382,66847,1
1,14457933,0.723489,35758,0
1,14461226,0.723654,72680,1
1,14461227,0.723654,67995,1
1,14465930,0.72389,36509,0
1,14473926,0.72429,40055,0
1,14481923,0.72469,36933,0
1,14489920,0.72509,36316,0
1,14493141,0.725251,64833,1
1,14497916,0.72549,35430,0
1,14505076,0.725848,69002,1
1,14505077,0.725849,64446,1
1,14505913,0.72589,36976,0
1,14513910,0.726291,36220,0
1,14521436,0.726667,74103,1
1,14521437,0.726667,69469,1
1,14521438,0.726667,64827,1
1,14521906,0.726691,35512,0
1,14529903,0.727091,35305,0
1,14529942,0.727093,68775,1
1,14529943,0.727093,64444,1
1,14537899,0.727491,34970,0
1,14545896,0.727891,36349,0
1,14552184,0.728206,67480,1
1,14553893,0.728291,37172,0
1,14561889,0.728691,37395,0
1,14569886,0.729092,35914,0
1,14577883,0.729492,35867,0
1,14585879,0.729892,35126,0
1,14593876,0.730292,36749,0
1,14597234,0.73046,68100,1
1,14601873,0.730692,37727,0
1,14609869,0.731092,35839,0
1,14614150,0.731307,65845,1
1,14617866,0.731493,36820,0
1,14625863,0.731893,35796,0
1,14633859,0.732293,38145,0
1,14637833,0.732492,64497,1
1,14641856,0.732693,38348,0
1,14645101,0.732855,67129,1
1,14647651,0.732983,68809,1
1,14647652,0.732983,64274,1
1,14649853,0.733093,36022,0
1,14655846,0.733393,69465,1
1,14655847,0.733393,64739,1
1,14657849,0.733493,38805,0
1,14660315,0.733617,67965,1
1,14665846,0.733894,36154,0
1,14673842,0.734294,36890,0
1,14674124,0.734308,82156,1
1,14674125,0.734308,77636,1
1,14674126,0.734308,73034,1
1,14674127,0.734308,68607,1
1,14681839,0.734694,36225,0
1,14686274,0.734916,72923,1
1,14686275,0.734916,68338,1
1,14688941,0.735049,64528,1
1,14689836,0.735094,36178,0
1,14691161,0.73516,71965,1
1,14691162,0.73516,67271,1
1,14692841,0.735244,65172,1
1,14697832,0.735494,35615,0
1,14705829,0.735894,36349,0
1,14713826,0.736295,37945,0
1,14721822,0.736695,36686,0
1,14729819,0.737095,37493,0
1,14737816,0.737495,37085,0
1,14739152,0.737562,67947,1
1,14745812,0.737895,36860,0
1,14752010,0.738205,64263,1
1,14752011,0.738205,64567,1
1,14752014,0.738205,64203,1
1,14753809,0.738295,36789,0
1,14761806,0.738695,36563,0
1,14769802,0.739096,36084,0
1,14774618,0.739337,64722,1
1,14777799,0.739496,36264,0
1,14785795,0.739896,37249,0
1,14791664,0.74019,65692,1
1,14793089,0.740261,68599,1
1,14793792,0.740296,36047,0
1,14799488,0.740581,75627,1
1,14799489,0.740581,71253,1
1,14799490,0.740581,66972,1
1,14801789,0.740696,36228,0
1,14809785,0.741096,37422,0
1,14817782,0.741497,35767,0
1,14825779,0.741897,38540,0
1,14830112,0.742114,65638,1
1,14833775,0.742297,35452,0
1,14837397,0.742478,66991,1
1,14841772,0.742697,37519,0
1,14849229,0.74307,70901,1
1,14849230,0.74307,66404,1
1,14849769,0.743097,35561,0
1,14857765,0.743497,36440,0
1,14858566,0.743537,70286,1
1,14858567,0.743537,65707,1
1,14865762,0.743898,39975,0
1,14873759,0.744298,36030,0
1,14881755,0.744698,35496,0
1,14889431,0.745082,67892,1
1,14889752,0.745098,39475,0
1,14896774,0.745449,69051,1
1,14896775,0.745449,64605,1
1,14897748,0.745498,35495,0
1,14905745,0.745898,38239,0
1,14913742,0.746299,36748,0
1,14921738,0.746699,36485,0
1,14924175,0.746821,64818,1
1,14929735,0.747099,35254,0
1,14937732,0.747499,37234,0
1,14945728,0.747899,37573,0
1,14953725,0.748299,37078,0
1,14961722,0.748699,35332,0
1,14969718,0.7491,36010,0
1,14977715,0.7495,36953,0
1,14980616,0.749645,67974,1
1,14985712,0.7499,35807,0
1,14988340,0.750031,64378,1
1,14993708,0.7503,35318,0
1,15001705,0.7507,35482,0
1,15009702,0.7511,38412,0
1,15013055,0.751268,64881,1
1,15017698,0.751501,35474,0
1,15025695,0.751901,36849,0
1,15033691,0.752301,35407,0
1,15035694,0.752401,71930,1
1,15035695,0.752401,67189,1
1,15041688,0.752701,34950,0
1,15049685,0.753101,36532,0
1,15057681,0.753501,36865,0
1,15060385,0.753637,65531,1
1,15065678,0.753902,36214,0
1,15073074,0.754272,66050,1
1,15073675,0.754302,35250,0
1,15081671,0.754702,36448,0
1,15089109,0.755074,64618,1
1,15089668,0.755102,36467,0
1,15097665,0.755502,38172,0
1,15105661,0.755902,35046,0
1,15113658,0.756303,35844,0
1,15120403,0.75664,66394,1
1,15121655,0.756703,36606,0
1,15129651,0.757103,38283,0
1,15137648,0.757503,36059,0
1,15145644,0.757903,36640,0
1,15153641,0.758303,37430,0
1,15161638,0.758703,36666,0
1,15169634,0.759104,37730,0
1,15177631,0.759504,35975,0
1,15185628,0.759904,37063,0
1,15186614,0.759953,64374,1
1,15192821,0.760264,66674,1
1,15192840,0.760265,64453,1
1,15193624,0.760304,37694,0
1,15201621,0.760704,35701,0
1,15209618,0.761104,36877,0
1,15217614,0.761505,42177,0
1,15219515,0.7616,68000,1
1,15221247,0.761686,67767,1
1,15225611,0.761905,36466,0
1,15233608,0.762305,36284,0
1,15241604,0.762705,35505,0
1,15249601,0.763105,35392,0
1,15257598,0.763505,36949,0
1,15265594,0.763906,36970,0
1,15268512,0.764052,64350,1
1,15273591,0.764306,37127,0
1,15281587,0.764706,35690,0
1,15287129,0.764983,69089,1
1,15287130,0.764983,64405,1
1,15289584,0.765106,35559,0
1,15290148,0.765134,64567,1
1,15297581,0.765506,35744,0
1,15305577,0.765906,35959,0
1,15313574,0.766306,36164,0
1,15321571,0.766707,35465,0
1,15329567,0.767107,37099,0
1,15337564,0.767507,38243,0
1,15345561,0.767907,36727,0
1,15353557,0.768307,36302,0
1,15361554,0.768707,35555,0
1,15369551,0.769108,39393,0
1,15377547,0.769508,38683,0
1,15385544,0.769908,35210,0
1,15393540,0.770308,35832,0
1,15401537,0.770708,39183,0
1,15409534,0.771108,35789,0
1,15409579,0.771111,64765,1
1,15417530,0.771509,37761,0
1,15425527,0.771909,37343,0
1,15430219,0.772144,64940,1
1,15430220,0.772144,64464,1
1,15430221,0.772144,65127,1
1,15430222,0.772144,66076,1
1,15430223,0.772144,66693,1
1,15430224,0.772144,67681,1
1,15430225,0.772144,65246,1
1,15430227,0.772144,64944,1
1,15433524,0.772309,36392,0
1,15437564,0.772511,75036,1
1,15437565,0.772511,70593,1
1,15437566,0.772511,65994,1
1,15441520,0.772709,36141,0
1,15449517,0.773109,37868,0
1,15457514,0.773509,38494,0
1,15465510,0.77391,36178,0
1,15473507,0.77431,35656,0
1,15474905,0.77438,65910,1
1,15481504,0.77471,36482,0
1,15483816,0.774826,68108,1
1,15489500,0.77511,37479,0
1,15497497,0.77551,36975,0
1,15505493,0.77591,37753,0
1,15510559,0.776164,64676,1
1,15513490,0.77631,35720,0
1,15521487,0.776711,35725,0
1,15529483,0.777111,35650,0
1,15537480,0.777511,38157,0
1,15540499,0.777662,64716,1
1,15545477,0.777911,35871,0
1,15547533,0.778014,64658,1
1,15552555,0.778265,68702,1
1,15553473,0.778311,36332,0
1,15555815,0.778428,64629,1
1,15561470,0.778711,37078,0
1,15564475,0.778862,64872,1
1,15569467,0.779112,35197,0
1,15577463,0.779512,38122,0
1,15585460,0.779912,37391,0
1,15593457,0.780312,35405,0
1,15601453,0.780712,36868,0
1,15609450,0.781112,36796,0
1,15611425,0.781211,70276,1
1,15611426,0.781211,72708,1
1,15611427,0.781211,78154,1
1,15611428,0.781211,73622,1
1,15611429,0.781211,68983,1
1,15611430,0.781212,64583,1
1,15617447,0.781513,36929,0
1,15625443,0.781913,36095,0
1,15631444,0.782213,155204,1
1,15631445,0.782213,155860,1
1,15631446,0.782213,151274,1
1,15631447,0.782213,146715,1
1,15631448,0.782213,142087,1
1,15631449,0.782213,137736,1
1,15631450,0.782213,157560,1
1,15631451,0.782213,153046,1
1,15631452,0.782213,148360,1
1,15631453,0.782213,143749,1
1,15631454,0.782214,139310,1
1,15631455,0.782214,134858,1
1,15631456,0.782214,130267,1
1,15631457,0.782214,125673,1
1,15631458,0.782214,121087,1
1,15631459,0.782214,116544,1
1,15631460,0.782214,111970,1
1,15631461,0.782214,107550,1
1,15631462,0.782214,102859,1
1,15631463,0.782214,98434,1
1,15631464,0.782214,93731,1
1,15631465,0.782214,89165,1
1,15631466,0.782214,84992,1
1,15631467,0.782214,80661,1
1,15631468,0.782214,75871,1
1,15631469,0.782214,71472,1
1,15631470,0.782214,66935,1
1,15633440,0.782313,35034,0
1,15641436,0.782713,36250,0
1,15649433,0.783113,35489,0
1,15657430,0.783513,36389,0
1,15665426,0.783914,36372,0
1,15673423,0.784314,36022,0
1,15681420,0.784714,37049,0
1,15687295,0.785008,64858,1
1,15689416,0.785114,36329,0
1,15697413,0.785514,36650,0
1,15705410,0.785914,38929,0
1,15713406,0.786314,35161,0
1,15721403,0.786715,35909,0
1,15729400,0.787115,38995,0
1,15737396,0.787515,37568,0
1,15745393,0.787915,35285,0
1,15753389,0.788315,35554,0
1,15761386,0.788715,35256,0
1,15769383,0.789116,34877,0
1,15777379,0.789516,36205,0
1,15779077,0.789601,66129,1
1,15785376,0.789916,37797,0
1,15793373,0.790316,37485,0
1,15801369,0.790716,36432,0
1,15809366,0.791116,36627,0
1,15817363,0.791517,34886,0
1,15825359,0.791917,38890,0
1,15828884,0.792093,76357,1
1,15828885,0.792093,79319,1
1,15828886,0.792093,74666,1
1,15828887,0.792093,70301,1
1,15828888,0.792093,65749,1
1,15833356,0.792317,35943,0
1,15841353,0.792717,35378,0
1,15849349,0.793117,35882,0
1,15857346,0.793517,36843,0
1,15865343,0.793918,37188,0
1,15873339,0.794318,35074,0
1,15880018,0.794652,65394,1
1,15881336,0.794718,36626,0
1,15889332,0.795118,35378,0
1,15895260,0.795415,64703,1
1,15897329,0.795518,36630,0
1,15905326,0.795918,35940,0
1,15913322,0.796318,35110,0
1,15921319,0.796719,36361,0
1,15929316,0.797119,35169,0
1,15937312,0.797519,35466,0
1,15939080,0.797607,69157,1
1,15939081,0.797607,64766,1
1,15945309,0.797919,36202,0
1,15953306,0.798319,37266,0
1,15961302,0.798719,35561,0
1,15967217,0.799015,71047,1
1,15967218,0.799015,66647,1
1,15969299,0.79912,36754,0
1,15977296,0.79952,35702,0
1,15981277,0.799719,66652,1
1,15985292,0.79992,36416,0
1,15993289,0.80032,39583,0
1,15999465,0.800629,68657,1
1,16001285,0.80072,35880,0
1,16005064,0.800909,67495,1
1,16006329,0.800973,66311,1
1,16009282,0.80112,36490,0
1,16017279,0.801521,37333,0
1,16025275,0.801921,37269,0
1,16028073,0.802061,70854,1
1,16028074,0.802061,66250,1
1,16033272,0.802321,35454,0
1,16041269,0.802721,35653,0
1,16049265,0.803121,36285,0
1,16057262,0.803521,38759,0
1,16065259,0.803922,36036,0
1,16073255,0.804322,35841,0
1,16081252,0.804722,36904,0
1,16081973,0.804758,65774,1
1,16081980,0.804758,88499,1
1,16081981,0.804758,83939,1
1,16081982,0.804758,79336,1
1,16081983,0.804758,74864,1
1,16081984,0.804758,70389,1
1,16081985,0.804759,65687,1
1,16081993,0.804759,101295,1
1,16081994,0.804759,96693,1
1,16081995,0.804759,92223,1
1,16081996,0.804759,87690,1
1,16081997,0.804759,83023,1
1,16081998,0.804759,78438,1
1,16081999,0.804759,73796,1
1,16082000,0.804759,69277,1
1,16082001,0.804759,64679,1
1,16082006,0.80476,84495,1
1,16082007,0.80476,80130,1
1,16082008,0.80476,75539,1
1,16082009,0.80476,70904,1
1,16082010,0.80476,66294,1
1,16082016,0.80476,69536,1
1,16082017,0.80476,64954,1
1,16082023,0.80476,83801,1
1,16082024,0.804761,79280,1
1,16082025,0.804761,74612,1
1,16082026,0.804761,70194,1
1,16082027,0.804761,65504,1
1,16082032,0.804761,83891,1
1,16082033,0.804761,79344,1
1,16082034,0.804761,74784,1
1,16082035,0.804761,70106,1
1,16082036,0.804761,65622,1
1,16082041,0.804761,77799,1
1,16082042,0.804761,73467,1
1,16082043,0.804761,69032,1
1,16082044,0.804762,64262,1
1,16082049,0.804762,84963,1
1,16082050,0.804762,80264,1
1,16082051,0.804762,75763,1
1,16082052,0.804762,71345,1
1,16082053,0.804762,66701,1
1,16082058,0.804762,64592,1
1,16089249,0.805122,35698,0
1,16097245,0.805522,36376,0
1,16105242,0.805922,36350,0
1,16111724,0.806247,67264,1
1,16113238,0.806322,36419,0
1,16121235,0.806723,36433,0
1,16129232,0.807123,34637,0
1,16137228,0.807523,37541,0
1,16145225,0.807923,37055,0
1,16153222,0.808323,35834,0
1,16161218,0.808723,36919,0
1,16169215,0.809124,36684,0
1,16171249,0.809225,64343,1
1,16177212,0.809524,35982,0
1,16185208,0.809924,37611,0
1,16193205,0.810324,36209,0
1,16201202,0.810724,36805,0
1,16209198,0.811124,36019,0
1,16217195,0.811525,35806,0
1,16220821,0.811706,66689,1
1,16225192,0.811925,35742,0
1,16233188,0.812325,37478,0
1,16241185,0.812725,38317,0
1,16241753,0.812753,67149,1
1,16245460,0.812939,75754,1
1,16245461,0.812939,71285,1
1,16245462,0.812939,66714,1
1,16249181,0.813125,35591,0
1,16257178,0.813525,35819,0
1,16265175,0.813926,38813,0
1,16273171,0.814326,37729,0
1,16281168,0.814726,36449,0
1,16289165,0.815126,36641,0
1,16293394,0.815338,68035,1
1,16297161,0.815526,37428,0
1,16305158,0.815926,35374,0
1,16312511,0.816294,64776,1
1,16313155,0.816327,35185,0
1,16321151,0.816727,35298,0
1,16324479,0.816893,67697,1
1,16329148,0.817127,35516,0
1,16331651,0.817252,67225,1
1,16337145,0.817527,36640,0
1,16339380,0.817639,68530,1
1,16339381,0.817639,64215,1
1,16343323,0.817836,64905,1
1,16345141,0.817927,35229,0
1,16353138,0.818327,35426,0
1,16357634,0.818552,66027,1
1,16360320,0.818687,257308,1
1,16360321,0.818687,253404,1
1,16360322,0.818687,249221,1
1,16360323,0.818687,245080,1
1,16360324,0.818687,240874,1
1,16360325,0.818687,236571,1
1,16360326,0.818687,232311,1
1,16360327,0.818687,228294,1
1,16360328,0.818687,224040,1
1,16360329,0.818687,219834,1
1,16360330,0.818687,215601,1
1,16360331,0.818687,211234,1
1,16360332,0.818687,207022,1
1,16360333,0.818687,202640,1
1,16360334,0.818687,198285,1
1,16360335,0.818687,194306,1
1,16360336,0.818688,190739,1
1,16360337,0.818688,186507,1
1,16360338,0.818688,182219,1
1,16360339,0.818688,177777,1
1,16360340,0.818688,173773,1
1,16360341,0.818688,169483,1
1,16360342,0.818688,165176,1
1,16360343,0.818688,160810,1
1,16360344,0.818688,159710,1
1,16360345,0.818688,155568,1
1,16360346,0.818688,151529,1
1,16360347,0.818688,147417,1
1,16360348,0.818688,143235,1
1,16360349,0.818688,139134,1
1,16360350,0.818688,134942,1
1,16360351,0.818688,130584,1
1,16360352,0.818688,129934,1
1,16360353,0.818688,125673,1
1,16360354,0.818688,121646,1
1,16360355,0.818688,117427,1
1,16360356,0.818689,113235,1
1,16360357,0.818689,108929,1
1,16360358,0.818689,104691,1
1,16360359,0.818689,100470,1
1,16360360,0.818689,99035,1
1,16360361,0.818689,94881,1
1,16360362,0.818689,90564,1
1,16360363,0.818689,86487,1
1,16360364,0.818689,82289,1
1,16360365,0.818689,78286,1
1,16360366,0.818689,74166,1
1,16360367,0.818689,69996,1
1,16360368,0.818689,65799,1
1,16361134,0.818727,35747,0
1,16369131,0.819128,37216,0
1,16376747,0.819509,66496,1
1,16377128,0.819528,35768,0
1,16382205,0.819782,68733,1
1,16385124,0.819928,36200,0
1,16393121,0.820328,38044,0
1,16401118,0.820728,45983,0
1,16409114,0.821128,37234,0
1,16413542,0.82135,66494,1
1,16417111,0.821529,38230,0
1,16419337,0.82164,65701,1
1,16425108,0.821929,38602,0
1,16426433,0.821995,69675,1
1,16426434,0.821995,65165,1
1,16433104,0.822329,35728,0
1,16438140,0.822581,70221,1
1,16438141,0.822581,65648,1
1,16441101,0.822729,35551,0
1,16445735,0.822961,65061,1
1,16449098,0.823129,35584,0
1,16455401,0.823445,65829,1
1,16457094,0.823529,36159,0
1,16460053,0.823677,70529,1
1,16460054,0.823677,66446,1
1,16465091,0.82393,36994,0
1,16467300,0.82404,68349,1
1,16473087,0.82433,39141,0
1,16481084,0.82473,39176,0
1,16489081,0.82513,38068,0
1,16495133,0.825433,70726,1
1,16495134,0.825433,73662,1
1,16495135,0.825433,69309,1
1,16495136,0.825433,64601,1
1,16497077,0.82553,35597,0
1,16505074,0.82593,35977,0
1,16509300,0.826142,72720,1
1,16509301,0.826142,68200,1
1,16513071,0.826331,35679,0
1,16521067,0.826731,35091,0
1,16529064,0.827131,36535,0
1,16536422,0.827499,64323,1
1,16537061,0.827531,36085,0
1,16545057,0.827931,36188,0
1,16550119,0.828184,64479,1
1,16551541,0.828256,64818,1
1,16553054,0.828331,37498,0
1,16561051,0.828731,35708,0
1,16569047,0.829132,36254,0
1,16577044,0.829532,34645,0
1,16580584,0.829709,68668,1
1,16585041,0.829932,35634,0
1,16585845,0.829972,65022,1
1,16593037,0.830332,37201,0
1,16601034,0.830732,37463,0
1,16609030,0.831132,35598,0
1,16617027,0.831533,35066,0
1,16625024,0.831933,35956,0
1,16633020,0.832333,36605,0
1,16641017,0.832733,36331,0
1,16645704,0.832968,64882,1
1,16649014,0.833133,34804,0
1,16657010,0.833533,35025,0
1,16665007,0.833934,36350,0
1,16669518,0.834159,70931,1
1,16669519,0.834159,66367,1
1,16669520,0.834159,65057,1
1,16673004,0.834334,36611,0
1,16681000,0.834734,36296,0
1,16682882,0.834828,66199,1
1,16684182,0.834893,64479,1
1,16688997,0.835134,36770,0
1,16696994,0.835534,34969,0
1,16698459,0.835608,73194,1
1,16698460,0.835608,68484,1
1,16701377,0.835754,65964,1
1,16704990,0.835934,35839,0
1,16712987,0.836335,37046,0
1,16720983,0.836735,35107,0
1,16728980,0.837135,35984,0
1,16736977,0.837535,37467,0
1,16744973,0.837935,34802,0
1,16752970,0.838335,36658,0
1,16760967,0.838735,36535,0
1,16768963,0.839136,35158,0
1,16776960,0.839536,35856,0
1,16784957,0.839936,34929,0
1,16792953,0.840336,35064,0
1,16794173,0.840397,66364,1
1,16799627,0.84067,65373,1
1,16800950,0.840736,35546,0
1,16808947,0.841136,34981,0
1,16816943,0.841537,36421,0
1,16824940,0.841937,36349,0
1,16832937,0.842337,35901,0
1,16832999,0.84234,64325,1
1,16839493,0.842665,74656,1
1,16839494,0.842665,70301,1
1,16839495,0.842665,65745,1
1,16840933,0.842737,36490,0
1,16848930,0.843137,35811,0
1,16851148,0.843248,66337,1
1,16851149,0.843248,71679,1
1,16851150,0.843248,67163,1
1,16856926,0.843537,36050,0
1,16863927,0.843888,71482,1
1,16863928,0.843888,66877,1
1,16864923,0.843938,35163,0
1,16871914,0.844287,64482,1
1,16872920,0.844338,35944,0
1,16880916,0.844738,34304,0
1,16888913,0.845138,34547,0
1,16896910,0.845538,35055,0
1,16904906,0.845938,37848,0
1,16912903,0.846339,39267,0
1,16920900,0.846739,36504,0
1,16928896,0.847139,35896,0
1,16932305,0.847309,65100,1
1,16936893,0.847539,35791,0
1,16944890,0.847939,35585,0
1,16950288,0.848209,69320,1
1,16950289,0.848209,64697,1
1,16950292,0.848209,85546,1
1,16950293,0.84821,99255,1
1,16950294,0.84821,94695,1
1,16950295,0.84821,90075,1
1,16950296,0.84821,85411,1
1,16950297,0.84821,80951,1
1,16950298,0.84821,76399,1
1,16950299,0.84821,71721,1
1,16950300,0.84821,67067,1
1,16952886,0.848339,34501,0
1,16957884,0.848589,64965,1
1,16960883,0.848739,34268,0
1,16968879,0.84914,35835,0
1,16976876,0.84954,35089,0
1,16981869,0.84979,71390,1
1,16981870,0.84979,66778,1
1,16984873,0.84994,34418,0
1,16992869,0.85034,36705,0
1,16997360,0.850565,64205,1
1,17000866,0.85074,37195,0
1,17008863,0.85114,34968,0
1,17016859,0.851541,38340,0
1,17024856,0.851941,34344,0
1,17032853,0.852341,36428,0
1,17040849,0.852741,34886,0
1,17048846,0.853141,35632,0
1,17056843,0.853541,35343,0
1,17064839,0.853942,34571,0
1,17072836,0.854342,35706,0
1,17080832,0.854742,37154,0
1,17088829,0.855142,36087,0
1,17095262,0.855464,64664,1
1,17096826,0.855542,34738,0
1,17104822,0.855942,34507,0
1,17112819,0.856343,37259,0
1,17120816,0.856743,35057,0
1,17128812,0.857143,34992,0
1,17136809,0.857543,35985,0
1,17144806,0.857943,34645,0
1,17145494,0.857978,65825,1
1,17152802,0.858343,35919,0
1,17152804,0.858343,68195,1
1,17160799,0.858743,35536,0
1,17168796,0.859144,35687,0
1,17176792,0.859544,34208,0
1,17184789,0.859944,37442,0
1,17192786,0.860344,34670,0
1,17194183,0.860414,69625,1
1,17194184,0.860414,65058,1
1,17200782,0.860744,38218,0
1,17208779,0.861144,36307,0
1,17216775,0.861545,34953,0
1,17224772,0.861945,35335,0
1,17226393,0.862026,64559,1
1,17228221,0.862117,430001,1
1,17228222,0.862117,426027,1
1,17228223,0.862117,423190,1
1,17228224,0.862117,433976,1
1,17228225,0.862118,429442,1
1,17228226,0.862118,424844,1
1,17228227,0.862118,420192,1
1,17228228,0.862118,415773,1
1,17228229,0.862118,411257,1
1,17228230,0.862118,406638,1
1,17228231,0.862118,402178,1
1,17228232,0.862118,397423,1
1,17228233,0.862118,393063,1
1,17228234,0.862118,388575,1
1,17228235,0.862118,383997,1
1,17228236,0.862118,379458,1
1,17228237,0.862118,375351,1
1,17228238,0.862118,370753,1
1,17228239,0.862118,369399,1
1,17228240,0.862118,364900,1
1,17228241,0.862118,360419,1
1,17228242,0.862118,355882,1
1,17228243,0.862118,352603,1
1,17228244,0.862118,364307,1
1,17228245,0.862119,359795,1
1,17228246,0.862119,355419,1
1,17228247,0.862119,350954,1
1,17228248,0.862119,346298,1
1,17228249,0.862119,341812,1
1,17228250,0.862119,337143,1
1,17228251,0.862119,332511,1
1,17228252,0.862119,328132,1
1,17228253,0.862119,323579,1
1,17228254,0.862119,318924,1
1,17228255,0.862119,314517,1
1,17228256,0.862119,309833,1
1,17228257,0.862119,305258,1
1,17228258,0.862119,318029,1
1,17228259,0.862119,313351,1
1,17228260,0.862119,308841,1
1,17228261,0.862119,304308,1
1,17228262,0.862119,299682,1
1,17228263,0.862119,295457,1
1,17228264,0.862119,290730,1
1,17228265,0.86212,286176,1
1,17228266,0.86212,281531,1
1,17228267,0.86212,277000,1
1,17228268,0.86212,272645,1
1,17228269,0.86212,268331,1
1,17228270,0.86212,263799,1
1,17228271,0.86212,259037,1
1,17228272,0.86212,254501,1
1,17228273,0.86212,250149,1
1,17228274,0.86212,245455,1
1,17228275,0.86212,240858,1
1,17228276,0.86212,236198,1
1,17228277,0.86212,231783,1
1,17228278,0.86212,227199,1
1,17228279,0.86212,222528,1
1,17228280,0.86212,217935,1
1,17228281,0.86212,257641,1
1,17228282,0.86212,253165,1
1,17228283,0.86212,248634,1
1,17228284,0.86212,244136,1
1,17228285,0.862121,239717,1
1,17228286,0.862121,235119,1
1,17228287,0.862121,230403,1
1,17228288,0.862121,225829,1
1,17228289,0.862121,221540,1
1,17228290,0.862121,216964,1
1,17228291,0.862121,212342,1
1,17228292,0.862121,207652,1
1,17228293,0.862121,203189,1
1,17228294,0.862121,198783,1
1,17228295,0.862121,194186,1
1,17228296,0.862121,189512,1
1,17228297,0.862121,184966,1
1,17228298,0.862121,180430,1
1,17228299,0.862121,175918,1
1,17228300,0.862121,171326,1
1,17228301,0.862121,166921,1
1,17228302,0.862121,162341,1
1,17228303,0.862121,157549,1
1,17228304,0.862121,153024,1
1,17228305,0.862122,148543,1
1,17228306,0.862122,144051,1
1,17228307,0.862122,139467,1
1,17228308,0.862122,134783,1
1,17228309,0.862122,130392,1
1,17228310,0.862122,125784,1
1,17228311,0.862122,121421,1
1,17228312,0.862122,117042,1
1,17228313,0.862122,112662,1
1,17228314,0.862122,108338,1
1,17228315,0.862122,103740,1
1,17228316,0.862122,99473,1
1,17228317,0.862122,95097,1
1,17228318,0.862122,90690,1
1,17228319,0.862122,86246,1
1,17228320,0.862122,81780,1
1,17228321,0.862122,77273,1
1,17228322,0.862122,72678,1
1,17228323,0.862122,68160,1
1,17228788,0.862146,102543,1
1,17228789,0.862146,98455,1
1,17228790,0.862146,94191,1
1,17228791,0.862146,90470,1
1,17228792,0.862146,86270,1
1,17228793,0.862146,82133,1
1,17228794,0.862146,77837,1
1,17228795,0.862146,73622,1
1,17228796,0.862146,69650,1
1,17228797,0.862146,65272,1
1,17232769,0.862345,35629,0
1,17239939,0.862704,64161,1
1,17240765,0.862745,39264,0
1,17248762,0.863145,35296,0
1,17256759,0.863545,35124,0
1,17264755,0.863946,36769,0
1,17272752,0.864346,35446,0
1,17280749,0.864746,34963,0
1,17288745,0.865146,35414,0
1,17296742,0.865546,35780,0
1,17304739,0.865946,36794,0
1,17312735,0.866347,35224,0
1,17320732,0.866747,35803,0
1,17328728,0.867147,35234,0
1,17336725,0.867547,35518,0
1,17344722,0.867947,35073,0
1,17352718,0.868347,35153,0
1,17360715,0.868747,36019,0
1,17368712,0.869148,35699,0
1,17371787,0.869302,64598,1
1,17373129,0.869369,71041,1
1,17373130,0.869369,66552,1
1,17376708,0.869548,34859,0
1,17384705,0.869948,34275,0
1,17392702,0.870348,38583,0
1,17400698,0.870748,35837,0
1,17408695,0.871148,35264,0
1,17414280,0.871428,65297,1
1,17416692,0.871549,35121,0
1,17424688,0.871949,34519,0
1,17431444,0.872287,64854,1
1,17432685,0.872349,37881,0
1,17440681,0.872749,35587,0
1,17447783,0.873104,70190,1
1,17447784,0.873104,65724,1
1,17448678,0.873149,35504,0
1,17454364,0.873434,69352,1
1,17454365,0.873434,64994,1
1,17456675,0.873549,34289,0
1,17464671,0.87395,35991,0
1,17472668,0.87435,34703,0
1,17480665,0.87475,35375,0
1,17488661,0.87515,35978,0
1,17496658,0.87555,35874,0
1,17504655,0.87595,34519,0
1,17512651,0.876351,36523,0
1,17517787,0.876608,65398,1
1,17520648,0.876751,34841,0
1,17528645,0.877151,34857,0
1,17536641,0.877551,35076,0
1,17544638,0.877951,34872,0
1,17552635,0.878351,34180,0
1,17555141,0.878477,70569,1
1,17555142,0.878477,65957,1
1,17557773,0.878608,76637,1
1,17557774,0.878609,71996,1
1,17557775,0.878609,67584,1
1,17559239,0.878682,69995,1
1,17559240,0.878682,65349,1
1,17560631,0.878751,35738,0
1,17568628,0.879152,34954,0
1,17576624,0.879552,36041,0
1,17584621,0.879952,34605,0
1,17592618,0.880352,35591,0
1,17593859,0.880414,67895,1
1,17600614,0.880752,35564,0
1,17608611,0.881152,36183,0
1,17616608,0.881553,37480,0
1,17624604,0.881953,37159,0
1,17632601,0.882353,35008,0
1,17640598,0.882753,35909,0
1,17648594,0.883153,35413,0
1,17656591,0.883553,35217,0
1,17664588,0.883954,34334,0
1,17672584,0.884354,34904,0
1,17680492,0.884749,65021,1
1,17680581,0.884754,35019,0
1,17685259,0.884988,65218,1
1,17688577,0.885154,42902,0
1,17696574,0.885554,35285,0
1,17696740,0.885562,65833,1
1,17704571,0.885954,37096,0
1,17707832,0.886118,64868,1
1,17712567,0.886354,35633,0
1,17720060,0.886729,69097,1
1,17720061,0.88673,64603,1
1,17720564,0.886755,35448,0
1,17728561,0.887155,35600,0
1,17736557,0.887555,36639,0
1,17744554,0.887955,35652,0
1,17752551,0.888355,36583,0
1,17760547,0.888755,34723,0
1,17768544,0.889156,34378,0
1,17776541,0.889556,34617,0
1,17782469,0.889852,64565,1
1,17784537,0.889956,36827,0
1,17792534,0.890356,35243,0
1,17800531,0.890756,35078,0
1,17806901,0.891075,70508,1
1,17806902,0.891075,65848,1
1,17808527,0.891156,35519,0
1,17815080,0.891484,69432,1
1,17815081,0.891484,64923,1
1,17816524,0.891557,34441,0
1,17823886,0.891925,68561,1
1,17824520,0.891957,34580,0
1,17832517,0.892357,35254,0
1,17837215,0.892592,66404,1
1,17840514,0.892757,34742,0
1,17848510,0.893157,36228,0
1,17856507,0.893557,34702,0
1,17864504,0.893958,39201,0
1,17872500,0.894358,35309,0
1,17873469,0.894406,64463,1
1,17873470,0.894406,72740,1
1,17873471,0.894406,68278,1
1,17880497,0.894758,36082,0
1,17888494,0.895158,34684,0
1,17895631,0.895515,71982,1
1,17895632,0.895515,67444,1
1,17896490,0.895558,34982,0
1,17901570,0.895812,66220,1
1,17902619,0.895865,66907,1
1,17904487,0.895958,35300,0
1,17912484,0.896359,36229,0
1,17920480,0.896759,34847,0
1,17928477,0.897159,35834,0
1,17936473,0.897559,36161,0
1,17944470,0.897959,35942,0
1,17952467,0.898359,34304,0
1,17960463,0.898759,37300,0
1,17968460,0.89916,34490,0
1,17976457,0.89956,35762,0
1,17976604,0.899567,64867,1
1,17984453,0.89996,45699,0
1,17991070,0.900291,72184,1
1,17991071,0.900291,67690,1
1,17992450,0.90036,35328,0
1,18000447,0.90076,35964,0
1,18008443,0.90116,38067,0
1,18016440,0.901561,35146,0
1,18024437,0.901961,37117,0
1,18026923,0.902085,66910,1
1,18032433,0.902361,34868,0
1,18040430,0.902761,36698,0
1,18040773,0.902778,69181,1
1,18040774,0.902778,72811,1
1,18040775,0.902778,73539,1
1,18040776,0.902778,72406,1
1,18040777,0.902778,71662,1
1,18040778,0.902779,70551,1
1,18040779,0.902779,67626,1
1,18040781,0.902779,64175,1
1,18048426,0.903161,38732,0
1,18056423,0.903561,36813,0
1,18064420,0.903962,34999,0
1,18072416,0.904362,35578,0
1,18080413,0.904762,35001,0
1,18085071,0.904995,69341,1
1,18085072,0.904995,64733,1
1,18088410,0.905162,35447,0
1,18096406,0.905562,34162,0
1,18104403,0.905962,34302,0
1,18111153,0.9063,71892,1
1,18111154,0.9063,67250,1
1,18111155,0.9063,68490,1
1,18112400,0.906363,35697,0
1,18117133,0.906599,65533,1
1,18120396,0.906763,35744,0
1,18128393,0.907163,34589,0
1,18136390,0.907563,35394,0
1,18138217,0.907654,65245,1
1,18140969,0.907792,64209,1
1,18144386,0.907963,34334,0
1,18144973,0.907993,76804,1
1,18144974,0.907993,72462,1
1,18144975,0.907993,67932,1
1,18144985,0.907993,86681,1
1,18144986,0.907993,82193,1
1,18144987,0.907993,77702,1
1,18144988,0.907993,72939,1
1,18144989,0.907993,68376,1
1,18144998,0.907994,89766,1
1,18144999,0.907994,85186,1
1,18145000,0.907994,80712,1
1,18145001,0.907994,76022,1
1,18145002,0.907994,71448,1
1,18145003,0.907994,66811,1
1,18145012,0.907994,88870,1
1,18145013,0.907995,84266,1
1,18145014,0.907995,79778,1
1,18145015,0.907995,75190,1
1,18145016,0.907995,70516,1
1,18145017,0.907995,65974,1
1,18145026,0.907995,95893,1
1,18145027,0.907995,91338,1
1,18145028,0.907995,86765,1
1,18145029,0.907995,82401,1
1,18145030,0.907995,77775,1
1,18145031,0.907995,73110,1
1,18145032,0.907995,68590,1
1,18145041,0.907996,91436,1
1,18145042,0.907996,87254,1
1,18145043,0.907996,82534,1
1,18145044,0.907996,77856,1
1,18145045,0.907996,73224,1
1,18145046,0.907996,68716,1
1,18145055,0.907997,90121,1
1,18145056,0.907997,85444,1
1,18145057,0.907997,81068,1
1,18145058,0.907997,76592,1
1,18145059,0.907997,71882,1
1,18145060,0.907997,67364,1
1,18145069,0.907997,94431,1
1,18145070,0.907997,89939,1
1,18145071,0.907997,85199,1
1,18145072,0.907997,80659,1
1,18145073,0.907998,76099,1
1,18145074,0.907998,71578,1
1,18145075,0.907998,66939,1
1,18145083,0.907998,76117,1
1,18145084,0.907998,71373,1
1,18145085,0.907998,66843,1
1,18152383,0.908363,34328,0
1,18160380,0.908764,35619,0
1,18168376,0.909164,34916,0
1,18176373,0.909564,33815,0
1,18184369,0.909964,34932,0
1,18192366,0.910364,36000,0
1,18200363,0.910764,35023,0
1,18208359,0.911164,37121,0
1,18216356,0.911565,35388,0
1,18224353,0.911965,36604,0
1,18232349,0.912365,35566,0
1,18240346,0.912765,36654,0
1,18245284,0.913012,70729,1
1,18245285,0.913012,66352,1
1,18248343,0.913165,35713,0
1,18256339,0.913565,34019,0
1,18264336,0.913966,36407,0
1,18272333,0.914366,35517,0
1,18280329,0.914766,35992,0
1,18287540,0.915127,65258,1
1,18288326,0.915166,34923,0
1,18296322,0.915566,34704,0
1,18304319,0.915966,41857,0
1,18312316,0.916367,39054,0
1,18320312,0.916767,36048,0
1,18328309,0.917167,34484,0
1,18336306,0.917567,37899,0
1,18344302,0.917967,34825,0
1,18352299,0.918367,35573,0
1,18360296,0.918768,34912,0
1,18362506,0.918878,82485,1
1,18362507,0.918878,77951,1
1,18362508,0.918878,73415,1
1,18362509,0.918878,68970,1
1,18362510,0.918878,69567,1
1,18362511,0.918878,78715,1
1,18362512,0.918878,74180,1
1,18362513,0.918878,69626,1
1,18362514,0.918878,65133,1
1,18368292,0.919168,34633,0
1,18376289,0.919568,35808,0
1,18384286,0.919968,38412,0
1,18386962,0.920102,71054,1
1,18386963,0.920102,66575,1
1,18392282,0.920368,34741,0
1,18400279,0.920768,34830,0
1,18408276,0.921168,34408,0
1,18416272,0.921569,34384,0
1,18424269,0.921969,34605,0
1,18428854,0.922198,89395,1
1,18428855,0.922198,85127,1
1,18428856,0.922198,80647,1
1,18428857,0.922198,76194,1
1,18428858,0.922198,71692,1
1,18428859,0.922198,66934,1
1,18432265,0.922369,37858,0
1,18440262,0.922769,34217,0
1,18448259,0.923169,36430,0
1,18456255,0.923569,34271,0
1,18464252,0.92397,35636,0
1,18472249,0.92437,34822,0
1,18480245,0.92477,35383,0
1,18488242,0.92517,34263,0
1,18496239,0.92557,35787,0
1,18497027,0.92561,64167,1
1,18504235,0.92597,35609,0
1,18507418,0.92613,64830,1
1,18507419,0.92613,71524,1
1,18507420,0.92613,67031,1
1,18512232,0.926371,37414,0
1,18520229,0.926771,34378,0
1,18528225,0.927171,34844,0
1,18536222,0.927571,35880,0
1,18542221,0.927871,64374,1
1,18544218,0.927971,35279,0
1,18552215,0.928371,34405,0
1,18560212,0.928771,35023,0
1,18568208,0.929172,35597,0
1,18576205,0.929572,34265,0
1,18584202,0.929972,34894,0
1,18592198,0.930372,35787,0
1,18600195,0.930772,35765,0
1,18608192,0.931172,35634,0
1,18616188,0.931573,33915,0
1,18623228,0.931925,72251,1
1,18623229,0.931925,67694,1
1,18624185,0.931973,36372,0
1,18632182,0.932373,37847,0
1,18640023,0.932765,66554,1
1,18640178,0.932773,34395,0
1,18647452,0.933137,64966,1
1,18648175,0.933173,35071,0
1,18656171,0.933573,34474,0
1,18664168,0.933974,34757,0
1,18672165,0.934374,34828,0
1,18680161,0.934774,37696,0
1,18683634,0.934948,73839,1
1,18683635,0.934948,69233,1
1,18683636,0.934948,64681,1
1,18688158,0.935174,34892,0
1,18693384,0.935436,68402,1
1,18696155,0.935574,34466,0
1,18702168,0.935875,64523,1
1,18702173,0.935875,66199,1
1,18703252,0.935929,71547,1
1,18703253,0.935929,67814,1
1,18704151,0.935974,34127,0
1,18712148,0.936375,35380,0
1,18715414,0.936538,68294,1
1,18720145,0.936775,35352,0
1,18724144,0.936975,64644,1
1,18728141,0.937175,35108,0
1,18736138,0.937575,35061,0
1,18744135,0.937975,35615,0
1,18752131,0.938375,34248,0
1,18760128,0.938775,35748,0
1,18768125,0.939176,34399,0
1,18776121,0.939576,35498,0
1,18784118,0.939976,35054,0
1,18792114,0.940376,37794,0
1,18800111,0.940776,35183,0
1,18800568,0.940799,66661,1
1,18808108,0.941176,35222,0
1,18809874,0.941265,70040,1
1,18809875,0.941265,65392,1
1,18815501,0.941546,66062,1
1,18816104,0.941577,34758,0
1,18824101,0.941977,35272,0
1,18831097,0.942327,64591,1
1,18832098,0.942377,34490,0
1,18840094,0.942777,41840,0
1,18844635,0.943004,76290,1
1,18844636,0.943004,72004,1
1,18844637,0.943004,67442,1
1,18848091,0.943177,37251,0
1,18855319,0.943539,68842,1
1,18855320,0.943539,64226,1
1,18856088,0.943577,35673,0
1,18857610,0.943654,64613,1
1,18864084,0.943978,35465,0
1,18872081,0.944378,34771,0
1,18880078,0.944778,36315,0
1,18888074,0.945178,36668,0
1,18896071,0.945578,35485,0
1,18904067,0.945978,34553,0
1,18912064,0.946379,35978,0
1,18915944,0.946573,68719,1
1,18920061,0.946779,36866,0
1,18923948,0.946973,64842,1
1,18928057,0.947179,36418,0
1,18936054,0.947579,35542,0
1,18938410,0.947697,75631,1
1,18938411,0.947697,71147,1
1,18938412,0.947697,66395,1
1,18944051,0.947979,36823,0
1,18952047,0.948379,37082,0
1,18960044,0.948779,34395,0
1,18968041,0.94918,35918,0
1,18976037,0.94958,34702,0
1,18984034,0.94998,34712,0
1,18992031,0.95038,35124,0
1,18996628,0.95061,64187,1
1,19000027,0.95078,35060,0
1,19000911,0.950825,67397,1
1,19008024,0.95118,34601,0
1,19016020,0.951581,35115,0
1,19024017,0.951981,34244,0
1,19032014,0.952381,36746,0
1,19040010,0.952781,35769,0
1,19048007,0.953181,39397,0
1,19056004,0.953581,35108,0
1,19064000,0.953982,36670,0
1,19071997,0.954382,35564,0
1,19072623,0.954413,64604,1
1,19076568,0.95461,68633,1
1,19079994,0.954782,37077,0
1,19087990,0.955182,35653,0
1,19095987,0.955582,34401,0
1,19103984,0.955982,35129,0
1,19111980,0.956383,36926,0
1,19113649,0.956466,67029,1
1,19119977,0.956783,34090,0
1,19127974,0.957183,34921,0
1,19132076,0.957388,67767,1
1,19135970,0.957583,35548,0
1,19143967,0.957983,34583,0
1,19149246,0.958247,67063,1
1,19151963,0.958383,36041,0
1,19159960,0.958783,34762,0
1,19167957,0.959184,37311,0
1,19175953,0.959584,35252,0
1,19183950,0.959984,35983,0
1,19191947,0.960384,35047,0
1,19199943,0.960784,35280,0
1,19200934,0.960834,65271,1
1,19207940,0.961184,35408,0
1,19215937,0.961585,35691,0
1,19223588,0.961967,77404,1
1,19223589,0.961968,72764,1
1,19223590,0.961968,68384,1
1,19223933,0.961985,35390,0
1,19231930,0.962385,34892,0
1,19239927,0.962785,37381,0
1,19247923,0.963185,35464,0
1,19255920,0.963585,34831,0
1,19263916,0.963986,34066,0
1,19264759,0.964028,68255,1
1,19271913,0.964386,35768,0
1,19277690,0.964675,64903,1
1,19279910,0.964786,34915,0
1,19287906,0.965186,35422,0
1,19295903,0.965586,36159,0
1,19300858,0.965834,67473,1
1,19303900,0.965986,36103,0
1,19309323,0.966258,64392,1
1,19311896,0.966387,34966,0
1,19313569,0.96647,69450,1
1,19313570,0.96647,64995,1
1,19319893,0.966787,36181,0
1,19327890,0.967187,37036,0
1,19335886,0.967587,37835,0
1,19343883,0.967987,36321,0
1,19351880,0.968387,34308,0
1,19359876,0.968787,35084,0
1,19367873,0.969188,36986,0
1,19369791,0.969284,68184,1
1,19375870,0.969588,35303,0
1,19383866,0.969988,36402,0
1,19390860,0.970338,66515,1
1,19391863,0.970388,34911,0
1,19399859,0.970788,35699,0
1,19404895,0.97104,67527,1
1,19407856,0.971188,35840,0
1,19415853,0.971589,35527,0
1,19423849,0.971989,35956,0
1,19425041,0.972048,84829,1
1,19425042,0.972048,80428,1
1,19425043,0.972049,75820,1
1,19425044,0.972049,71263,1
1,19425045,0.972049,66825,1
1,19431846,0.972389,35423,0
1,19439843,0.972789,36390,0
1,19447839,0.973189,35582,0
1,19455836,0.973589,34825,0
1,19463833,0.97399,37155,0
1,19471829,0.97439,35256,0
1,19476509,0.974624,64502,1
1,19476510,0.974624,65613,1
1,19476511,0.974624,70561,1
1,19476512,0.974624,70709,1
1,19476513,0.974624,67742,1
1,19476514,0.974624,67513,1
1,19476515,0.974624,67561,1
1,19476516,0.974624,64184,1
1,19476517,0.974624,64681,1
1,19479826,0.97479,35171,0
1,19486205,0.975109,66536,1
1,19487823,0.97519,34853,0
1,19495819,0.97559,35022,0
1,19503816,0.97599,35109,0
1,19511812,0.976391,37207,0
1,19517799,0.97669,66238,1
1,19519809,0.976791,35990,0
1,19520655,0.976833,67595,1
1,19527806,0.977191,36086,0
1,19535802,0.977591,35160,0
1,19539636,0.977783,65713,1
1,19539637,0.977783,66357,1
1,19539638,0.977783,68068,1
1,19539639,0.977783,64594,1
1,19543799,0.977991,34726,0
1,19551796,0.978391,35348,0
1,19559792,0.978791,34874,0
1,19567789,0.979192,34467,0
1,19575088,0.979557,68184,1
1,19575786,0.979592,35671,0
1,19583782,0.979992,34471,0
1,19591779,0.980392,35125,0
1,19599776,0.980792,35888,0
1,19607772,0.981192,34457,0
1,19615769,0.981593,39263,0
1,19620011,0.981805,65738,1
1,19623765,0.981993,34852,0
1,19627026,0.982156,72370,1
1,19627027,0.982156,67902,1
1,19629209,0.982265,66008,1
1,19629210,0.982265,65636,1
1,19631762,0.982393,35403,0
1,19639759,0.982793,36477,0
1,19647755,0.983193,36708,0
1,19655752,0.983593,35315,0
1,19658057,0.983709,71774,1
1,19658058,0.983709,67223,1
1,19661531,0.983883,69604,1
1,19661532,0.983883,65105,1
1,19663749,0.983994,37014,0
1,19665829,0.984098,68963,1
1,19665830,0.984098,64275,1
1,19666963,0.984154,71715,1
1,19666964,0.984154,67097,1
1,19671745,0.984394,34929,0
1,19674959,0.984555,70710,1
1,19674960,0.984555,76311,1
1,19674961,0.984555,71620,1
1,19674962,0.984555,67095,1
1,19675514,0.984582,70591,1
1,19675515,0.984582,66039,1
1,19679742,0.984794,34394,0
1,19684625,0.985038,67926,1
1,19687739,0.985194,35266,0
1,19695735,0.985594,35256,0
1,19703732,0.985994,35665,0
1,19711729,0.986395,34886,0
1,19719725,0.986795,36118,0
1,19727722,0.987195,34404,0
1,19735719,0.987595,36995,0
1,19738687,0.987744,69566,1
1,19738688,0.987744,64920,1
1,19740970,0.987858,74653,1
1,19740971,0.987858,70135,1
1,19740972,0.987858,65629,1
1,19743715,0.987995,35052,0
1,19751712,0.988395,35134,0
1,19759708,0.988795,34737,0
1,19767705,0.989196,35088,0
1,19775702,0.989596,37406,0
1,19779305,0.989776,68652,1
1,19781662,0.989894,73038,1
1,19781663,0.989894,68384,1
1,19783698,0.989996,34273,0
1,19790694,0.990346,67826,1
1,19791695,0.990396,35095,0
1,19792177,0.99042,65363,1
1,19799692,0.990796,34914,0
1,19807688,0.991196,34350,0
1,19813004,0.991462,78223,1
1,19813005,0.991463,73494,1
1,19813006,0.991463,68946,1
1,19813007,0.991463,64558,1
1,19815685,0.991597,35560,0
1,19823682,0.991997,35544,0
1,19826352,0.99213,64268,1
1,19831678,0.992397,35254,0
1,19831852,0.992406,67447,1
1,19839675,0.992797,35015,0
1,19847672,0.993197,34953,0
1,19848554,0.993241,68040,1
1,19855668,0.993597,39171,0
1,19861787,0.993904,67644,1
1,19863665,0.993998,35875,0
1,19871661,0.994398,36346,0
1,19879658,0.994798,35528,0
1,19887655,0.995198,35578,0
1,19895651,0.995598,36480,0
1,19903648,0.995998,34058,0
1,19911645,0.996399,39303,0
1,19919641,0.996799,34120,0
1,19927638,0.997199,35672,0
1,19935635,0.997599,36179,0
1,19943631,0.997999,34488,0
1,19950077,0.998322,64337,1
1,19951628,0.998399,34554,0
1,19954333,0.998535,70356,1
1,19954334,0.998535,78762,1
1,19954335,0.998535,74277,1
1,19954336,0.998535,69736,1
1,19954337,0.998535,65331,1
1,19959625,0.9988,36481,0
1,19967621,0.9992,35297,0
1,19975618,0.9996,35805,0
1,19983615,1.0,35417,0
2,0,0.0,34975,0
2,7996,0.0004,35347,0
2,15993,0.0008,34142,0
2,23989,0.0012,34951,0
2,26928,0.001348,63572,1
2,29338,0.001468,64585,1
2,31986,0.001601,38719,0
2,33647,0.001684,64466,1
2,39983,0.002001,36185,0
2,42027,0.002103,66969,1
2,47979,0.002401,34559,0
2,55976,0.002801,34188,0
2,63973,0.003201,34156,0
2,66163,0.003311,64109,1
2,70188,0.003512,74476,1
2,70189,0.003512,70034,1
2,70190,0.003512,65433,1
2,71969,0.003601,35146,0
2,79966,0.004002,35902,0
2,87963,0.004402,35888,0
2,95959,0.004802,34770,0
2,99985,0.005003,66189,1
2,103956,0.005202,35968,0
2,111953,0.005602,35775,0
2,119949,0.006002,38475,0
2,127946,0.006403,36139,0
2,134044,0.006708,65341,1
2,135942,0.006803,34823,0
2,143939,0.007203,34425,0
2,151936,0.007603,34529,0
2,159932,0.008003,36452,0
2,167929,0.008403,34426,0
2,175926,0.008804,36335,0
2,177300,0.008872,64630,1
2,179212,0.008968,64327,1
2,183922,0.009204,38117,0
2,188752,0.009445,69302,1
2,188753,0.009445,64981,1
2,191919,0.009604,35082,0
2,199916,0.010004,36985,0
2,202914,0.010154,66043,1
2,207912,0.010404,36159,0
2,215909,0.010804,35729,0
2,223906,0.011204,34621,0
2,228958,0.011457,81276,1
2,228959,0.011457,77040,1
2,228960,0.011457,72447,1
2,228961,0.011457,67783,1
2,228962,0.011457,63300,1
2,228965,0.011458,70382,1
2,228966,0.011458,77535,1
2,228967,0.011458,79735,1
2,228968,0.011458,86903,1
2,228969,0.011458,82254,1
2,228970,0.011458,77789,1
2,228971,0.011458,73852,1
2,228972,0.011458,69320,1
2,228973,0.011458,64611,1
2,231902,0.011605,36336,0
2,236990,0.011859,64524,1
2,239899,0.012005,36534,0
2,247895,0.012405,37015,0
2,249487,0.012485,74077,1
2,249488,0.012485,69443,1
2,249489,0.012485,64966,1
2,255892,0.012805,35407,0
2,263889,0.013205,40035,0
2,271885,0.013605,36390,0
2,279882,0.014006,35479,0
2,287879,0.014406,34765,0
2,290550,0.014539,69849,1
2,290551,0.014539,65479,1
2,292640,0.014644,65732,1
2,295875,0.014806,34599,0
2,303872,0.015206,35818,0
2,311869,0.015606,34773,0
2,319865,0.016006,35265,0
2,327862,0.016407,35678,0
2,328549,0.016441,64595,1
2,335859,0.016807,36461,0
2,343855,0.017207,35221,0
2,351852,0.017607,35707,0
2,359849,0.018007,35549,0
2,367647,0.018397,65158,1
2,367845,0.018407,35663,0
2,375842,0.018808,35823,0
2,379590,0.018995,64036,1
2,383838,0.019208,35383,0
2,390759,0.019554,69212,1
2,390760,0.019554,64707,1
2,391835,0.019608,35677,0
2,399832,0.020008,36215,0
2,407828,0.020408,35989,0
2,415825,0.020808,36908,0
2,418256,0.02093,75149,1
2,418257,0.02093,70641,1
2,418258,0.02093,66068,1
2,423822,0.021208,34372,0
2,431818,0.021609,35310,0
2,439815,0.022009,35643,0
2,447812,0.022409,35904,0
2,455808,0.022809,35522,0
2,463805,0.023209,34712,0
2,471802,0.023609,34654,0
2,473670,0.023703,67444,1
2,476142,0.023827,63843,1
2,479798,0.02401,34710,0
2,487795,0.02441,35109,0
2,495791,0.02481,34750,0
2,503788,0.02521,36546,0
2,511785,0.02561,35997,0
2,519781,0.02601,34482,0
2,527008,0.026372,65007,1
2,527778,0.026411,35063,0
2,535775,0.026811,35742,0
2,538985,0.026971,69518,1
2,538986,0.026971,64941,1
2,543771,0.027211,34119,0
2,551768,0.027611,36519,0
2,559765,0.028011,34226,0
2,567761,0.028411,35201,0
2,571673,0.028607,64235,1
2,571674,0.028607,67061,1
2,571675,0.028607,67089,1
2,571676,0.028607,72630,1
2,571677,0.028607,76509,1
2,571678,0.028607,77715,1
2,571679,0.028607,81752,1
2,571680,0.028607,87298,1
2,571681,0.028607,82720,1
2,571682,0.028608,79649,1
2,571683,0.028608,79553,1
2,571684,0.028608,77536,1
2,571685,0.028608,75471,1
2,571686,0.028608,74799,1
2,571687,0.028608,76386,1
2,571688,0.028608,75590,1
2,571689,0.028608,78835,1
2,571690,0.028608,74794,1
2,571691,0.028608,73377,1
2,571692,0.028608,69010,1
2,571693,0.028608,64495,1
2,575758,0.028812,41164,0
2,583755,0.029212,35077,0
2,591751,0.029612,34240,0
2,599748,0.030012,34807,0
2,607744,0.030412,34637,0
2,612628,0.030657,140315,1
2,612629,0.030657,136478,1
2,612630,0.030657,132377,1
2,612631,0.030657,128220,1
2,612632,0.030657,123999,1
2,612633,0.030657,119791,1
2,612634,0.030657,115790,1
2,612635,0.030657,111793,1
2,612636,0.030657,107671,1
2,612637,0.030657,103352,1
2,612638,0.030657,99137,1
2,612639,0.030657,94688,1
2,612640,0.030657,90423,1
2,612641,0.030657,86494,1
2,612642,0.030657,82045,1
2,612643,0.030657,78021,1
2,612644,0.030657,74050,1
2,612645,0.030657,69919,1
2,612646,0.030657,65894,1
2,615741,0.030812,36072,0
2,622248,0.031138,65096,1
2,623738,0.031212,34432,0
2,631490,0.0316,64470,1
2,631734,0.031613,36482,0
2,639731,0.032013,36869,0
2,647728,0.032413,36053,0
2,655724,0.032813,35564,0
2,663721,0.033213,35064,0
2,671718,0.033613,35798,0
2,679714,0.034014,36196,0
2,687711,0.034414,35230,0
2,695708,0.034814,37467,0
2,703704,0.035214,34416,0
2,711701,0.035614,35835,0
2,719698,0.036014,38009,0
2,727694,0.036415,35739,0
2,732366,0.036648,69381,1
2,732367,0.036648,65038,1
2,734353,0.036748,63342,1
2,735691,0.036815,36041,0
2,743687,0.037215,35901,0
2,751684,0.037615,36074,0
2,759681,0.038015,35808,0
2,767677,0.038415,34753,0
2,775674,0.038815,35122,0
2,776777,0.038871,69036,1
2,776778,0.038871,64349,1
2,782770,0.039171,68873,1
2,782771,0.039171,64566,1
2,783671,0.039216,37920,0
2,791667,0.039616,35625,0
2,799664,0.040016,36115,0
2,807661,0.040416,34531,0
2,815657,0.040816,35489,0
2,823654,0.041216,34931,0
2,831651,0.041617,36812,0
2,839647,0.042017,35892,0
2,847644,0.042417,34516,0
2,855640,0.042817,34916,0
2,860829,0.043077,67675,1
2,863526,0.043212,70818,1
2,863527,0.043212,66264,1
2,863637,0.043217,34426,0
2,871634,0.043617,34532,0
2,879630,0.044018,36172,0
2,887367,0.044405,65025,1
2,887627,0.044418,36789,0
2,895624,0.044818,35116,0
2,898376,0.044956,64229,1
2,902107,0.045142,69591,1
2,902108,0.045142,65110,1
2,903620,0.045218,36151,0
2,911617,0.045618,36539,0
2,913561,0.045716,64031,1
2,919614,0.046018,34270,0
2,925780,0.046327,68905,1
2,925781,0.046327,64366,1
2,927610,0.046419,36021,0
2,935607,0.046819,36223,0
2,939208,0.046999,72959,1
2,939209,0.046999,68472,1
2,939210,0.046999,64112,1
2,943604,0.047219,36402,0
2,951600,0.047619,34905,0
2,958224,0.04795,64025,1
2,959597,0.048019,36784,0
2,967594,0.048419,34465,0
2,975590,0.048819,35657,0
2,983587,0.04922,34563,0
2,991583,0.04962,37097,0
2,999580,0.05002,34903,0
2,1004322,0.050257,82220,1
2,1004323,0.050257,85159,1
2,1004324,0.050257,80532,1
2,1004325,0.050257,75960,1
2,1004326,0.050257,71194,1
2,1004327,0.050258,66788,1
2,1007577,0.05042,34904,0
2,1015573,0.05082,35906,0
2,1023570,0.05122,34272,0
2,1031567,0.051621,35664,0
2,1039563,0.052021,40158,0
2,1043197,0.052203,64106,1
2,1047424,0.052414,64142,1
2,1047560,0.052421,36936,0
2,1055557,0.052821,37984,0
2,1063251,0.053206,63319,1
2,1063553,0.053221,35437,0
2,1071550,0.053621,34802,0
2,1077812,0.053935,65838,1
2,1079547,0.054022,35878,0
2,1087543,0.054422,36327,0
2,1095540,0.054822,34839,0
2,1096507,0.05487,71749,1
2,1096508,0.05487,67292,1
2,1097294,0.05491,67853,1
2,1103536,0.055222,34820,0
2,1111533,0.055622,34568,0
2,1119530,0.056022,36026,0
2,1127526,0.056423,38087,0
2,1135523,0.056823,34792,0
2,1143520,0.057223,33943,0
2,1151516,0.057623,35174,0
2,1158425,0.057969,66494,1
2,1159230,0.058009,64133,1
2,1159513,0.058023,34300,0
2,1167337,0.058415,70057,1
2,1167338,0.058415,65402,1
2,1167510,0.058423,34449,0
2,1175506,0.058823,35065,0
2,1178449,0.058971,66019,1
2,1182125,0.059155,64304,1
2,1183503,0.059224,34463,0
2,1191500,0.059624,34740,0
2,1194673,0.059783,64487,1
2,1199496,0.060024,35000,0
2,1199950,0.060047,65444,1
2,1201519,0.060125,64512,1
2,1207493,0.060424,34755,0
2,1211393,0.060619,68228,1
2,1211394,0.060619,63652,1
2,1215489,0.060824,36173,0
2,1223486,0.061224,36326,0
2,1231483,0.061625,37873,0
2,1239479,0.062025,34618,0
2,1247476,0.062425,34324,0
2,1252150,0.062659,68942,1
2,1252151,0.062659,64229,1
2,1255473,0.062825,35426,0
2,1262051,0.063154,65604,1
2,1263469,0.063225,34761,0
2,1271466,0.063625,36073,0
2,1279463,0.064026,34483,0
2,1284603,0.064283,63528,1
2,1287459,0.064426,34979,0
2,1291117,0.064609,64583,1
2,1295456,0.064826,35474,0
2,1303453,0.065226,35694,0
2,1306564,0.065382,63972,1
2,1308796,0.065493,66476,1
2,1311449,0.065626,34601,0
2,1313056,0.065707,68453,1
2,1313057,0.065707,64019,1
2,1319446,0.066026,35126,0
2,1327443,0.066427,36201,0
2,1335439,0.066827,35145,0
2,1343436,0.067227,35012,0
2,1351432,0.067627,34786,0
2,1355091,0.06781,67562,1
2,1359429,0.068027,34820,0
2,1364562,0.068284,72985,1
2,1364563,0.068284,78408,1
2,1364564,0.068284,74080,1
2,1364565,0.068284,69438,1
2,1364566,0.068284,64905,1
2,1364570,0.068284,74518,1
2,1364571,0.068284,71774,1
2,1364572,0.068285,71283,1
2,1364573,0.068285,66738,1
2,1367426,0.068427,35381,0
2,1369217,0.068517,66872,1
2,1372837,0.068698,69322,1
2,1372838,0.068698,64860,1
2,1375422,0.068827,34832,0
2,1380628,0.069088,63725,1
2,1383419,0.069228,34806,0
2,1391416,0.069628,38255,0
2,1399412,0.070028,35410,0
2,1404252,0.07027,64522,1
2,1405822,0.070349,65115,1
2,1407160,0.070416,76719,1
2,1407161,0.070416,72820,1
2,1407162,0.070416,68688,1
2,1407163,0.070416,64453,1
2,1407409,0.070428,34851,0
2,1415406,0.070828,35801,0
2,1419070,0.071012,684645,1
2,1419071,0.071012,685392,1
2,1419072,0.071012,697773,1
2,1419073,0.071012,693217,1
2,1419074,0.071012,688793,1
2,1419075,0.071012,684065,1
2,1419076,0.071012,679537,1
2,1419077,0.071012,674973,1
2,1419078,0.071012,670307,1
2,1419079,0.071012,665735,1
2,1419080,0.071012,661210,1
2,1419081,0.071012,656637,1
2,1419082,0.071012,651900,1
2,1419083,0.071012,647465,1
2,1419084,0.071012,667154,1
2,1419085,0.071012,662679,1
2,1419086,0.071012,658153,1
2,1419087,0.071013,653504,1
2,1419088,0.071013,648868,1
2,1419089,0.071013,644400,1
2,1419090,0.071013,639813,1
2,1419091,0.071013,635221,1
2,1419092,0.071013,630712,1
2,1419093,0.071013,626094,1
2,1419094,0.071013,621563,1
2,1419095,0.071013,617072,1
2,1419096,0.071013,612474,1
2,1419097,0.071013,607983,1
2,1419098,0.071013,603371,1
2,1419099,0.071013,598747,1
2,1419100,0.071013,594144,1
2,1419101,0.071013,589612,1
2,1419102,0.071013,585094,1
2,1419103,0.071013,580482,1
2,1419104,0.071013,575840,1
2,1419105,0.071013,571185,1
2,1419106,0.071013,566728,1
2,1419107,0.071014,562126,1
2,1419108,0.071014,557512,1
2,1419109,0.071014,552897,1
2,1419110,0.071014,548160,1
2,1419111,0.071014,543755,1
2,1419112,0.071014,539206,1
2,1419113,0.071014,534608,1
2,1419114,0.071014,561103,1
2,1419115,0.071014,556594,1
2,1419116,0.071014,552081,1
2,1419117,0.071014,547537,1
2,1419118,0.071014,543061,1
2,1419119,0.071014,538292,1
2,1419120,0.071014,533721,1
2,1419121,0.071014,529226,1
2,1419122,0.071014,524648,1
2,1419123,0.071014,520217,1
2,1419124,0.071014,515694,1
2,1419125,0.071014,511053,1
2,1419126,0.071014,506386,1
2,1419127,0.071015,501983,1
2,1419128,0.071015,497443,1
2,1419129,0.071015,492882,1
2,1419130,0.071015,488252,1
2,1419131,0.071015,483585,1
2,1419132,0.071015,478927,1
2,1419133,0.071015,474532,1
2,1419134,0.071015,469941,1
2,1419135,0.071015,465481,1
2,1419136,0.071015,460867,1
2,1419137,0.071015,456391,1
2,1419138,0.071015,451687,1
2,1419139,0.071015,447099,1
2,1419140,0.071015,442489,1
2,1419141,0.071015,437950,1
2,1419142,0.071015,433407,1
2,1419143,0.071015,428771,1
2,1419144,0.071015,424089,1
2,1419145,0.071015,419562,1
2,1419146,0.071015,415034,1
2,1419147,0.071016,410311,1
2,1419148,0.071016,405768,1
2,1419149,0.071016,401232,1
2,1419150,0.071016,396535,1
2,1419151,0.071016,392129,1
2,1419152,0.071016,451237,1
2,1419153,0.071016,446820,1
2,1419154,0.071016,442221,1
2,1419155,0.071016,437623,1
2,1419156,0.071016,432908,1
2,1419157,0.071016,428542,1
2,1419158,0.071016,423990,1
2,1419159,0.071016,419542,1
2,1419160,0.071016,415069,1
2,1419161,0.071016,410625,1
2,1419162,0.071016,405987,1
2,1419163,0.071016,401358,1
2,1419164,0.071016,396772,1
2,1419165,0.071016,392286,1
2,1419166,0.071016,387643,1
2,1419167,0.071017,382995,1
2,1419168,0.071017,378305,1
2,1419169,0.071017,373815,1
2,1419170,0.071017,369228,1
2,1419171,0.071017,364789,1
2,1419172,0.071017,360236,1
2,1419173,0.071017,355547,1
2,1419174,0.071017,350976,1
2,1419175,0.071017,346498,1
2,1419176,0.071017,342044,1
2,1419177,0.071017,337534,1
2,1419178,0.071017,332945,1
2,1419179,0.071017,328373,1
2,1419180,0.071017,323856,1
2,1419181,0.071017,319388,1
2,1419182,0.071017,314841,1
2,1419183,0.071017,310290,1
2,1419184,0.071017,305784,1
2,1419185,0.071017,301166,1
2,1419186,0.071017,296549,1
2,1419187,0.071018,291935,1
2,1419188,0.071018,287399,1
2,1419189,0.071018,282854,1
2,1419190,0.071018,278342,1
2,1419191,0.071018,273707,1
2,1419192,0.071018,269002,1
2,1419193,0.071018,264538,1
2,1419194,0.071018,260170,1
2,1419195,0.071018,255715,1
2,1419196,0.071018,251169,1
2,1419197,0.071018,246518,1
2,1419198,0.071018,241937,1
2,1419199,0.071018,237447,1
2,1419200,0.071018,232949,1
2,1419201,0.071018,228426,1
2,1419202,0.071018,223830,1
2,1419203,0.071018,219403,1
2,1419204,0.071018,214878,1
2,1419205,0.071018,210184,1
2,1419206,0.071018,205892,1
2,1419207,0.071019,201275,1
2,1419208,0.071019,196678,1
2,1419209,0.071019,192224,1
2,1419210,0.071019,187680,1
2,1419211,0.071019,183043,1
2,1419212,0.071019,178592,1
2,1419213,0.071019,174116,1
2,1419214,0.071019,169474,1
2,1419215,0.071019,164871,1
2,1419216,0.071019,160260,1
2,1419217,0.071019,155450,1
2,1419218,0.071019,150876,1
2,1419219,0.071019,146256,1
2,1419220,0.071019,141629,1
2,1419221,0.071019,137036,1
2,1419222,0.071019,132399,1
2,1419223,0.071019,127885,1
2,1419224,0.071019,123354,1
2,1419225,0.071019,118750,1
2,1419226,0.071019,114217,1
2,1419227,0.07102,109696,1
2,1419228,0.07102,105110,1
2,1419229,0.07102,100406,1
2,1419230,0.07102,95863,1
2,1419231,0.07102,91399,1
2,1419232,0.07102,86849,1
2,1419233,0.07102,82330,1
2,1419234,0.07102,77697,1
2,1419235,0.07102,73382,1
2,1419236,0.07102,69184,1
2,1419237,0.07102,64915,1
2,1419238,0.07102,66343,1
2,1423402,0.071228,36391,0
2,1431399,0.071629,36095,0
2,1433777,0.071748,64990,1
2,1439396,0.072029,35132,0
2,1447392,0.072429,35336,0
2,1455389,0.072829,35059,0
2,1463385,0.073229,35260,0
2,1464132,0.073267,69560,1
2,1464133,0.073267,66036,1
2,1464134,0.073267,64646,1
2,1464135,0.073267,67307,1
2,1471382,0.073629,34318,0
2,1479379,0.07403,35146,0
2,1487375,0.07443,34563,0
2,1495372,0.07483,34694,0
2,1503369,0.07523,33964,0
2,1511365,0.07563,34680,0
2,1519362,0.07603,35016,0
2,1523556,0.07624,64915,1
2,1523557,0.07624,67242,1
2,1523558,0.07624,72713,1
2,1523559,0.07624,71394,1
2,1523560,0.07624,71066,1
2,1523561,0.076241,70104,1
2,1523562,0.076241,73019,1
2,1523563,0.076241,68454,1
2,1523564,0.076241,63837,1
2,1527359,0.076431,34359,0
2,1535355,0.076831,36770,0
2,1543352,0.077231,36350,0
2,1551349,0.077631,36981,0
2,1551510,0.077639,66757,1
2,1559345,0.078031,35219,0
2,1560414,0.078085,65387,1
2,1567342,0.078431,37012,0
2,1573096,0.078719,64149,1
2,1575338,0.078831,36024,0
2,1583335,0.079232,36075,0
2,1591332,0.079632,35312,0
2,1599328,0.080032,35574,0
2,1602993,0.080215,63400,1
2,1607325,0.080432,34693,0
2,1615311,0.080832,63306,1
2,1615322,0.080832,36247,0
2,1623318,0.081232,34785,0
2,1631315,0.081633,34687,0
2,1639312,0.082033,36162,0
2,1647308,0.082433,36473,0
2,1655305,0.082833,35283,0
2,1663302,0.083233,34484,0
2,1664496,0.083293,72095,1
2,1664497,0.083293,67432,1
2,1671298,0.083633,35078,0
2,1679295,0.084034,35683,0
2,1682631,0.084201,69467,1
2,1682632,0.084201,64996,1
2,1685859,0.084362,64816,1
2,1687292,0.084434,35102,0
2,1691842,0.084661,69344,1
2,1691843,0.084662,64964,1
2,1693296,0.084734,72291,1
2,1693297,0.084734,67879,1
2,1695288,0.084834,35199,0
2,1703285,0.085234,35567,0
2,1711281,0.085634,34341,0
2,1719134,0.086027,69563,1
2,1719135,0.086027,65071,1
2,1719278,0.086034,36945,0
2,1727275,0.086435,36362,0
2,1735271,0.086835,36278,0
2,1743268,0.087235,34662,0
2,1751265,0.087635,34610,0
2,1759261,0.088035,34920,0
2,1767258,0.088435,37769,0
2,1772893,0.088717,63303,1
2,1775255,0.088836,34674,0
2,1783251,0.089236,34531,0
2,1791248,0.089636,35560,0
2,1799245,0.090036,37778,0
2,1807241,0.090436,35084,0
2,1814370,0.090793,64372,1
2,1815238,0.090836,35097,0
2,1823234,0.091236,38015,0
2,1831231,0.091637,36682,0
2,1839228,0.092037,34571,0
2,1842012,0.092176,75314,1
2,1842013,0.092176,70653,1
2,1842014,0.092176,66279,1
2,1847224,0.092437,35768,0
2,1855221,0.092837,37778,0
2,1857587,0.092956,64825,1
2,1863218,0.093237,36932,0
2,1871214,0.093637,36088,0
2,1879211,0.094038,37767,0
2,1887208,0.094438,36365,0
2,1895204,0.094838,35340,0
2,1903201,0.095238,36181,0
2,1911198,0.095638,35228,0
2,1919194,0.096038,36704,0
2,1926920,0.096425,65401,1
2,1927191,0.096439,35085,0
2,1935188,0.096839,35339,0
2,1943184,0.097239,35432,0
2,1951181,0.097639,34699,0
2,1959177,0.098039,36351,0
2,1967174,0.098439,34313,0
2,1975171,0.09884,34695,0
2,1983167,0.09924,34887,0
2,1991164,0.09964,36299,0
2,1997146,0.099939,63817,1
2,1999161,0.10004,36124,0
2,2007157,0.10044,36813,0
2,2012950,0.10073,69214,1
2,2012951,0.10073,64914,1
2,2015154,0.10084,35114,0
2,2023151,0.10124,35592,0
2,2023429,0.101254,67421,1
2,2025785,0.101372,64073,1
2,2031147,0.101641,34186,0
2,2034605,0.101814,67557,1
2,2039144,0.102041,35624,0
2,2047141,0.102441,35609,0
2,2055137,0.102841,35037,0
2,2059295,0.103049,67191,1
2,2061766,0.103173,71661,1
2,2061767,0.103173,66948,1
2,2063134,0.103241,34772,0
2,2068653,0.103517,68223,1
2,2068654,0.103518,63772,1
2,2071130,0.103641,35546,0
2,2079127,0.104042,36890,0
2,2087124,0.104442,37307,0
2,2095120,0.104842,34852,0
2,2102316,0.105202,66814,1
2,2103117,0.105242,33979,0
2,2110813,0.105627,63689,1
2,2111114,0.105642,35515,0
2,2118259,0.106,66819,1
2,2119110,0.106042,38434,0
2,2127107,0.106443,35217,0
2,2135104,0.106843,35913,0
2,2136656,0.10692,64178,1
2,2139889,0.107082,63969,1
2,2143100,0.107243,34442,0
2,2151097,0.107643,49001,0
2,2152651,0.107721,63700,1
2,2154314,0.107804,69844,1
2,2154315,0.107804,65295,1
2,2157536,0.107965,64538,1
2,2158104,0.107994,63369,1
2,2159094,0.108043,39470,0
2,2167090,0.108443,35863,0
2,2169812,0.10858,64628,1
2,2169814,0.10858,64071,1
2,2175087,0.108844,34951,0
2,2183083,0.109244,36098,0
2,2191080,0.109644,36704,0
2,2199077,0.110044,35450,0
2,2200600,0.11012,64230,1
2,2207073,0.110444,34109,0
2,2215070,0.110844,36257,0
2,2223067,0.111244,38331,0
2,2231063,0.111645,34879,0
2,2239060,0.112045,35202,0
2,2247057,0.112445,37222,0
2,2254039,0.112794,66788,1
2,2255053,0.112845,36134,0
2,2260566,0.113121,63615,1
2,2263050,0.113245,36197,0
2,2271047,0.113645,35621,0
2,2279043,0.114046,39166,0
2,2279736,0.11408,63672,1
2,2287040,0.114446,35482,0
2,2295037,0.114846,35053,0
2,2303033,0.115246,35596,0
2,2311030,0.115646,35131,0
2,2315248,0.115857,63543,1
2,2319026,0.116046,36245,0
2,2327023,0.116447,35789,0
2,2328765,0.116534,64010,1
2,2335020,0.116847,36160,0
2,2339438,0.117068,74111,1
2,2339439,0.117068,69576,1
2,2339440,0.117068,65121,1
2,2339854,0.117089,63465,1
2,2343016,0.117247,35045,0
2,2349679,0.11758,63911,1
2,2351013,0.117647,35451,0
2,2358808,0.118037,73284,1
2,2358809,0.118037,75453,1
2,2358810,0.118037,77268,1
2,2358811,0.118037,77182,1
2,2358812,0.118037,77079,1
2,2358813,0.118037,74351,1
2,2358814,0.118037,69840,1
2,2358815,0.118037,67488,1
2,2358816,0.118038,64079,1
2,2359010,0.118047,34754,0
2,2359175,0.118055,64164,1
2,2359176,0.118056,67784,1
2,2359177,0.118056,67462,1
2,2359178,0.118056,69834,1
2,2359179,0.118056,67320,1
2,2359180,0.118056,69137,1
2,2359181,0.118056,65969,1
2,2359182,0.118056,64284,1
2,2366118,0.118403,69467,1
2,2366119,0.118403,65180,1
2,2367006,0.118447,34445,0
2,2375003,0.118848,37821,0
2,2380113,0.119103,116571,1
2,2380114,0.119103,112622,1
2,2380115,0.119103,108404,1
2,2380116,0.119103,104176,1
2,2380117,0.119103,100317,1
2,2380118,0.119103,96384,1
2,2380119,0.119104,92316,1
2,2380120,0.119104,88271,1
2,2380121,0.119104,83993,1
2,2380122,0.119104,79806,1
2,2380123,0.119104,75349,1
2,2380124,0.119104,71067,1
2,2380125,0.119104,66827,1
2,2383000,0.119248,35263,0
2,2383630,0.119279,65329,1
2,2390996,0.119648,34713,0
2,2396114,0.119904,67901,1
2,2398993,0.120048,34890,0
2,2400483,0.120123,75909,1
2,2400484,0.120123,71362,1
2,2400485,0.120123,66800,1
2,2406990,0.120448,35157,0
2,2414986,0.120848,34443,0
2,2418359,0.121017,82637,1
2,2418360,0.121017,79221,1
2,2418361,0.121017,75272,1
2,2418362,0.121017,71329,1
2,2418363,0.121017,67097,1
2,2422983,0.121248,34527,0
2,2430979,0.121649,34515,0
2,2438976,0.122049,35833,0
2,2444939,0.122347,64417,1
2,2446973,0.122449,34468,0
2,2454969,0.122849,38178,0
2,2462966,0.123249,36380,0
2,2469880,0.123595,67116,1
2,2470963,0.123649,36349,0
2,2478959,0.12405,36076,0
2,2485888,0.124396,71369,1
2,2485889,0.124396,66901,1
2,2486956,0.12445,37202,0
2,2494953,0.12485,35551,0
2,2502949,0.12525,34961,0
2,2510946,0.12565,35985,0
2,2518943,0.12605,34648,0
2,2522765,0.126242,65567,1
2,2526939,0.126451,34845,0
2,2530159,0.126612,63819,1
2,2534936,0.126851,37507,0
2,2542933,0.127251,34675,0
2,2548993,0.127554,64285,1
2,2550929,0.127651,35873,0
2,2558926,0.128051,38002,0
2,2566922,0.128451,35611,0
2,2574919,0.128852,35577,0
2,2582916,0.129252,35243,0
2,2590912,0.129652,34370,0
2,2594614,0.129837,65330,1
2,2598909,0.130052,35213,0
2,2606906,0.130452,35683,0
2,2614902,0.130852,35940,0
2,2617648,0.13099,73100,1
2,2617649,0.13099,71901,1
2,2617650,0.13099,67347,1
2,2617653,0.13099,66242,1
2,2622899,0.131252,35711,0
2,2630896,0.131653,35173,0
2,2638892,0.132053,34731,0
2,2646611,0.132439,65538,1
2,2646889,0.132453,36524,0
2,2654886,0.132853,35039,0
2,2662882,0.133253,35063,0
2,2667568,0.133488,69137,1
2,2667569,0.133488,64448,1
2,2667570,0.133488,67855,1
2,2667571,0.133488,69934,1
2,2667572,0.133488,65471,1
2,2670879,0.133653,34977,0
2,2678875,0.134054,36721,0
2,2686872,0.134454,36896,0
2,2694869,0.134854,35651,0
2,2702865,0.135254,35292,0
2,2710862,0.135654,36256,0
2,2718859,0.136054,35953,0
2,2725509,0.136387,64986,1
2,2726855,0.136455,37940,0
2,2734852,0.136855,35360,0
2,2742849,0.137255,35609,0
2,2750845,0.137655,35866,0
2,2756053,0.137916,63934,1
2,2758842,0.138055,36658,0
2,2766839,0.138455,36613,0
2,2771395,0.138683,64997,1
2,2774835,0.138856,34712,0
2,2776059,0.138917,65966,1
2,2782832,0.139256,35028,0
2,2789293,0.139579,68283,1
2,2789294,0.139579,63901,1
2,2790828,0.139656,34506,0
2,2798825,0.140056,35970,0
2,2806822,0.140456,34658,0
2,2814818,0.140856,34527,0
2,2822815,0.141256,35211,0
2,2830812,0.141657,36285,0
2,2838808,0.142057,34517,0
2,2846805,0.142457,36429,0
2,2850009,0.142617,69569,1
2,2850010,0.142617,64945,1
2,2854802,0.142857,35688,0
2,2862798,0.143257,35514,0
2,2870795,0.143657,34547,0
2,2874652,0.14385,71011,1
2,2874653,0.14385,66640,1
2,2878792,0.144058,35326,0
2,2886788,0.144458,36188,0
2,2894785,0.144858,35622,0
2,2902782,0.145258,36228,0
2,2910778,0.145658,35869,0
2,2911351,0.145687,64156,1
2,2918775,0.146058,36394,0
2,2919731,0.146106,65291,1
2,2923744,0.146307,63515,1
2,2926771,0.146459,36549,0
2,2928022,0.146521,64113,1
2,2930148,0.146628,67897,1
2,2930149,0.146628,63558,1
2,2934768,0.146859,34665,0
2,2942765,0.147259,35048,0
2,2950761,0.147659,34710,0
2,2958758,0.148059,35539,0
2,2966755,0.148459,38220,0
2,2974751,0.14886,35154,0
2,2982748,0.14926,35099,0
2,2990745,0.14966,34938,0
2,2998741,0.15006,35708,0
2,3006738,0.15046,35432,0
2,3014735,0.15086,34822,0
2,3022731,0.15126,36070,0
2,3030728,0.151661,35559,0
2,3038724,0.152061,36311,0
2,3046721,0.152461,36114,0
2,3052235,0.152737,65957,1
2,3054718,0.152861,35214,0
2,3062714,0.153261,35333,0
2,3065556,0.153403,210535,1
2,3065557,0.153404,205836,1
2,3065558,0.153404,201169,1
2,3065559,0.153404,196307,1
2,3065560,0.153404,191438,1
2,3065561,0.153404,186587,1
2,3065562,0.153404,181647,1
2,3065563,0.153404,176689,1
2,3065564,0.153404,171774,1
2,3065565,0.153404,166830,1
2,3065566,0.153404,161874,1
2,3065567,0.153404,156895,1
2,3065568,0.153404,151937,1
2,3065569,0.153404,146978,1
2,3065570,0.153404,141998,1
2,3065571,0.153404,137051,1
2,3065572,0.153404,132092,1
2,3065573,0.153404,127111,1
2,3065574,0.153404,122154,1
2,3065575,0.153404,117203,1
2,3065576,0.153404,112222,1
2,3065577,0.153405,107259,1
2,3065578,0.153405,102467,1
2,3065579,0.153405,97772,1
2,3065580,0.153405,92961,1
2,3065581,0.153405,88021,1
2,3065582,0.153405,83041,1
2,3065583,0.153405,78090,1
2,3065584,0.153405,73130,1
2,3065585,0.153405,68138,1
2,3066130,0.153432,63318,1
2,3066360,0.153444,740509,1
2,3066361,0.153444,736303,1
2,3066362,0.153444,732218,1
2,3066363,0.153444,728135,1
2,3066364,0.153444,723930,1
2,3066365,0.153444,719658,1
2,3066366,0.153444,715202,1
2,3066367,0.153444,711875,1
2,3066368,0.153444,708434,1
2,3066369,0.153444,704009,1
2,3066370,0.153444,699652,1
2,3066371,0.153444,695368,1
2,3066372,0.153444,691063,1
2,3066373,0.153444,687031,1
2,3066374,0.153444,682715,1
2,3066375,0.153444,678436,1
2,3066376,0.153445,675416,1
2,3066377,0.153445,671272,1
2,3066378,0.153445,666972,1
2,3066379,0.153445,662790,1
2,3066380,0.153445,658648,1
2,3066381,0.153445,654140,1
2,3066382,0.153445,649925,1
2,3066383,0.153445,645729,1
2,3066384,0.153445,645467,1
2,3066385,0.153445,641461,1
2,3066386,0.153445,637044,1
2,3066387,0.153445,632952,1
2,3066388,0.153445,628780,1
2,3066389,0.153445,624511,1
2,3066390,0.153445,620325,1
2,3066391,0.153445,616129,1
2,3066392,0.153445,612417,1
2,3066393,0.153445,608282,1
2,3066394,0.153445,604036,1
2,3066395,0.153445,600161,1
2,3066396,0.153446,596033,1
2,3066397,0.153446,591609,1
2,3066398,0.153446,587413,1
2,3066399,0.153446,583223,1
2,3066400,0.153446,582703,1
2,3066401,0.153446,578562,1
2,3066402,0.153446,574308,1
2,3066403,0.153446,570084,1
2,3066404,0.153446,566161,1
2,3066405,0.153446,561967,1
2,3066406,0.153446,557659,1
2,3066407,0.153446,553506,1
2,3066408,0.153446,550203,1
2,3066409,0.153446,546061,1
2,3066410,0.153446,541798,1
2,3066411,0.153446,537721,1
2,3066412,0.153446,533577,1
2,3066413,0.153446,529361,1
2,3066414,0.153446,525205,1
2,3066415,0.153446,520965,1
2,3066416,0.153447,519409,1
2,3066417,0.153447,515778,1
2,3066418,0.153447,511563,1
2,3066419,0.153447,507425,1
2,3066420,0.153447,503249,1
2,3066421,0.153447,498951,1
2,3066422,0.153447,494679,1
2,3066423,0.153447,490473,1
2,3066424,0.153447,490396,1
2,3066425,0.153447,486270,1
2,3066426,0.153447,482127,1
2,3066427,0.153447,477962,1
2,3066428,0.153447,473695,1
2,3066429,0.153447,469550,1
2,3066430,0.153447,465232,1
2,3066431,0.153447,461189,1
2,3066432,0.153447,459675,1
2,3066433,0.153447,455490,1
2,3066434,0.153447,451421,1
2,3066435,0.153447,447271,1
2,3066436,0.153448,443019,1
2,3066437,0.153448,438763,1
2,3066438,0.153448,434402,1
2,3066439,0.153448,430419,1
2,3066440,0.153448,427799,1
2,3066441,0.153448,423683,1
2,3066442,0.153448,419338,1
2,3066443,0.153448,415290,1
2,3066444,0.153448,411235,1
2,3066445,0.153448,406861,1
2,3066446,0.153448,402620,1
2,3066447,0.153448,398382,1
2,3066448,0.153448,397589,1
2,3066449,0.153448,393716,1
2,3066450,0.153448,389522,1
2,3066451,0.153448,385477,1
2,3066452,0.153448,381359,1
2,3066453,0.153448,377060,1
2,3066454,0.153448,372927,1
2,3066455,0.153448,368810,1
2,3066456,0.153449,365090,1
2,3066457,0.153449,361053,1
2,3066458,0.153449,356961,1
2,3066459,0.153449,352839,1
2,3066460,0.153449,348627,1
2,3066461,0.153449,344113,1
2,3066462,0.153449,339937,1
2,3066463,0.153449,335812,1
2,3066464,0.153449,334761,1
2,3066465,0.153449,330634,1
2,3066466,0.153449,326341,1
2,3066467,0.153449,322171,1
2,3066468,0.153449,317959,1
2,3066469,0.153449,313912,1
2,3066470,0.153449,309602,1
2,3066471,0.153449,305349,1
2,3066472,0.153449,302679,1
2,3066473,0.153449,298512,1
2,3066474,0.153449,294357,1
2,3066475,0.153449,290207,1
2,3066476,0.15345,286244,1
2,3066477,0.15345,281848,1
2,3066478,0.15345,277542,1
2,3066479,0.15345,273362,1
2,3066480,0.15345,271706,1
2,3066481,0.15345,267710,1
2,3066482,0.15345,263344,1
2,3066483,0.15345,259206,1
2,3066484,0.15345,255110,1
2,3066485,0.15345,250905,1
2,3066486,0.15345,246669,1
2,3066487,0.15345,242454,1
2,3066488,0.15345,240318,1
2,3066489,0.15345,236126,1
2,3066490,0.15345,232051,1
2,3066491,0.15345,227828,1
2,3066492,0.15345,223731,1
2,3066493,0.15345,219522,1
2,3066494,0.15345,215156,1
2,3066495,0.15345,211033,1
2,3066496,0.153451,209575,1
2,3066497,0.153451,205647,1
2,3066498,0.153451,202526,1
2,3066499,0.153451,198297,1
2,3066500,0.153451,193966,1
2,3066501,0.153451,189593,1
2,3066502,0.153451,185179,1
2,3066503,0.153451,180895,1
2,3066504,0.153451,179415,1
2,3066505,0.153451,175328,1
2,3066506,0.153451,170881,1
2,3066507,0.153451,166751,1
2,3066508,0.153451,162566,1
2,3066509,0.153451,158286,1
2,3066510,0.153451,154170,1
2,3066511,0.153451,149800,1
2,3066512,0.153451,148824,1
2,3066513,0.153451,144672,1
2,3066514,0.153451,140486,1
2,3066515,0.153451,136326,1
2,3066516,0.153452,132193,1
2,3066517,0.153452,127882,1
2,3066518,0.153452,123716,1
2,3066519,0.153452,119500,1
2,3066520,0.153452,116836,1
2,3066521,0.153452,112755,1
2,3066522,0.153452,108650,1
2,3066523,0.153452,104641,1
2,3066524,0.153452,100374,1
2,3066525,0.153452,96132,1
2,3066526,0.153452,91721,1
2,3066527,0.153452,87458,1
2,3066528,0.153452,87309,1
2,3066529,0.153452,83312,1
2,3066530,0.153452,78931,1
2,3066531,0.153452,74765,1
2,3066532,0.153452,70616,1
2,3066533,0.153452,66366,1
2,3069460,0.153599,68987,1
2,3069461,0.153599,64484,1
2,3070711,0.153661,35123,0
2,3076978,0.153975,67070,1
2,3078708,0.154062,35602,0
2,3086704,0.154462,35467,0
2,3094701,0.154862,34824,0
2,3102698,0.155262,34402,0
2,3110694,0.155662,34782,0
2,3111720,0.155714,67563,1
2,3115464,0.155901,68793,1
2,3115465,0.155901,64238,1
2,3118691,0.156062,36370,0
2,3126688,0.156463,34781,0
2,3134684,0.156863,35476,0
2,3140390,0.157148,68601,1
2,3140391,0.157148,64183,1
2,3142681,0.157263,34929,0
2,3150677,0.157663,35655,0
2,3158674,0.158063,34616,0
2,3166671,0.158463,34803,0
2,3166998,0.15848,71947,1
2,3166999,0.15848,67426,1
2,3174667,0.158863,34287,0
2,3182664,0.159264,34059,0
2,3190661,0.159664,36215,0
2,3198657,0.160064,35101,0
2,3206654,0.160464,35814,0
2,3214651,0.160864,34990,0
2,3217490,0.161006,65140,1
2,3221639,0.161214,71930,1
2,3221640,0.161214,67453,1
2,3222647,0.161264,35655,0
2,3230644,0.161665,36717,0
2,3238641,0.162065,38296,0
2,3246637,0.162465,34916,0
2,3254634,0.162865,36225,0
2,3262631,0.163265,34818,0
2,3270627,0.163665,35133,0
2,3278624,0.164066,34607,0
2,3286620,0.164466,35051,0
2,3294617,0.164866,35287,0
2,3298563,0.165063,69763,1
2,3298564,0.165063,65272,1
2,3302614,0.165266,34368,0
2,3305873,0.165429,70287,1
2,3305874,0.165429,65897,1
2,3305875,0.165429,71492,1
2,3305876,0.165429,66967,1
2,3310610,0.165666,37050,0
2,3318607,0.166066,34685,0
2,3326604,0.166467,34837,0
2,3334600,0.166867,35932,0
2,3342078,0.167241,72641,1
2,3342079,0.167241,68191,1
2,3342080,0.167241,63571,1
2,3342597,0.167267,37740,0
2,3349638,0.167619,63731,1
2,3350594,0.167667,35812,0
2,3356196,0.167947,66246,1
2,3358590,0.168067,34263,0
2,3366587,0.168467,37782,0
2,3374584,0.168868,36302,0
2,3382580,0.169268,35900,0
2,3390577,0.169668,37822,0
2,3398573,0.170068,35348,0
2,3400734,0.170176,68538,1
2,3400735,0.170176,63985,1
2,3401657,0.170222,67229,1
2,3406570,0.170468,34039,0
2,3412570,0.170768,76826,1
2,3412571,0.170768,72264,1
2,3412572,0.170769,67608,1
2,3414567,0.170868,35535,0
2,3422563,0.171268,36776,0
2,3430560,0.171669,35007,0
2,3431004,0.171691,63883,1
2,3431005,0.171691,69900,1
2,3431006,0.171691,65392,1
2,3438557,0.172069,35882,0
2,3446553,0.172469,35590,0
2,3454550,0.172869,34751,0
2,3462547,0.173269,34936,0
2,3464070,0.173346,67554,1
2,3470543,0.173669,35059,0
2,3478540,0.17407,35403,0
2,3480740,0.17418,63359,1
2,3486537,0.17447,35124,0
2,3494533,0.17487,35980,0
2,3502453,0.175266,64671,1
2,3502530,0.17527,34953,0
2,3510527,0.17567,37696,0
2,3518523,0.17607,36101,0
2,3521956,0.176242,69836,1
2,3521957,0.176242,65429,1
2,3526520,0.176471,34704,0
2,3529450,0.176617,70847,1
2,3529451,0.176617,66466,1
2,3534516,0.176871,34022,0
2,3542513,0.177271,34862,0
2,3550510,0.177671,35335,0
2,3557848,0.178038,67282,1
2,3558506,0.178071,35787,0
2,3566503,0.178471,36935,0
2,3574500,0.178872,35646,0
2,3582496,0.179272,35960,0
2,3590493,0.179672,35081,0
2,3592275,0.179761,68895,1
2,3592276,0.179761,64364,1
2,3593184,0.179807,63598,1
2,3593186,0.179807,63627,1
2,3596013,0.179948,68477,1
2,3596014,0.179948,63958,1
2,3598190,0.180057,63361,1
2,3598490,0.180072,36009,0
2,3601056,0.1802,68038,1
2,3601057,0.1802,63426,1
2,3601933,0.180244,65418,1
2,3604309,0.180363,64827,1
2,3606486,0.180472,34952,0
2,3614483,0.180872,36202,0
2,3622480,0.181273,37499,0
2,3624788,0.181388,77563,1
2,3624789,0.181388,72924,1
2,3624790,0.181388,68427,1
2,3624791,0.181388,63813,1
2,3630476,0.181673,35775,0
2,3638473,0.182073,35599,0
2,3639446,0.182122,70856,1
2,3639447,0.182122,66250,1
2,3646469,0.182473,34887,0
2,3654466,0.182873,36369,0
2,3660228,0.183161,63948,1
2,3662463,0.183273,34770,0
2,3665338,0.183417,69512,1
2,3665339,0.183417,65203,1
2,3670459,0.183673,34370,0
2,3678456,0.184074,36457,0
2,3686453,0.184474,36088,0
2,3694449,0.184874,34677,0
2,3702446,0.185274,36647,0
2,3710443,0.185674,34694,0
2,3713991,0.185852,63390,1
2,3718439,0.186074,35055,0
2,3721852,0.186245,63264,1
2,3726436,0.186475,36057,0
2,3734433,0.186875,36675,0
2,3742429,0.187275,36681,0
2,3750426,0.187675,34565,0
2,3750812,0.187694,64089,1
2,3758422,0.188075,35895,0
2,3766419,0.188475,34308,0
2,3774416,0.188876,36605,0
2,3782412,0.189276,35107,0
2,3790409,0.189676,34669,0
2,3798406,0.190076,36038,0
2,3806402,0.190476,35334,0
2,3814399,0.190876,34291,0
2,3822396,0.191277,35162,0
2,3823366,0.191325,64239,1
2,3826883,0.191501,68978,1
2,3826884,0.191501,64391,1
2,3830392,0.191677,36723,0
2,3838389,0.192077,34784,0
2,3840296,0.192172,75154,1
2,3840297,0.192172,70573,1
2,3840298,0.192172,66031,1
2,3846386,0.192477,35674,0
2,3854382,0.192877,35592,0
2,3862379,0.193277,35629,0
2,3870376,0.193677,35297,0
2,3871292,0.193723,66672,1
2,3878372,0.194078,37128,0
2,3886369,0.194478,35266,0
2,3894365,0.194878,34712,0
2,3902362,0.195278,34139,0
2,3910359,0.195678,37203,0
2,3918355,0.196078,35625,0
2,3926352,0.196479,35593,0
2,3934349,0.196879,35488,0
2,3940558,0.197189,83840,1
2,3940559,0.197189,79574,1
2,3940560,0.19719,75005,1
2,3940561,0.19719,70353,1
2,3940562,0.19719,65812,1
2,3940640,0.197194,126530,1
2,3940641,0.197194,131018,1
2,3940642,0.197194,126273,1
2,3940643,0.197194,121689,1
2,3940644,0.197194,117178,1
2,3940645,0.197194,112504,1
2,3940646,0.197194,107882,1
2,3940647,0.197194,103215,1
2,3940648,0.197194,98602,1
2,3940649,0.197194,94113,1
2,3940650,0.197194,89692,1
2,3940651,0.197194,86179,1
2,3940652,0.197194,90472,1
2,3940653,0.197194,85911,1
2,3940654,0.197194,81216,1
2,3940655,0.197194,76925,1
2,3940656,0.197194,72417,1
2,3940657,0.197194,67758,1
2,3942345,0.197279,34447,0
2,3943254,0.197324,67187,1
2,3943334,0.197328,124907,1
2,3943335,0.197328,120826,1
2,3943336,0.197328,131981,1
2,3943337,0.197329,127499,1
2,3943338,0.197329,123032,1
2,3943339,0.197329,118731,1
2,3943340,0.197329,114162,1
2,3943341,0.197329,109434,1
2,3943342,0.197329,104905,1
2,3943343,0.197329,100473,1
2,3943344,0.197329,95817,1
2,3943345,0.197329,91380,1
2,3943346,0.197329,86694,1
2,3943347,0.197329,82115,1
2,3943348,0.197329,77571,1
2,3943349,0.197329,72964,1
2,3943350,0.197329,68293,1
2,3943351,0.197329,63744,1
2,3944324,0.197378,143051,1
2,3944325,0.197378,139108,1
2,3944326,0.197378,135015,1
2,3944327,0.197378,130777,1
2,3944328,0.197378,126616,1
2,3944329,0.197378,122664,1
2,3944330,0.197378,118653,1
2,3944331,0.197378,114945,1
2,3944332,0.197378,110767,1
2,3944333,0.197378,106756,1
2,3944334,0.197378,102385,1
2,3944335,0.197378,98233,1
2,3944336,0.197379,94073,1
2,3944337,0.197379,89929,1
2,3944338,0.197379,85882,1
2,3944339,0.197379,81550,1
2,3944340,0.197379,78401,1
2,3944341,0.197379,74620,1
2,3944342,0.197379,70374,1
2,3944343,0.197379,66439,1
2,3950342,0.197679,34861,0
2,3958339,0.198079,35603,0
2,3966335,0.198479,36359,0
2,3974332,0.19888,37387,0
2,3982329,0.19928,34816,0
2,3982667,0.199297,68544,1
2,3982668,0.199297,64048,1
2,3990325,0.19968,35520,0
2,3994350,0.199881,79867,1
2,3994351,0.199881,75430,1
2,3994352,0.199881,70779,1
2,3994353,0.199881,66248,1
2,3998322,0.20008,34879,0
2,4006318,0.20048,33961,0
2,4014315,0.20088,34356,0
2,4022312,0.20128,35825,0
2,4030308,0.201681,37910,0
2,4038305,0.202081,37385,0
2,4046302,0.202481,34686,0
2,4054298,0.202881,35116,0
2,4062295,0.203281,34697,0
2,4070292,0.203681,36135,0
2,4071132,0.203724,63994,1
2,4072558,0.203795,65306,1
2,4078288,0.204082,37462,0
2,4083892,0.204362,71899,1
2,4083893,0.204362,67277,1
2,4084212,0.204378,64088,1
2,4086285,0.204482,34738,0
2,4094282,0.204882,37417,0
2,4102278,0.205282,35193,0
2,4110275,0.205682,36410,0
2,4118271,0.206082,35056,0
2,4123714,0.206355,72302,1
2,4123715,0.206355,67742,1
2,4126268,0.206483,36655,0
2,4131982,0.206768,67366,1
2,4134265,0.206883,35006,0
2,4134359,0.206887,66780,1
2,4142261,0.207283,35220,0
2,4143264,0.207333,64520,1
2,4150258,0.207683,35562,0
2,4158255,0.208083,34667,0
2,4161292,0.208235,67127,1
2,4166251,0.208483,35141,0
2,4174248,0.208884,33658,0
2,4182245,0.209284,36619,0
2,4190241,0.209684,36988,0
2,4198238,0.210084,38424,0
2,4198519,0.210098,63269,1
2,4206235,0.210484,35726,0
2,4214231,0.210884,34833,0
2,4220197,0.211183,76524,1
2,4220198,0.211183,79415,1
2,4220199,0.211183,74800,1
2,4220200,0.211183,70153,1
2,4220201,0.211183,65541,1
2,4222228,0.211284,35364,0
2,4230225,0.211685,34967,0
2,4238221,0.212085,34423,0
2,4239168,0.212132,65356,1
2,4246218,0.212485,35582,0
2,4254214,0.212885,34919,0
2,4261665,0.213258,64777,1
2,4262211,0.213285,35413,0
2,4270208,0.213685,34986,0
2,4278204,0.214086,34974,0
2,4286201,0.214486,35621,0
2,4294198,0.214886,34547,0
2,4302194,0.215286,34856,0
2,4302627,0.215308,66891,1
2,4310191,0.215686,35525,0
2,4312676,0.215811,73222,1
2,4312677,0.215811,68668,1
2,4312678,0.215811,64180,1
2,4318188,0.216086,35838,0
2,4326184,0.216487,35913,0
2,4334181,0.216887,34591,0
2,4340066,0.217181,68927,1
2,4340067,0.217181,64535,1
2,4342178,0.217287,34433,0
2,4348673,0.217612,63597,1
2,4350174,0.217687,36598,0
2,4358171,0.218087,36289,0
2,4366167,0.218487,34898,0
2,4374164,0.218888,36019,0
2,4382161,0.219288,35883,0
2,4390157,0.219688,34822,0
2,4398154,0.220088,34907,0
2,4405347,0.220448,66328,1
2,4406151,0.220488,35044,0
2,4413126,0.220837,68183,1
2,4413127,0.220837,63645,1
2,4414147,0.220888,36340,0
2,4422144,0.221288,36011,0
2,4430141,0.221689,36756,0
2,4436730,0.222018,65432,1
2,4438137,0.222089,34189,0
2,4446134,0.222489,34663,0
2,4454131,0.222889,34720,0
2,4462127,0.223289,35169,0
2,4470124,0.223689,35478,0
2,4478121,0.22409,34309,0
2,4486117,0.22449,35028,0
2,4494114,0.22489,35203,0
2,4502110,0.22529,37343,0
2,4510107,0.22569,36253,0
2,4518104,0.22609,36097,0
2,4521628,0.226267,63496,1
2,4526100,0.226491,36683,0
2,4534097,0.226891,39951,0
2,4542094,0.227291,34531,0
2,4542305,0.227301,69043,1
2,4542306,0.227302,64702,1
2,4547081,0.22754,71471,1
2,4547082,0.227541,67041,1
2,4548011,0.227587,63713,1
2,4550090,0.227691,34767,0
2,4554873,0.22793,65666,1
2,4557456,0.22806,64096,1
2,4557457,0.22806,68958,1
2,4557458,0.22806,64641,1
2,4558087,0.228091,35538,0
2,4566084,0.228491,36339,0
2,4574080,0.228892,35266,0
2,4582077,0.229292,36092,0
2,4590074,0.229692,37480,0
2,4593034,0.22984,63412,1
2,4598070,0.230092,34462,0
2,4606067,0.230492,34693,0
2,4614063,0.230892,35376,0
2,4622060,0.231292,35850,0
2,4624984,0.231439,68458,1
2,4624985,0.231439,64000,1
2,4630057,0.231693,37222,0
2,4638053,0.232093,34234,0
2,4641243,0.232252,64410,1
2,4646050,0.232493,36456,0
2,4654047,0.232893,34442,0
2,4662043,0.233293,36417,0
2,4670040,0.233693,35415,0
2,4678037,0.234094,35639,0
2,4686033,0.234494,35812,0
2,4692753,0.23483,63525,1
2,4694030,0.234894,35027,0
2,4698001,0.235093,74499,1
2,4698002,0.235093,69882,1
2,4698003,0.235093,65333,1
2,4702027,0.235294,35206,0
2,4710023,0.235694,34404,0
2,4718020,0.236094,36448,0
2,4726016,0.236495,34552,0
2,4734013,0.236895,36118,0
2,4742010,0.237295,35268,0
2,4743700,0.237379,73200,1
2,4743701,0.23738,68688,1
2,4743702,0.23738,68968,1
2,4743703,0.23738,64385,1
2,4748006,0.237595,67755,1
2,4750006,0.237695,34923,0
2,4758003,0.238095,34947,0
2,4766000,0.238495,34312,0
2,4767751,0.238583,68971,1
2,4767752,0.238583,64521,1
2,4773996,0.238896,34679,0
2,4781993,0.239296,39341,0
2,4788758,0.239634,67421,1
2,4789990,0.239696,36821,0
2,4797986,0.240096,36274,0
2,4805983,0.240496,35824,0
2,4813980,0.240896,35906,0
2,4821976,0.241296,34616,0
2,4829973,0.241697,34628,0
2,4837970,0.242097,35316,0
2,4844187,0.242408,69762,1
2,4844188,0.242408,65119,1
2,4845966,0.242497,35953,0
2,4847000,0.242549,64085,1
2,4853963,0.242897,35441,0
2,4861959,0.243297,35197,0
2,4862413,0.24332,68416,1
2,4862414,0.24332,63966,1
2,4869956,0.243697,35277,0
2,4877953,0.244098,35622,0
2,4885949,0.244498,36612,0
2,4893946,0.244898,35782,0
2,4901015,0.245252,66681,1
2,4901943,0.245298,36498,0
2,4905606,0.245481,70092,1
2,4905607,0.245481,65512,1
2,4909939,0.245698,34687,0
2,4911762,0.245789,65195,1
2,4917936,0.246098,35899,0
2,4923023,0.246353,63772,1
2,4925933,0.246499,34238,0
2,4932840,0.246844,87098,1
2,4932841,0.246844,82635,1
2,4932842,0.246844,78147,1
2,4932843,0.246844,73645,1
2,4932844,0.246844,69058,1
2,4932845,0.246844,64535,1
2,4933929,0.246899,36090,0
2,4941926,0.247299,36793,0
2,4948190,0.247612,65776,1
2,4949923,0.247699,35677,0
2,4957919,0.248099,36004,0
2,4958719,0.248139,67351,1
2,4965916,0.248499,34625,0
2,4973912,0.2489,36376,0
2,4975745,0.248991,63515,1
2,4981909,0.2493,35497,0
2,4989906,0.2497,34289,0
2,4997902,0.2501,35406,0
2,5005899,0.2505,36058,0
2,5012888,0.25085,69016,1
2,5012889,0.25085,64796,1
2,5013896,0.2509,35813,0
2,5021892,0.2513,34274,0
2,5029889,0.251701,36822,0
2,5037886,0.252101,35891,0
2,5041703,0.252292,71424,1
2,5041704,0.252292,67002,1
2,5045882,0.252501,34420,0
2,5053879,0.252901,51269,1
2,5061393,0.253277,72788,1
2,5061394,0.253277,68154,1
2,5061395,0.253277,63589,1
2,5061876,0.253301,34056,0
2,5062111,0.253313,70858,1
2,5062112,0.253313,66251,1
2,5069872,0.253701,36180,0
2,5073392,0.253878,65644,1
2,5077869,0.254102,36028,0
2,5085866,0.254502,35649,0
2,5087830,0.2546,65730,1
2,5093862,0.254902,34279,0
2,5101859,0.255302,34800,0
2,5109855,0.255702,35161,0
2,5117852,0.256102,35650,0
2,5118881,0.256154,67944,1
2,5118882,0.256154,63401,1
2,5122964,0.256358,70028,1
2,5122965,0.256358,65708,1
2,5125849,0.256503,35459,0
2,5133845,0.256903,35150,0
2,5141842,0.257303,35403,0
2,5149839,0.257703,34608,0
2,5157835,0.258103,34636,0
2,5165832,0.258503,41199,0
2,5173829,0.258904,34914,0
2,5181825,0.259304,34497,0
2,5184015,0.259413,65641,1
2,5189822,0.259704,34217,0
2,5197819,0.260104,35595,0
2,5205815,0.260504,35028,0
2,5209001,0.260664,67347,1
2,5209017,0.260664,63407,1
2,5213812,0.260904,35331,0
2,5221808,0.261304,36163,0
2,5229805,0.261705,34596,0
2,5235099,0.26197,65485,1
2,5237802,0.262105,34747,0
2,5245798,0.262505,37331,0
2,5248680,0.262649,64394,1
2,5253795,0.262905,36389,0
2,5261792,0.263305,34895,0
2,5269258,0.263679,64896,1
2,5269788,0.263705,34522,0
2,5277785,0.264106,35745,0
2,5281022,0.264268,65405,1
2,5285782,0.264506,35037,0
2,5293778,0.264906,35764,0
2,5294342,0.264934,67180,1
2,5294343,0.264934,73094,1
2,5294344,0.264934,68444,1
2,5294345,0.264934,63980,1
2,5301775,0.265306,35230,0
2,5309772,0.265706,34549,0
2,5317768,0.266106,44952,0
2,5325765,0.266507,34234,0
2,5333761,0.266907,35935,0
2,5341758,0.267307,34593,0
2,5341885,0.267313,70866,1
2,5341886,0.267313,66361,1
2,5341887,0.267313,66906,1
2,5342642,0.267351,65130,1
2,5344058,0.267422,70958,1
2,5344059,0.267422,66387,1
2,5349755,0.267707,35906,0
2,5357751,0.268107,34791,0
2,5364180,0.268429,63671,1
2,5365748,0.268507,37641,0
2,5373745,0.268908,33792,0
2,5380259,0.269234,66947,1
2,5381741,0.269308,34273,0
2,5389738,0.269708,35436,0
2,5397735,0.270108,34487,0
2,5405731,0.270508,36194,0
2,5409053,0.270674,63471,1
2,5409054,0.270674,68223,1
2,5409055,0.270675,65579,1
2,5409056,0.270675,65897,1
2,5409057,0.270675,63502,1
2,5413728,0.270908,36635,0
2,5421725,0.271309,35803,0
2,5429721,0.271709,37805,0
2,5437718,0.272109,36124,0
2,5445715,0.272509,34258,0
2,5453711,0.272909,35207,0
2,5461708,0.273309,37246,0
2,5469704,0.273709,33839,0
2,5477701,0.27411,34505,0
2,5479887,0.274219,64264,1
2,5485698,0.27451,35389,0
2,5493694,0.27491,34364,0
2,5494183,0.274934,64544,1
2,5496707,0.275061,68873,1
2,5496708,0.275061,64342,1
2,5497082,0.275079,68438,1
2,5497083,0.27508,63984,1
2,5501691,0.27531,35374,0
2,5509688,0.27571,34751,0
2,5517684,0.27611,35469,0
2,5525681,0.276511,34714,0
2,5533678,0.276911,34115,0
2,5536539,0.277054,67677,1
2,5541674,0.277311,35012,0
2,5549671,0.277711,35968,0
2,5552703,0.277863,119734,1
2,5552704,0.277863,115666,1
2,5552705,0.277863,111392,1
2,5552706,0.277863,107333,1
2,5552707,0.277863,103066,1
2,5552708,0.277863,98986,1
2,5552709,0.277863,94796,1
2,5552710,0.277863,102767,1
2,5552711,0.277863,98271,1
2,5552712,0.277863,93623,1
2,5552713,0.277863,89099,1
2,5552714,0.277863,84440,1
2,5552715,0.277863,79850,1
2,5552716,0.277863,75285,1
2,5552717,0.277863,70730,1
2,5552718,0.277864,66085,1
2,5555264,0.277991,76583,1
2,5555265,0.277991,72009,1
2,5555266,0.277991,67613,1
2,5557668,0.278111,34369,0
2,5565664,0.278511,36126,0
2,5573661,0.278912,35445,0
2,5581657,0.279312,35314,0
2,5589654,0.279712,35712,0
2,5590535,0.279756,66150,1
2,5597651,0.280112,34498,0
2,5598059,0.280132,63369,1
2,5598060,0.280132,67102,1
2,5598061,0.280133,66732,1
2,5598062,0.280133,69747,1
2,5598063,0.280133,66370,1
2,5598064,0.280133,63819,1
2,5605647,0.280512,34697,0
2,5613644,0.280912,34635,0
2,5621641,0.281313,34752,0
2,5623962,0.281429,64932,1
2,5629637,0.281713,38164,0
2,5637634,0.282113,34836,0
2,5645631,0.282513,39018,0
2,5653627,0.282913,35298,0
2,5661624,0.283313,36457,0
2,5661626,0.283313,67538,1
2,5669621,0.283713,35676,0
2,5677617,0.284114,34450,0
2,5677635,0.284115,65399,1
2,5681726,0.284319,68830,1
2,5681727,0.284319,64547,1
2,5685614,0.284514,39269,0
2,5693610,0.284914,36291,0
2,5701607,0.285314,35874,0
2,5709604,0.285714,36037,0
2,5717600,0.286114,36967,0
2,5719223,0.286196,71885,1
2,5719224,0.286196,67486,1
2,5725597,0.286515,35699,0
2,5733594,0.286915,35405,0
2,5741590,0.287315,36420,0
2,5749587,0.287715,35297,0
2,5751053,0.287788,68971,1
2,5751054,0.287788,64472,1
2,5752724,0.287872,71247,1
2,5752725,0.287872,66797,1
2,5755432,0.288008,65265,1
2,5757584,0.288115,35401,0
2,5765580,0.288515,35597,0
2,5773577,0.288916,34984,0
2,5774704,0.288972,68078,1
2,5774705,0.288972,63432,1
2,5781574,0.289316,36292,0
2,5789570,0.289716,37483,0
2,5790263,0.289751,68476,1
2,5790264,0.289751,63821,1
2,5793203,0.289898,63989,1
2,5797567,0.290116,34720,0
2,5805564,0.290516,34650,0
2,5813560,0.290916,34797,0
2,5821557,0.291317,36982,0
2,5824456,0.291462,73421,1
2,5824457,0.291462,68974,1
2,5824458,0.291462,64279,1
2,5829553,0.291717,35849,0
2,5837550,0.292117,36364,0
2,5845547,0.292517,36176,0
2,5853543,0.292917,35790,0
2,5861540,0.293317,36573,0
2,5869537,0.293717,34848,0
2,5877533,0.294118,35697,0
2,5881078,0.294295,74817,1
2,5881079,0.294295,70479,1
2,5881080,0.294295,65880,1
2,5885530,0.294518,35119,0
2,5888606,0.294672,66940,1
2,5888607,0.294672,64895,1
2,5888608,0.294672,66848,1
2,5888609,0.294672,73010,1
2,5888610,0.294672,68490,1
2,5888611,0.294672,63901,1
2,5893527,0.294918,35219,0
2,5901523,0.295318,36151,0
2,5905087,0.295496,63447,1
2,5909520,0.295718,35494,0
2,5917517,0.296118,36660,0
2,5922990,0.296392,63629,1
2,5925513,0.296519,34233,0
2,5933510,0.296919,34312,0
2,5939740,0.297231,66793,1
2,5941506,0.297319,33834,0
2,5949503,0.297719,35544,0
2,5952363,0.297862,68904,1
2,5952364,0.297862,64214,1
2,5957500,0.298119,34895,0
2,5965496,0.298519,36831,0
2,5973493,0.29892,34112,0
2,5981490,0.29932,34859,0
2,5985818,0.299536,67838,1
2,5985819,0.299536,63356,1
2,5989486,0.29972,36717,0
2,5997483,0.30012,35370,0
2,6005480,0.30052,35250,0
2,6013476,0.30092,34731,0
2,6021473,0.301321,34719,0
2,6029470,0.301721,35900,0
2,6037466,0.302121,35760,0
2,6045463,0.302521,34588,0
2,6053460,0.302921,37606,0
2,6061456,0.303321,34523,0
2,6069453,0.303721,35830,0
2,6077449,0.304122,35829,0
2,6085446,0.304522,35920,0
2,6093443,0.304922,34972,0
2,6094245,0.304962,66731,1
2,6097694,0.305135,65102,1
2,6101439,0.305322,35683,0
2,6109436,0.305722,37877,0
2,6117433,0.306122,35161,0
2,6119203,0.306211,64095,1
2,6125429,0.306523,37099,0
2,6133426,0.306923,34931,0
2,6141423,0.307323,34572,0
2,6149419,0.307723,35150,0
2,6157416,0.308123,35550,0
2,6164145,0.30846,74011,1
2,6164146,0.30846,69257,1
2,6164147,0.30846,64739,1
2,6165413,0.308523,34799,0
2,6166644,0.308585,65692,1
2,6169956,0.308751,66017,1
2,6173409,0.308924,36227,0
2,6181406,0.309324,35274,0
2,6185944,0.309551,88111,1
2,6185945,0.309551,83648,1
2,6185946,0.309551,78895,1
2,6185947,0.309551,74308,1
2,6185948,0.309551,69808,1
2,6185949,0.309551,65132,1
2,6189402,0.309724,37524,0
2,6192970,0.309902,68234,1
2,6192971,0.309902,63707,1
2,6197399,0.310124,35235,0
2,6205396,0.310524,47702,0
2,6213392,0.310924,36428,0
2,6221389,0.311325,35727,0
2,6229386,0.311725,36185,0
2,6237382,0.312125,37379,0
2,6245379,0.312525,35908,0
2,6253376,0.312925,35372,0
2,6261372,0.313325,35129,0
2,6263015,0.313408,68188,1
2,6263016,0.313408,63688,1
2,6269369,0.313725,36488,0
2,6277366,0.314126,37249,0
2,6277742,0.314144,64016,1
2,6285362,0.314526,37921,0
2,6293359,0.314926,35269,0
2,6301355,0.315326,34720,0
2,6306574,0.315587,65338,1
2,6309352,0.315726,35600,0
2,6317349,0.316126,36927,0
2,6323345,0.316426,66008,1
2,6325345,0.316527,38085,0
2,6333342,0.316927,35457,0
2,6341339,0.317327,35545,0
2,6341377,0.317329,66427,1
2,6349335,0.317727,34992,0
2,6357332,0.318127,36219,0
2,6362051,0.318363,73411,1
2,6362052,0.318363,68879,1
2,6362053,0.318363,64185,1
2,6364144,0.318468,63927,1
2,6365261,0.318524,64747,1
2,6365329,0.318527,35630,0
2,6373325,0.318928,35717,0
2,6381322,0.319328,35132,0
2,6385049,0.319514,67107,1
2,6389319,0.319728,37025,0
2,6397315,0.320128,36942,0
2,6405312,0.320528,34923,0
2,6413309,0.320928,36268,0
2,6415756,0.321051,71708,1
2,6415757,0.321051,66929,1
2,6416993,0.321113,65887,1
2,6417008,0.321113,63353,1
2,6420143,0.32127,78839,1
2,6420144,0.32127,74234,1
2,6420145,0.32127,71507,1
2,6420146,0.321271,66886,1
2,6420147,0.321271,64436,1
2,6420148,0.321271,78827,1
2,6420149,0.321271,74604,1
2,6420150,0.321271,69989,1
2,6420151,0.321271,65306,1
2,6421305,0.321328,36803,0
2,6424594,0.321493,63462,1
2,6429302,0.321729,36675,0
2,6432225,0.321875,65068,1
2,6437298,0.322129,37254,0
2,6445295,0.322529,49830,0
2,6453292,0.322929,35803,0
2,6455778,0.323054,65917,1
2,6460529,0.323291,72786,1
2,6460530,0.323291,68009,1
2,6460531,0.323291,63420,1
2,6461288,0.323329,35860,0
2,6469285,0.323729,34955,0
2,6477282,0.32413,36154,0
2,6485278,0.32453,35266,0
2,6490162,0.324774,63978,1
2,6493275,0.32493,35136,0
2,6501272,0.32533,35480,0
2,6509268,0.32573,35484,0
2,6509366,0.325735,64426,1
2,6517265,0.32613,34647,0
2,6525262,0.326531,34500,0
2,6533258,0.326931,37009,0
2,6541255,0.327331,39080,0
2,6549251,0.327731,36092,0
2,6557248,0.328131,34686,0
2,6565245,0.328531,35244,0
2,6573241,0.328932,39250,0
2,6581238,0.329332,37393,0
2,6583752,0.329458,71993,1
2,6583753,0.329458,67327,1
2,6589235,0.329732,37032,0
2,6597231,0.330132,35060,0
2,6602724,0.330407,64500,1
2,6605228,0.330532,35435,0
2,6613225,0.330932,35593,0
2,6621221,0.331332,34739,0
2,6629028,0.331723,66356,1
2,6629218,0.331733,36173,0
2,6637215,0.332133,36355,0
2,6645211,0.332533,37140,0
2,6653208,0.332933,35375,0
2,6661205,0.333333,37647,0
2,6669201,0.333733,35000,0
2,6677198,0.334134,35274,0
2,6685194,0.334534,35451,0
2,6693191,0.334934,36173,0
2,6697629,0.335156,69643,1
2,6697630,0.335156,65016,1
2,6701188,0.335334,35937,0
2,6709184,0.335734,37641,0
2,6717181,0.336134,35702,0
2,6721715,0.336361,71429,1
2,6721716,0.336361,66907,1
2,6725178,0.336535,35035,0
2,6733174,0.336935,35538,0
2,6737184,0.337135,63307,1
2,6741171,0.337335,35539,0
2,6749168,0.337735,36108,0
2,6757164,0.338135,35881,0
2,6765161,0.338535,35200,0
2,6773158,0.338936,35398,0
2,6781154,0.339336,35640,0
2,6789151,0.339736,36539,0
2,6789574,0.339757,67269,1
2,6797147,0.340136,34656,0
2,6805144,0.340536,35759,0
2,6813141,0.340936,35210,0
2,6821137,0.341336,36693,0
2,6829134,0.341737,34950,0
2,6837131,0.342137,35819,0
2,6845127,0.342537,36817,0
2,6853124,0.342937,37329,0
2,6861121,0.343337,35900,0
2,6869117,0.343737,35523,0
2,6877114,0.344138,35627,0
2,6885111,0.344538,37028,0
2,6888697,0.344717,66503,1
2,6893107,0.344938,36698,0
2,6901104,0.345338,35650,0
2,6909100,0.345738,35930,0
2,6917097,0.346138,35483,0
2,6925094,0.346539,36546,0
2,6930962,0.346832,70361,1
2,6930963,0.346832,65701,1
2,6933090,0.346939,35356,0
2,6934694,0.347019,74091,1
2,6934695,0.347019,69573,1
2,6934696,0.347019,64962,1
2,6940970,0.347333,63803,1
2,6941087,0.347339,36684,0
2,6949084,0.347739,37405,0
2,6949753,0.347773,68336,1
2,6949754,0.347773,63526,1
2,6952302,0.3479,65022,1
2,6957080,0.348139,35570,0
2,6965077,0.348539,34517,0
2,6973074,0.34894,37543,0
2,6977359,0.349154,69926,1
2,6977360,0.349154,65244,1
2,6981070,0.34934,35184,0
2,6983931,0.349483,66236,1
2,6989067,0.34974,36625,0
2,6997064,0.35014,36410,0
2,7005060,0.35054,36149,0
2,7009625,0.350769,63573,1
2,7013057,0.35094,42651,0
2,7021054,0.351341,35461,0
2,7029050,0.351741,37680,0
2,7036889,0.352133,69720,1
2,7036890,0.352133,64916,1
2,7037047,0.352141,35421,0
2,7041171,0.352347,69288,1
2,7041172,0.352347,64766,1
2,7045043,0.352541,35351,0
2,7047559,0.352667,64645,1
2,7053040,0.352941,35781,0
2,7053961,0.352987,64248,1
2,7060979,0.353338,65039,1
2,7061037,0.353341,35532,0
2,7069033,0.353741,34588,0
2,7069459,0.353763,65075,1
2,7077030,0.354142,36787,0
2,7083776,0.354479,70084,1
2,7083777,0.354479,65642,1
2,7085027,0.354542,35887,0
2,7093023,0.354942,35607,0
2,7097295,0.355156,65780,1
2,7100816,0.355332,68029,1
2,7100817,0.355332,63453,1
2,7101020,0.355342,35269,0
2,7101372,0.35536,65950,1
2,7109017,0.355742,35851,0
2,7117013,0.356142,35815,0
2,7125010,0.356543,35524,0
2,7133007,0.356943,36871,0
2,7141003,0.357343,36574,0
2,7148469,0.357717,64312,1
2,7149000,0.357743,34868,0
2,7156996,0.358143,36760,0
2,7164993,0.358543,34873,0
2,7172990,0.358944,35001,0
2,7178730,0.359231,63675,1
2,7180986,0.359344,35048,0
2,7188983,0.359744,35416,0
2,7196980,0.360144,35172,0
2,7204976,0.360544,35950,0
2,7212973,0.360944,36741,0
2,7220970,0.361345,35811,0
2,7228966,0.361745,38275,0
2,7236963,0.362145,35948,0
2,7240258,0.36231,69190,1
2,7240259,0.36231,64616,1
2,7244960,0.362545,37121,0
2,7252956,0.362945,35569,0
2,7260953,0.363345,37479,0
2,7268949,0.363745,35868,0
2,7275595,0.364078,68614,1
2,7275596,0.364078,73234,1
2,7275597,0.364078,69573,1
2,7275598,0.364078,108013,1
2,7275599,0.364078,103450,1
2,7275600,0.364078,98748,1
2,7275601,0.364078,94207,1
2,7275602,0.364078,89648,1
2,7275603,0.364078,85407,1
2,7275604,0.364078,87779,1
2,7275605,0.364079,83094,1
2,7275606,0.364079,78524,1
2,7275607,0.364079,74000,1
2,7275608,0.364079,76247,1
2,7275609,0.364079,71641,1
2,7275610,0.364079,66871,1
2,7276946,0.364146,35793,0
2,7284943,0.364546,35161,0
2,7292939,0.364946,35264,0
2,7296210,0.36511,66722,1
2,7296211,0.36511,72973,1
2,7296212,0.36511,68389,1
2,7296213,0.36511,63935,1
2,7300936,0.365346,36224,0
2,7304829,0.365541,64728,1
2,7308933,0.365746,34494,0
2,7312231,0.365911,67667,1
2,7316929,0.366146,35032,0
2,7324926,0.366547,35128,0
2,7332923,0.366947,37022,0
2,7333262,0.366964,65937,1
2,7339741,0.367288,68390,1
2,7339742,0.367288,63912,1
2,7340919,0.367347,35075,0
2,7348916,0.367747,37509,0
2,7351108,0.367857,66617,1
2,7356913,0.368147,36254,0
2,7364909,0.368547,36193,0
2,7372906,0.368948,35696,0
2,7373265,0.368966,70103,1
2,7373266,0.368966,65498,1
2,7379603,0.369283,71493,1
2,7379604,0.369283,66885,1
2,7380903,0.369348,36544,0
2,7388899,0.369748,34580,0
2,7389395,0.369773,69818,1
2,7389396,0.369773,65180,1
2,7396896,0.370148,35827,0
2,7404892,0.370548,42836,0
2,7412889,0.370948,36145,0
2,7413858,0.370997,73423,1
2,7413859,0.370997,68773,1
2,7413860,0.370997,64354,1
2,7420886,0.371349,36947,0
2,7428882,0.371749,36582,0
2,7436879,0.372149,36017,0
2,7442128,0.372411,67867,1
2,7442129,0.372412,63390,1
2,7444876,0.372549,35499,0
2,7452872,0.372949,36538,0
2,7460869,0.373349,35772,0
2,7464782,0.373545,73168,1
2,7464783,0.373545,68618,1
2,7464784,0.373545,63991,1
2,7468866,0.373749,36051,0
2,7475903,0.374102,66541,1
2,7476783,0.374146,65296,1
2,7476862,0.37415,36098,0
2,7484859,0.37455,38063,0
2,7488675,0.374741,65146,1
2,7490362,0.374825,64909,1
2,7492856,0.37495,34798,0
2,7500852,0.37535,36748,0
2,7502257,0.37542,63558,1
2,7502258,0.37542,67873,1
2,7502833,0.375449,63734,1
2,7504033,0.375509,82142,1
2,7504034,0.375509,91270,1
2,7504035,0.375509,86720,1
2,7504036,0.375509,82155,1
2,7504037,0.375509,77476,1
2,7504038,0.37551,72940,1
2,7504039,0.37551,68343,1
2,7504040,0.37551,63735,1
2,7508814,0.375749,66414,1
2,7508849,0.37575,34768,0
2,7516247,0.37612,71317,1
2,7516248,0.376121,66659,1
2,7516845,0.37615,35894,0
2,7524842,0.376551,35841,0
2,7532839,0.376951,37459,0
2,7540835,0.377351,35050,0
2,7548832,0.377751,35251,0
2,7550506,0.377835,64229,1
2,7556829,0.378151,34890,0
2,7564825,0.378551,35006,0
2,7568151,0.378718,64528,1
2,7572822,0.378952,34396,0
2,7580819,0.379352,34484,0
2,7583442,0.379483,73444,1
2,7583443,0.379483,68695,1
2,7583444,0.379483,64200,1
2,7588815,0.379752,36128,0
2,7596812,0.380152,36502,0
2,7600208,0.380322,66067,1
2,7604809,0.380552,35270,0
2,7609151,0.380769,66417,1
2,7612805,0.380952,35234,0
2,7620802,0.381353,35227,0
2,7624303,0.381528,67839,1
2,7628799,0.381753,36460,0
2,7630021,0.381814,71147,1
2,7630022,0.381814,66451,1
2,7632303,0.381928,63758,1
2,7632304,0.381928,67910,1
2,7632305,0.381928,63449,1
2,7636795,0.382153,37818,0
2,7639647,0.382296,64014,1
2,7641265,0.382377,64378,1
2,7644792,0.382553,36189,0
2,7652788,0.382953,35938,0
2,7658890,0.383258,67223,1
2,7658891,0.383259,68016,1
2,7658892,0.383259,63784,1
2,7660785,0.383353,35572,0
2,7668782,0.383753,35703,0
2,7676778,0.384154,35148,0
2,7684775,0.384554,35931,0
2,7692772,0.384954,37147,0
2,7700768,0.385354,35658,0
2,7708765,0.385754,35007,0
2,7711797,0.385906,84940,1
2,7711798,0.385906,80274,1
2,7711799,0.385906,75574,1
2,7711800,0.385906,70634,1
2,7711801,0.385906,65709,1
2,7716762,0.386154,37028,0
2,7724758,0.386555,36189,0
2,7732755,0.386955,37338,0
2,7737032,0.387169,65167,1
2,7740752,0.387355,36942,0
2,7748748,0.387755,36103,0
2,7756745,0.388155,34753,0
2,7764741,0.388555,35810,0
2,7772738,0.388956,36512,0
2,7774787,0.389058,64180,1
2,7780735,0.389356,36113,0
2,7788066,0.389723,74804,1
2,7788067,0.389723,70265,1
2,7788068,0.389723,65701,1
2,7788731,0.389756,35421,0
2,7788829,0.389761,65832,1
2,7796728,0.390156,35791,0
2,7804725,0.390556,37510,0
2,7812721,0.390956,37147,0
2,7820718,0.391357,36446,0
2,7823384,0.39149,67527,1
2,7828715,0.391757,35387,0
2,7836711,0.392157,35204,0
2,7838533,0.392248,64938,1
2,7844708,0.392557,37032,0
2,7847817,0.392713,71130,1
2,7847818,0.392713,66662,1
2,7852705,0.392957,36806,0
2,7860701,0.393357,35170,0
2,7861973,0.393421,65621,1
2,7865929,0.393619,75652,1
2,7865930,0.393619,71091,1
2,7865931,0.393619,66518,1
2,7868698,0.393757,36412,0
2,7871704,0.393908,65372,1
2,7876694,0.394158,35466,0
2,7884691,0.394558,35101,0
2,7892688,0.394958,36369,0
2,7900684,0.395358,35391,0
2,7904527,0.39555,65750,1
2,7908681,0.395758,36256,0
2,7916678,0.396158,36435,0
2,7924621,0.396556,81554,1
2,7924622,0.396556,76962,1
2,7924623,0.396556,72354,1
2,7924624,0.396556,67731,1
2,7924674,0.396559,35168,0
2,7929764,0.396813,63291,1
2,7932531,0.396952,63865,1
2,7932671,0.396959,36152,0
2,7939114,0.397281,64040,1
2,7940668,0.397359,35978,0
2,7948664,0.397759,35615,0
2,7956661,0.398159,35921,0
2,7964658,0.398559,35909,0
2,7972654,0.39896,36234,0
2,7980651,0.39936,35371,0
2,7988648,0.39976,35985,0
2,7996644,0.40016,36014,0
2,8004641,0.40056,35239,0
2,8008105,0.400734,63561,1
2,8012637,0.40096,34179,0
2,8020634,0.401361,34988,0
2,8028631,0.401761,35025,0
2,8036627,0.402161,34957,0
2,8044624,0.402561,34904,0
2,8052621,0.402961,35100,0
2,8060617,0.403361,36916,0
2,8068614,0.403761,37123,0
2,8076611,0.404162,35025,0
2,8084607,0.404562,35505,0
2,8084865,0.404575,64732,1
2,8092604,0.404962,36973,0
2,8100601,0.405362,35247,0
2,8105999,0.405632,66687,1
2,8108597,0.405762,36628,0
2,8116594,0.406162,37421,0
2,8120742,0.40637,69682,1
2,8120743,0.40637,65078,1
2,8124590,0.406563,35321,0
2,8132587,0.406963,36030,0
2,8135531,0.40711,63524,1
2,8140584,0.407363,36530,0
2,8147542,0.407711,63541,1
2,8148580,0.407763,36915,0
2,8155037,0.408086,64787,1
2,8156577,0.408163,36466,0
2,8164574,0.408563,35071,0
2,8165126,0.408591,65146,1
2,8172570,0.408964,35056,0
2,8180567,0.409364,36175,0
2,8182371,0.409454,67398,1
2,8188564,0.409764,34782,0
2,8196560,0.410164,35614,0
2,8204557,0.410564,35809,0
2,8212554,0.410964,35089,0
2,8220550,0.411365,34998,0
2,8223623,0.411518,71643,1
2,8223624,0.411518,66958,1
2,8226892,0.411682,69163,1
2,8226893,0.411682,64658,1
2,8228547,0.411765,37391,0
2,8229986,0.411837,70050,1
2,8229987,0.411837,65515,1
2,8232924,0.411984,64138,1
2,8236543,0.412165,35971,0
2,8240258,0.412351,63827,1
2,8244540,0.412565,34614,0
2,8252537,0.412965,38424,0
2,8255534,0.413115,68840,1
2,8255535,0.413115,64258,1
2,8260533,0.413365,34973,0
2,8265290,0.413603,65923,1
2,8268530,0.413765,35568,0
2,8276527,0.414166,34259,0
2,8284523,0.414566,36480,0
2,8292520,0.414966,37439,0
2,8300517,0.415366,36363,0
2,8301790,0.41543,70477,1
2,8301791,0.41543,65963,1
2,8304015,0.415541,65324,1
2,8308513,0.415766,37996,0
2,8311499,0.415916,63527,1
2,8315269,0.416104,68339,1
2,8315270,0.416104,63622,1
2,8316510,0.416166,36925,0
2,8324507,0.416567,35694,0
2,8330671,0.416875,63612,1
2,8332503,0.416967,36692,0
2,8334552,0.417069,85961,1
2,8334553,0.417069,81475,1
2,8334554,0.417069,76810,1
2,8334555,0.417069,72266,1
2,8334556,0.417069,67772,1
2,8334558,0.41707,98956,1
2,8334559,0.41707,94281,1
2,8334560,0.41707,89713,1
2,8334561,0.41707,85041,1
2,8334562,0.41707,80649,1
2,8334563,0.41707,75977,1
2,8334564,0.41707,71415,1
2,8334565,0.41707,66702,1
2,8340500,0.417367,36420,0
2,8348497,0.417767,41622,0
2,8349820,0.417833,70361,1
2,8349821,0.417833,66024,1
2,8356493,0.418167,35697,0
2,8358856,0.418285,63579,1
2,8364490,0.418567,34395,0
2,8367744,0.41873,66465,1
2,8372486,0.418968,35125,0
2,8374064,0.419047,66397,1
2,8380483,0.419368,39072,0
2,8388480,0.419768,35968,0
2,8394662,0.420077,64810,1
2,8396476,0.420168,34795,0
2,8400365,0.420363,71661,1
2,8400366,0.420363,67002,1
2,8404473,0.420568,35093,0
2,8405705,0.42063,72420,1
2,8405706,0.42063,67859,1
2,8405707,0.42063,63278,1
2,8412470,0.420968,36032,0
2,8419978,0.421344,70112,1
2,8419979,0.421344,65494,1
2,8420466,0.421369,34934,0
2,8428463,0.421769,36647,0
2,8436460,0.422169,36365,0
2,8444031,0.422548,63881,1
2,8444456,0.422569,36155,0
2,8452453,0.422969,34973,0
2,8460450,0.423369,36776,0
2,8468446,0.423769,39885,0
2,8469950,0.423845,67060,1
2,8476443,0.42417,35595,0
2,8478029,0.424249,71963,1
2,8478030,0.424249,67454,1
2,8482556,0.424476,66641,1
2,8482557,0.424476,65805,1
2,8482558,0.424476,67340,1
2,8482559,0.424476,71328,1
2,8482560,0.424476,71857,1
2,8482561,0.424476,70232,1
2,8482562,0.424476,67054,1
2,8482563,0.424476,64598,1
2,8482564,0.424476,67986,1
2,8482565,0.424476,64316,1
2,8484439,0.42457,35033,0
2,8492436,0.42497,36009,0
2,8493577,0.425027,63830,1
2,8496130,0.425155,69830,1
2,8496131,0.425155,65272,1
2,8500433,0.42537,37492,0
2,8508429,0.42577,36122,0
2,8514711,0.426085,72031,1
2,8514712,0.426085,67472,1
2,8516426,0.42617,35528,0
2,8516727,0.426186,76683,1
2,8516728,0.426186,72147,1
2,8516729,0.426186,67590,1
2,8517462,0.426222,63284,1
2,8524423,0.426571,35687,0
2,8525706,0.426635,65599,1
2,8532419,0.426971,34918,0
2,8539952,0.427348,68643,1
2,8539953,0.427348,64118,1
2,8540416,0.427371,36557,0
2,8541974,0.427449,72852,1
2,8541975,0.427449,68460,1
2,8541976,0.427449,63940,1
2,8548413,0.427771,36359,0
2,8556409,0.428171,34452,0
2,8560753,0.428389,63641,1
2,8564406,0.428571,36092,0
2,8571946,0.428949,72586,1
2,8571947,0.428949,72629,1
2,8571948,0.428949,68027,1
2,8571949,0.428949,63478,1
2,8571951,0.428949,85516,1
2,8571952,0.428949,80919,1
2,8571953,0.428949,76412,1
2,8571954,0.428949,80761,1
2,8571955,0.428949,80046,1
2,8571956,0.428949,75561,1
2,8571957,0.428949,71076,1
2,8571958,0.428949,75016,1
2,8571959,0.428949,70326,1
2,8571960,0.428949,65653,1
2,8572403,0.428972,34919,0
2,8576251,0.429164,63492,1
2,8580399,0.429372,35009,0
2,8583965,0.42955,70594,1
2,8583966,0.42955,65957,1
2,8588396,0.429772,35860,0
2,8590781,0.429891,71157,1
2,8590782,0.429891,66494,1
2,8596393,0.430172,36073,0
2,8604389,0.430572,36637,0
2,8610660,0.430886,68506,1
2,8610661,0.430886,63892,1
2,8612386,0.430972,37145,0
2,8618760,0.431291,71279,1
2,8618761,0.431291,66815,1
2,8620382,0.431373,34932,0
2,8628379,0.431773,36506,0
2,8636376,0.432173,38227,0
2,8644372,0.432573,35181,0
2,8652369,0.432973,34942,0
2,8660366,0.433373,34826,0
2,8661098,0.43341,68957,1
2,8661099,0.43341,64589,1
2,8668362,0.433773,34751,0
2,8676359,0.434174,36165,0
2,8684356,0.434574,36885,0
2,8685692,0.434641,63287,1
2,8686465,0.434679,63592,1
2,8692352,0.434974,37542,0
2,8698091,0.435261,75322,1
2,8698092,0.435261,70888,1
2,8698093,0.435261,66162,1
2,8700349,0.435374,35041,0
2,8708346,0.435774,39125,0
2,8716342,0.436174,34981,0
2,8724339,0.436575,35659,0
2,8732335,0.436975,39193,0
2,8740332,0.437375,36774,0
2,8744822,0.4376,64638,1
2,8747709,0.437744,66180,1
2,8748329,0.437775,35364,0
2,8751112,0.437914,64381,1
2,8754066,0.438062,63305,1
2,8756325,0.438175,41181,0
2,8762504,0.438484,65098,1
2,8764322,0.438575,35013,0
2,8772319,0.438976,36252,0
2,8780315,0.439376,36954,0
2,8788312,0.439776,35711,0
2,8789060,0.439813,66342,1
2,8796309,0.440176,37214,0
2,8804305,0.440576,35928,0
2,8812302,0.440976,35925,0
2,8820299,0.441377,35658,0
2,8825244,0.441624,69125,1
2,8825245,0.441624,64540,1
2,8827942,0.441759,64217,1
2,8828295,0.441777,36813,0
2,8836292,0.442177,37271,0
2,8844288,0.442577,36616,0
2,8846807,0.442703,66567,1
2,8852285,0.442977,35295,0
2,8860055,0.443366,65745,1
2,8860282,0.443377,35197,0
2,8861437,0.443435,63817,1
2,8868278,0.443777,35709,0
2,8876275,0.444178,35807,0
2,8883188,0.444524,65018,1
2,8883190,0.444524,74268,1
2,8883191,0.444524,69695,1
2,8883192,0.444524,65030,1
2,8884272,0.444578,36938,0
2,8892268,0.444978,36305,0
2,8897115,0.44522,71830,1
2,8897116,0.445221,67224,1
2,8900265,0.445378,35671,0
2,8904139,0.445572,64124,1
2,8908262,0.445778,36065,0
2,8916258,0.446178,36941,0
2,8924255,0.446579,37398,0
2,8932252,0.446979,35130,0
2,8934125,0.447073,64291,1
2,8940248,0.447379,34980,0
2,8948245,0.447779,35815,0
2,8956242,0.448179,36938,0
2,8964238,0.448579,37826,0
2,8972235,0.44898,36332,0
2,8980231,0.44938,36000,0
2,8988228,0.44978,36905,0
2,8996225,0.45018,35715,0
2,9004221,0.45058,35367,0
2,9009934,0.450866,63804,1
2,9012218,0.45098,35634,0
2,9020215,0.451381,35825,0
2,9023890,0.451564,63884,1
2,9028211,0.451781,34918,0
2,9034932,0.452117,140089,1
2,9034933,0.452117,135933,1
2,9034934,0.452117,131824,1
2,9034935,0.452117,127709,1
2,9034936,0.452117,123665,1
2,9034937,0.452117,119478,1
2,9034938,0.452117,115353,1
2,9034939,0.452117,111259,1
2,9034940,0.452117,107253,1
2,9034941,0.452117,103124,1
2,9034942,0.452117,99040,1
2,9034943,0.452118,95164,1
2,9034944,0.452118,90903,1
2,9034945,0.452118,86672,1
2,9034946,0.452118,82288,1
2,9034947,0.452118,78152,1
2,9034948,0.452118,73744,1
2,9034949,0.452118,69767,1
2,9034950,0.452118,65713,1
2,9036208,0.452181,37326,0
2,9044205,0.452581,36099,0
2,9052201,0.452981,35776,0
2,9060198,0.453381,35437,0
2,9068195,0.453782,34906,0
2,9076191,0.454182,36273,0
2,9078452,0.454295,64753,1
2,9081470,0.454446,63631,1
2,9084188,0.454582,35665,0
2,9092184,0.454982,36642,0
2,9100181,0.455382,37899,0
2,9108178,0.455782,38739,0
2,9116174,0.456182,35588,0
2,9124171,0.456583,35708,0
2,9132168,0.456983,37120,0
2,9140164,0.457383,35438,0
2,9140811,0.457415,70083,1
2,9140812,0.457415,65462,1
2,9148161,0.457783,35013,0
2,9150051,0.457878,73193,1
2,9150052,0.457878,68701,1
2,9150053,0.457878,64111,1
2,9156158,0.458183,37200,0
2,9163092,0.45853,66310,1
2,9164154,0.458583,35199,0
2,9172151,0.458984,36490,0
2,9180148,0.459384,37742,0
2,9183745,0.459564,73394,1
2,9183746,0.459564,68677,1
2,9183747,0.459564,64082,1
2,9188144,0.459784,36479,0
2,9196141,0.460184,35634,0
2,9204138,0.460584,36245,0
2,9212134,0.460984,35916,0
2,9220131,0.461385,36234,0
2,9225254,0.461641,66313,1
2,9228127,0.461785,36579,0
2,9233459,0.462051,68331,1
2,9233460,0.462052,63707,1
2,9236124,0.462185,34693,0
2,9244121,0.462585,37443,0
2,9252117,0.462985,35739,0
2,9260114,0.463385,34948,0
2,9268111,0.463786,35848,0
2,9276107,0.464186,36458,0
2,9280410,0.464401,67690,1
2,9280411,0.464401,63262,1
2,9284104,0.464586,37223,0
2,9292101,0.464986,37088,0
2,9300097,0.465386,35135,0
2,9303674,0.465565,66269,1
2,9308094,0.465786,34900,0
2,9316091,0.466186,34991,0
2,9324087,0.466587,35946,0
2,9332084,0.466987,35106,0
2,9334386,0.467102,64136,1
2,9340080,0.467387,35562,0
2,9348077,0.467787,37965,0
2,9356074,0.468187,37789,0
2,9364070,0.468587,37348,0
2,9372067,0.468988,36055,0
2,9380064,0.469388,35019,0
2,9388060,0.469788,35781,0
2,9396057,0.470188,35073,0
2,9404054,0.470588,35624,0
2,9409044,0.470838,64834,1
2,9412050,0.470988,34996,0
2,9420047,0.471389,36664,0
2,9428044,0.471789,35937,0
2,9429150,0.471844,69065,1
2,9429151,0.471844,64331,1
2,9430605,0.471917,66134,1
2,9436040,0.472189,38789,0
2,9444037,0.472589,39803,0
2,9452033,0.472989,36074,0
2,9460030,0.473389,34668,0
2,9462461,0.473511,72243,1
2,9462462,0.473511,67625,1
2,9468027,0.47379,35847,0
2,9469545,0.473865,64709,1
2,9476023,0.47419,38072,0
2,9476854,0.474231,63293,1
2,9476855,0.474231,69296,1
2,9476856,0.474231,64829,1
2,9484020,0.47459,35945,0
2,9492017,0.47499,35038,0
2,9500013,0.47539,35092,0
2,9508010,0.47579,34913,0
2,9509762,0.475878,63565,1
2,9509763,0.475878,64939,1
2,9510207,0.4759,68542,1
2,9510208,0.4759,63925,1
2,9516007,0.47619,36045,0
2,9524003,0.476591,35419,0
2,9524767,0.476629,64917,1
2,9532000,0.476991,35393,0
2,9532127,0.476997,71364,1
2,9532128,0.476997,66696,1
2,9534121,0.477097,63804,1
2,9539997,0.477391,35290,0
2,9541656,0.477474,63853,1
2,9547993,0.477791,36485,0
2,9555990,0.478191,35053,0
2,9563587,0.478571,65681,1
2,9563987,0.478591,35591,0
2,9566581,0.478721,72841,1
2,9566582,0.478721,68376,1
2,9566583,0.478721,63719,1
2,9571983,0.478992,35233,0
2,9579980,0.479392,35178,0
2,9582893,0.479538,65268,1
2,9587976,0.479792,37765,0
2,9595572,0.480172,67176,1
2,9595973,0.480192,36313,0
2,9603970,0.480592,35756,0
2,9611966,0.480992,37411,0
2,9612746,0.481031,64550,1
2,9619963,0.481393,37894,0
2,9620456,0.481417,63649,1
2,9621338,0.481461,64609,1
2,9623708,0.48158,63310,1
2,9627960,0.481793,36186,0
2,9635956,0.482193,35738,0
2,9643953,0.482593,38131,0
2,9651950,0.482993,35126,0
2,9659946,0.483393,37868,0
2,9661173,0.483455,63892,1
2,9667943,0.483793,36753,0
2,9675940,0.484194,35577,0
2,9683936,0.484594,36217,0
2,9691933,0.484994,35683,0
2,9694573,0.485126,64617,1
2,9699929,0.485394,35179,0
2,9707926,0.485794,35891,0
2,9708601,0.485828,68240,1
2,9708602,0.485828,63705,1
2,9713204,0.486058,64645,1
2,9715923,0.486194,36028,0
2,9717131,0.486255,64986,1
2,9719624,0.48638,66557,1
2,9723919,0.486595,37794,0
2,9725339,0.486666,67225,1
2,9731916,0.486995,38066,0
2,9739913,0.487395,35102,0
2,9747909,0.487795,35697,0
2,9755906,0.488195,35011,0
2,9756357,0.488218,76281,1
2,9756358,0.488218,71628,1
2,9756359,0.488218,67116,1
2,9763903,0.488595,37157,0
2,9771899,0.488996,37063,0
2,9779896,0.489396,36037,0
2,9787893,0.489796,35560,0
2,9795134,0.490158,69920,1
2,9795135,0.490158,65694,1
2,9795889,0.490196,35247,0
2,9802406,0.490522,67763,1
2,9803886,0.490596,35162,0
2,9811882,0.490996,36321,0
2,9819879,0.491397,35387,0
2,9827876,0.491797,35196,0
2,9835872,0.492197,36454,0
2,9843869,0.492597,36887,0
2,9847657,0.492787,64637,1
2,9850708,0.492939,65991,1
2,9851866,0.492997,35127,0
2,9858840,0.493346,63758,1
2,9859862,0.493397,36257,0
2,9867859,0.493797,36984,0
2,9875856,0.494198,36711,0
2,9883852,0.494598,36011,0
2,9885087,0.49466,63357,1
2,9891849,0.494998,35016,0
2,9899846,0.495398,35927,0
2,9899998,0.495406,70237,1
2,9899999,0.495406,65956,1
2,9907842,0.495798,34850,0
2,9915839,0.496198,37480,0
2,9922304,0.496522,65613,1
2,9923836,0.496599,37871,0
2,9931832,0.496999,36450,0
2,9938975,0.497356,65906,1
2,9939829,0.497399,35440,0
2,9947825,0.497799,37019,0
2,9951125,0.497964,64751,1
2,9951126,0.497964,64462,1
2,9953862,0.498101,63803,1
2,9955822,0.498199,34437,0
2,9963819,0.498599,34798,0
2,9971815,0.499,34774,0
2,9977943,0.499306,72271,1
2,9977944,0.499306,67697,1
2,9977945,0.499306,63294,1
2,9979812,0.4994,35850,0
2,9987809,0.4998,36346,0
2,9995805,0.5002,35188,0
2,10003304,0.500575,64897,1
2,10003802,0.5006,34881,0
2,10011799,0.501,35621,0
2,10019795,0.501401,37434,0
2,10022450,0.501533,64306,1
2,10027792,0.501801,36174,0
2,10028981,0.50186,70574,1
2,10028982,0.50186,66089,1
2,10034003,0.502112,64191,1
2,10034007,0.502112,64305,1
2,10034008,0.502112,64540,1
2,10034009,0.502112,68420,1
2,10034010,0.502112,69413,1
2,10034011,0.502112,68996,1
2,10034012,0.502112,65508,1
2,10035789,0.502201,35545,0
2,10043785,0.502601,36168,0
2,10051782,0.503001,34821,0
2,10059778,0.503401,34783,0
2,10067775,0.503801,35591,0
2,10075772,0.504202,37293,0
2,10083768,0.504602,35578,0
2,10091765,0.505002,35582,0
2,10099762,0.505402,35110,0
2,10107758,0.505802,36170,0
2,10111202,0.505975,75871,1
2,10111203,0.505975,71328,1
2,10111204,0.505975,66808,1
2,10113304,0.50608,70820,1
2,10113305,0.50608,66144,1
2,10115755,0.506202,36705,0
2,10120202,0.506425,71713,1
2,10120203,0.506425,67078,1
2,10123752,0.506603,38421,0
2,10131748,0.507003,35925,0
2,10137971,0.507314,74056,1
2,10137972,0.507314,69529,1
2,10137973,0.507314,64881,1
2,10139745,0.507403,35968,0
2,10147742,0.507803,35842,0
2,10150370,0.507935,70972,1
2,10150371,0.507935,66406,1
2,10155738,0.508203,35743,0
2,10163735,0.508603,36109,0
2,10171732,0.509004,36288,0
2,10179728,0.509404,36968,0
2,10187725,0.509804,35061,0
2,10188219,0.509829,69246,1
2,10188220,0.509829,64786,1
2,10193937,0.510115,66505,1
2,10195721,0.510204,36932,0
2,10203718,0.510604,35023,0
2,10211715,0.511004,35430,0
2,10219711,0.511405,35210,0
2,10227708,0.511805,36843,0
2,10235705,0.512205,38437,0
2,10242653,0.512553,63814,1
2,10243701,0.512605,34945,0
2,10251096,0.512975,63925,1
2,10251698,0.513005,37135,0
2,10258944,0.513368,65620,1
2,10259695,0.513405,34505,0
2,10266811,0.513761,64408,1
2,10267691,0.513805,35506,0
2,10268133,0.513828,77623,1
2,10268134,0.513828,72946,1
2,10268135,0.513828,68625,1
2,10268136,0.513828,63960,1
2,10275688,0.514206,35218,0
2,10283685,0.514606,34964,0
2,10291681,0.515006,37619,0
2,10298402,0.515342,64342,1
2,10299678,0.515406,35914,0
2,10307674,0.515806,36462,0
2,10315671,0.516206,37274,0
2,10323668,0.516607,37450,0
2,10331664,0.517007,34649,0
2,10334503,0.517149,71573,1
2,10334504,0.517149,67073,1
2,10339661,0.517407,34924,0
2,10347658,0.517807,36264,0
2,10352352,0.518042,64116,1
2,10355654,0.518207,37187,0
2,10363651,0.518607,35997,0
2,10371648,0.519008,37216,0
2,10378309,0.519341,69560,1
2,10378310,0.519341,65086,1
2,10379644,0.519408,35193,0
2,10387496,0.519801,70814,1
2,10387497,0.519801,66204,1
2,10387641,0.519808,35904,0
2,10393656,0.520109,67848,1
2,10393657,0.520109,63361,1
2,10395638,0.520208,36796,0
2,10403634,0.520608,35659,0
2,10411631,0.521008,36768,0
2,10412131,0.521033,63623,1
2,10419627,0.521409,35611,0
2,10427624,0.521809,36325,0
2,10435621,0.522209,35770,0
2,10443617,0.522609,37838,0
2,10451614,0.523009,36895,0
2,10455259,0.523192,66125,1
2,10459611,0.523409,35172,0
2,10467607,0.523809,36078,0
2,10475604,0.52421,35336,0
2,10478400,0.52435,64174,1
2,10483601,0.52461,37595,0
2,10488465,0.524853,64594,1
2,10491597,0.52501,34297,0
2,10499594,0.52541,36854,0
2,10505836,0.525722,65962,1
2,10506702,0.525766,65244,1
2,10507591,0.52581,38505,0
2,10515587,0.52621,37244,0
2,10518361,0.526349,115588,1
2,10518362,0.526349,111670,1
2,10518363,0.526349,107554,1
2,10518364,0.526349,103303,1
2,10518365,0.526349,99011,1
2,10518366,0.52635,94670,1
2,10518367,0.52635,90239,1
2,10518368,0.52635,86574,1
2,10518369,0.52635,82241,1
2,10518370,0.52635,77740,1
2,10518371,0.52635,73336,1
2,10518372,0.52635,69157,1
2,10518373,0.52635,64710,1
2,10520759,0.526469,71306,1
2,10520760,0.526469,67170,1
2,10521318,0.526497,65161,1
2,10523584,0.526611,36946,0
2,10525746,0.526719,69726,1
2,10525747,0.526719,65140,1
2,10531581,0.527011,36014,0
2,10539577,0.527411,35115,0
2,10542689,0.527567,63779,1
2,10547574,0.527811,34820,0
2,10551348,0.528,64628,1
2,10555570,0.528211,35279,0
2,10560969,0.528481,83783,1
2,10560970,0.528481,79165,1
2,10560971,0.528482,74679,1
2,10560972,0.528482,70103,1
2,10560973,0.528482,65514,1
2,10561036,0.528485,148319,1
2,10561037,0.528485,144103,1
2,10561038,0.528485,139914,1
2,10561039,0.528485,135668,1
2,10561040,0.528485,131618,1
2,10561041,0.528485,127478,1
2,10561042,0.528485,123078,1
2,10561043,0.528485,118948,1
2,10561044,0.528485,114586,1
2,10561045,0.528485,110293,1
2,10561046,0.528485,105849,1
2,10561047,0.528485,101668,1
2,10561048,0.528485,97348,1
2,10561049,0.528485,92974,1
2,10561050,0.528485,88688,1
2,10561051,0.528486,84224,1
2,10561052,0.528486,80065,1
2,10561053,0.528486,75929,1
2,10561054,0.528486,71680,1
2,10561055,0.528486,67359,1
2,10563567,0.528611,37058,0
2,10571564,0.529012,34843,0
2,10573897,0.529128,66310,1
2,10578973,0.529382,70095,1
2,10578974,0.529382,65438,1
2,10579560,0.529412,34888,0
2,10587557,0.529812,35321,0
2,10593956,0.530132,110955,1
2,10593957,0.530132,106671,1
2,10593958,0.530132,102483,1
2,10593959,0.530132,98285,1
2,10593960,0.530132,94052,1
2,10593961,0.530132,89774,1
2,10593962,0.530132,85554,1
2,10593963,0.530132,86501,1
2,10593964,0.530133,88095,1
2,10593965,0.530133,96964,1
2,10593966,0.530133,92249,1
2,10593967,0.530133,87753,1
2,10593968,0.530133,83121,1
2,10593969,0.530133,78491,1
2,10593970,0.530133,74061,1
2,10593971,0.530133,69359,1
2,10593972,0.530133,64810,1
2,10595554,0.530212,36448,0
2,10603550,0.530612,36860,0
2,10611547,0.531012,35719,0
2,10619544,0.531413,35765,0
2,10625838,0.531728,63692,1
2,10627540,0.531813,37476,0
2,10635537,0.532213,37857,0
2,10639489,0.532411,68068,1
2,10639490,0.532411,63436,1
2,10643534,0.532613,35757,0
2,10651530,0.533013,34948,0
2,10655235,0.533199,70847,1
2,10655236,0.533199,66252,1
2,10659527,0.533413,35444,0
2,10667477,0.533811,72773,1
2,10667478,0.533811,68294,1
2,10667479,0.533811,63694,1
2,10667523,0.533813,35527,0
2,10675520,0.534214,35395,0
2,10683517,0.534614,35285,0
2,10691513,0.535014,37591,0
2,10699510,0.535414,36087,0
2,10705651,0.535721,74670,1
2,10705652,0.535721,70509,1
2,10705653,0.535722,65998,1
2,10707507,0.535814,35497,0
2,10715503,0.536214,36481,0
2,10716377,0.536258,64026,1
2,10718918,0.536385,63485,1
2,10723500,0.536615,36851,0
2,10731497,0.537015,36795,0
2,10733291,0.537105,74618,1
2,10733292,0.537105,70025,1
2,10733293,0.537105,65408,1
2,10737924,0.537336,67751,1
2,10737925,0.537336,63273,1
2,10739493,0.537415,35925,0
2,10747490,0.537815,35529,0
2,10755487,0.538215,35996,0
2,10761224,0.538502,67164,1
2,10763483,0.538615,36299,0
2,10768870,0.538885,63670,1
2,10771480,0.539016,35073,0
2,10779476,0.539416,35945,0
2,10781620,0.539523,69579,1
2,10781621,0.539523,65046,1
2,10787473,0.539816,34579,0
2,10789077,0.539896,79294,1
2,10789078,0.539896,74671,1
2,10789079,0.539896,70133,1
2,10789080,0.539896,65445,1
2,10789084,0.539897,69645,1
2,10789085,0.539897,71291,1
2,10789086,0.539897,66623,1
2,10789090,0.539897,63817,1
2,10794213,0.540153,65748,1
2,10795470,0.540216,36510,0
2,10803466,0.540616,34940,0
2,10805103,0.540698,69719,1
2,10805104,0.540698,65214,1
2,10811463,0.541016,35769,0
2,10819200,0.541404,70576,1
2,10819201,0.541404,65791,1
2,10819460,0.541417,36033,0
2,10820566,0.541472,70757,1
2,10820567,0.541472,66182,1
2,10827456,0.541817,35273,0
2,10833840,0.542136,64906,1
2,10835453,0.542217,38097,0
2,10843450,0.542617,35886,0
2,10851446,0.543017,36129,0
2,10859443,0.543417,35074,0
2,10867440,0.543818,35675,0
2,10875436,0.544218,36200,0
2,10882624,0.544577,72424,1
2,10882625,0.544577,67929,1
2,10882626,0.544577,63370,1
2,10883433,0.544618,36149,0
2,10883951,0.544644,75997,1
2,10883952,0.544644,71633,1
2,10883953,0.544644,67024,1
2,10891430,0.545018,35872,0
2,10894841,0.545189,69682,1
2,10894842,0.545189,64927,1
2,10896027,0.545248,68311,1
2,10896028,0.545248,63723,1
2,10896318,0.545263,64651,1
2,10899426,0.545418,35416,0
2,10907423,0.545818,34869,0
2,10909212,0.545908,65327,1
2,10915419,0.546218,35156,0
2,10923416,0.546619,35399,0
2,10931413,0.547019,35446,0
2,10937076,0.547302,71820,1
2,10937077,0.547302,67385,1
2,10939409,0.547419,34799,0
2,10943235,0.54761,65027,1
2,10945643,0.547731,68647,1
2,10945644,0.547731,64053,1
2,10947406,0.547819,37344,0
2,10955403,0.548219,37602,0
2,10963399,0.548619,35162,0
2,10971396,0.54902,34937,0
2,10979393,0.54942,35690,0
2,10987389,0.54982,37384,0
2,10988852,0.549893,64957,1
2,10988907,0.549896,64421,1
2,10988908,0.549896,67600,1
2,10988909,0.549896,64088,1
2,10995386,0.55022,35700,0
2,11003383,0.55062,35192,0
2,11007446,0.550824,65346,1
2,11011379,0.55102,38032,0
2,11011405,0.551022,86313,1
2,11011406,0.551022,81685,1
2,11011407,0.551022,77066,1
2,11011408,0.551022,72540,1
2,11011409,0.551022,67844,1
2,11011410,0.551022,63809,1
2,11019376,0.551421,35384,0
2,11023423,0.551623,64830,1
2,11025859,0.551745,65453,1
2,11025864,0.551745,64109,1
2,11025865,0.551745,76986,1
2,11025866,0.551745,72348,1
2,11025867,0.551745,67777,1
2,11027372,0.551821,35929,0
2,11032730,0.552089,63300,1
2,11035369,0.552221,35157,0
2,11039989,0.552452,64874,1
2,11043366,0.552621,36196,0
2,11051362,0.553021,36185,0
2,11059359,0.553421,35474,0
2,11067356,0.553822,37232,0
2,11075352,0.554222,36625,0
2,11077888,0.554349,63547,1
2,11083349,0.554622,36326,0
2,11091346,0.555022,35297,0
2,11099342,0.555422,35214,0
2,11107339,0.555822,36683,0
2,11115336,0.556222,36430,0
2,11123332,0.556623,35686,0
2,11131329,0.557023,36052,0
2,11134944,0.557204,64348,1
2,11138364,0.557375,65938,1
2,11139326,0.557423,36204,0
2,11147322,0.557823,36388,0
2,11155319,0.558223,34927,0
2,11163315,0.558623,36295,0
2,11166643,0.55879,67440,1
2,11171312,0.559024,37785,0
2,11179309,0.559424,35920,0
2,11187305,0.559824,35295,0
2,11191153,0.560016,63352,1
2,11195302,0.560224,35760,0
2,11203299,0.560624,35919,0
2,11211295,0.561024,34988,0
2,11219292,0.561425,35996,0
2,11227251,0.561823,66414,1
2,11227289,0.561825,36777,0
2,11228456,0.561883,64523,1
2,11228457,0.561883,66030,1
2,11235285,0.562225,37132,0
2,11243282,0.562625,36040,0
2,11251279,0.563025,35436,0
2,11259275,0.563425,35971,0
2,11264279,0.563676,74056,1
2,11264280,0.563676,69490,1
2,11264281,0.563676,64715,1
2,11267272,0.563826,36105,0
2,11275268,0.564226,36383,0
2,11283265,0.564626,35804,0
2,11288359,0.564881,69546,1
2,11288360,0.564881,64956,1
2,11291262,0.565026,35586,0
2,11296497,0.565288,68617,1
2,11296498,0.565288,64299,1
2,11299258,0.565426,36249,0
2,11307255,0.565826,36936,0
2,11314722,0.5662,64349,1
2,11315252,0.566226,36119,0
2,11323248,0.566627,36761,0
2,11331245,0.567027,35083,0
2,11339242,0.567427,36892,0
2,11343358,0.567633,67691,1
2,11347238,0.567827,35227,0
2,11355235,0.568227,37223,0
2,11362944,0.568613,66355,1
2,11362945,0.568613,66069,1
2,11362946,0.568613,63715,1
2,11363232,0.568627,35295,0
2,11371228,0.569028,36802,0
2,11379225,0.569428,36191,0
2,11387221,0.569828,36208,0
2,11395218,0.570228,35481,0
2,11403215,0.570628,34804,0
2,11404068,0.570671,66571,1
2,11405711,0.570753,63969,1
2,11411211,0.571028,34915,0
2,11413164,0.571126,87179,1
2,11413165,0.571126,82640,1
2,11413166,0.571126,78075,1
2,11413167,0.571126,73514,1
2,11413168,0.571126,68858,1
2,11413169,0.571126,65329,1
2,11413170,0.571126,70732,1
2,11413171,0.571126,69240,1
2,11413172,0.571126,64687,1
2,11419208,0.571429,38268,0
2,11427205,0.571829,35448,0
2,11435201,0.572229,37108,0
2,11443198,0.572629,36318,0
2,11445814,0.57276,67270,1
2,11451195,0.573029,34959,0
2,11459191,0.573429,35030,0
2,11462682,0.573604,64711,1
2,11467188,0.57383,35651,0
2,11475185,0.57423,35410,0
2,11475951,0.574268,68854,1
2,11475952,0.574268,64272,1
2,11479541,0.574448,70967,1
2,11479542,0.574448,66370,1
2,11483181,0.57463,36393,0
2,11489193,0.574931,66129,1
2,11490370,0.57499,66401,1
2,11491178,0.57503,38242,0
2,11499175,0.57543,34890,0
2,11507171,0.57583,36144,0
2,11515168,0.57623,36668,0
2,11523164,0.576631,36603,0
2,11531161,0.577031,36985,0
2,11538200,0.577383,69955,1
2,11538201,0.577383,65382,1
2,11539158,0.577431,35922,0
2,11547154,0.577831,34541,0
2,11547777,0.577862,69830,1
2,11547778,0.577862,65008,1
2,11551190,0.578033,77851,1
2,11551191,0.578033,73263,1
2,11551192,0.578033,68671,1
2,11551193,0.578033,64287,1
2,11551202,0.578034,82940,1
2,11551203,0.578034,78349,1
2,11551204,0.578034,73622,1
2,11551205,0.578034,69237,1
2,11551206,0.578034,64571,1
2,11551214,0.578034,93141,1
2,11551215,0.578034,88560,1
2,11551216,0.578034,83970,1
2,11551217,0.578034,79485,1
2,11551218,0.578034,74825,1
2,11551219,0.578035,70173,1
2,11551220,0.578035,65777,1
2,11551227,0.578035,69777,1
2,11551228,0.578035,65058,1
2,11551235,0.578035,73822,1
2,11551236,0.578035,69283,1
2,11551237,0.578035,64493,1
2,11551245,0.578036,87562,1
2,11551246,0.578036,82997,1
2,11551247,0.578036,78550,1
2,11551248,0.578036,73929,1
2,11551249,0.578036,69254,1
2,11551250,0.578036,64654,1
2,11551258,0.578036,88400,1
2,11551259,0.578037,83761,1
2,11551260,0.578037,79089,1
2,11551261,0.578037,74628,1
2,11551262,0.578037,70008,1
2,11551263,0.578037,65374,1
2,11551270,0.578037,88847,1
2,11551271,0.578037,84392,1
2,11551272,0.578037,79653,1
2,11551273,0.578037,75211,1
2,11551274,0.578037,70563,1
2,11551275,0.578037,65969,1
2,11551283,0.578038,99362,1
2,11551284,0.578038,94632,1
2,11551285,0.578038,90017,1
2,11551286,0.578038,85506,1
2,11551287,0.578038,80934,1
2,11551288,0.578038,76204,1
2,11551289,0.578038,71767,1
2,11551290,0.578038,67084,1
2,11551295,0.578038,81304,1
2,11551296,0.578038,76702,1
2,11551297,0.578038,72156,1
2,11551298,0.578038,67631,1
2,11551307,0.578039,86249,1
2,11551308,0.578039,81604,1
2,11551309,0.578039,77143,1
2,11551310,0.578039,72624,1
2,11551311,0.578039,67985,1
2,11551317,0.578039,79357,1
2,11551318,0.578039,74707,1
2,11551319,0.57804,70321,1
2,11551320,0.57804,65750,1
2,11551329,0.57804,90539,1
2,11551330,0.57804,86028,1
2,11551331,0.57804,81465,1
2,11551332,0.57804,76894,1
2,11551333,0.57804,72090,1
2,11551334,0.57804,67630,1
2,11551342,0.578041,91551,1
2,11551343,0.578041,86800,1
2,11551344,0.578041,82196,1
2,11551345,0.578041,77638,1
2,11551346,0.578041,73053,1
2,11551347,0.578041,68224,1
2,11551348,0.578041,63850,1
2,11551356,0.578041,91150,1
2,11551357,0.578041,86698,1
2,11551358,0.578041,82123,1
2,11551359,0.578042,77557,1
2,11551360,0.578042,72835,1
2,11551361,0.578042,68370,1
2,11551362,0.578042,63669,1
2,11551370,0.578042,92669,1
2,11551371,0.578042,87981,1
2,11551372,0.578042,83375,1
2,11551373,0.578042,78730,1
2,11551374,0.578042,74096,1
2,11551375,0.578042,69509,1
2,11551376,0.578042,64967,1
2,11551382,0.578043,88622,1
2,11551383,0.578043,84254,1
2,11551384,0.578043,79688,1
2,11551385,0.578043,74937,1
2,11551386,0.578043,70360,1
2,11551387,0.578043,65740,1
2,11551394,0.578043,69259,1
2,11551395,0.578043,64723,1
2,11551536,0.57805,85230,1
2,11551537,0.57805,80704,1
2,11551538,0.57805,76172,1
2,11551539,0.578051,71583,1
2,11551540,0.578051,66904,1
2,11551549,0.578051,86640,1
2,11551550,0.578051,82059,1
2,11551551,0.578051,77492,1
2,11551552,0.578051,72780,1
2,11551553,0.578051,68221,1
2,11551554,0.578051,63687,1
2,11551561,0.578052,90123,1
2,11551562,0.578052,85520,1
2,11551563,0.578052,80900,1
2,11551564,0.578052,76230,1
2,11551565,0.578052,71781,1
2,11551566,0.578052,67209,1
2,11551574,0.578052,89152,1
2,11551575,0.578052,84517,1
2,11551576,0.578052,88178,1
2,11551577,0.578052,83650,1
2,11551578,0.578052,79118,1
2,11551579,0.578053,74422,1
2,11551580,0.578053,69943,1
2,11551581,0.578053,65148,1
2,11551589,0.578053,95451,1
2,11551590,0.578053,90841,1
2,11551591,0.578053,86202,1
2,11551592,0.578053,81695,1
2,11551593,0.578053,76905,1
2,11551594,0.578053,72501,1
2,11551595,0.578053,67884,1
2,11551596,0.578053,63261,1
2,11551602,0.578054,90717,1
2,11551603,0.578054,86116,1
2,11551604,0.578054,81513,1
2,11551605,0.578054,76921,1
2,11551606,0.578054,72470,1
2,11551607,0.578054,67707,1
2,11551615,0.578054,83382,1
2,11551616,0.578054,78825,1
2,11551617,0.578054,74102,1
2,11551618,0.578054,69685,1
2,11551619,0.578055,65187,1
2,11551642,0.578056,86850,1
2,11551643,0.578056,82237,1
2,11551644,0.578056,77585,1
2,11551645,0.578056,73070,1
2,11551646,0.578056,68593,1
2,11551647,0.578056,63831,1
2,11551652,0.578056,81958,1
2,11551653,0.578056,77198,1
2,11551654,0.578056,79091,1
2,11551655,0.578056,74622,1
2,11551656,0.578056,70004,1
2,11551657,0.578056,65455,1
2,11551665,0.578057,97035,1
2,11551666,0.578057,92458,1
2,11551667,0.578057,87768,1
2,11551668,0.578057,83082,1
2,11551669,0.578057,78573,1
2,11551670,0.578057,74066,1
2,11551671,0.578057,69416,1
2,11551672,0.578057,64748,1
2,11551680,0.578058,90283,1
2,11551681,0.578058,85802,1
2,11551682,0.578058,81193,1
2,11551683,0.578058,76424,1
2,11551684,0.578058,71845,1
2,11551685,0.578058,67367,1
2,11551693,0.578058,94767,1
2,11551694,0.578058,90380,1
2,11551695,0.578058,85748,1
2,11551696,0.578058,81152,1
2,11551697,0.578058,76589,1
2,11551698,0.578058,71875,1
2,11551699,0.578059,67310,1
2,11551707,0.578059,89247,1
2,11551708,0.578059,84640,1
2,11551709,0.578059,79994,1
2,11551710,0.578059,75336,1
2,11551711,0.578059,70756,1
2,11551712,0.578059,66316,1
2,11551720,0.57806,94130,1
2,11551721,0.57806,89627,1
2,11551722,0.57806,85019,1
2,11551723,0.57806,80427,1
2,11551724,0.57806,75831,1
2,11551725,0.57806,71289,1
2,11551726,0.57806,66812,1
2,11551731,0.57806,97916,1
2,11551732,0.57806,93260,1
2,11551733,0.57806,88618,1
2,11551734,0.57806,83999,1
2,11551735,0.57806,79426,1
2,11551736,0.57806,74862,1
2,11551737,0.57806,70216,1
2,11551738,0.57806,65642,1
2,11551746,0.578061,92972,1
2,11551747,0.578061,88488,1
2,11551748,0.578061,83886,1
2,11551749,0.578061,79188,1
2,11551750,0.578061,74763,1
2,11551751,0.578061,70090,1
2,11551752,0.578061,65388,1
2,11551757,0.578061,81108,1
2,11551758,0.578061,76459,1
2,11551759,0.578062,72026,1
2,11551760,0.578062,67439,1
2,11551769,0.578062,84227,1
2,11551770,0.578062,79682,1
2,11551771,0.578062,75080,1
2,11551772,0.578062,70599,1
2,11551773,0.578062,65795,1
2,11551781,0.578063,93005,1
2,11551782,0.578063,88396,1
2,11551783,0.578063,83783,1
2,11551784,0.578063,79138,1
2,11551785,0.578063,74469,1
2,11551786,0.578063,69934,1
2,11551787,0.578063,65480,1
2,11551794,0.578063,97864,1
2,11551795,0.578063,93287,1
2,11551796,0.578063,88748,1
2,11551797,0.578063,84202,1
2,11551798,0.578063,79479,1
2,11551799,0.578064,74898,1
2,11551800,0.578064,70271,1
2,11551801,0.578064,65595,1
2,11551809,0.578064,93392,1
2,11551810,0.578064,88972,1
2,11551811,0.578064,84367,1
2,11551812,0.578064,79657,1
2,11551813,0.578064,75057,1
2,11551814,0.578064,70400,1
2,11551815,0.578064,65971,1
2,11551823,0.578065,92984,1
2,11551824,0.578065,88298,1
2,11551825,0.578065,83741,1
2,11551826,0.578065,79173,1
2,11551827,0.578065,74480,1
2,11551828,0.578065,70014,1
2,11551829,0.578065,65360,1
2,11551837,0.578065,86407,1
2,11551838,0.578065,82053,1
2,11551839,0.578066,77666,1
2,11551840,0.578066,72990,1
2,11551841,0.578066,68376,1
2,11551842,0.578066,63810,1
2,11551850,0.578066,92813,1
2,11551851,0.578066,88279,1
2,11551852,0.578066,83587,1
2,11551853,0.578066,78954,1
2,11551854,0.578066,74399,1
2,11551855,0.578066,69814,1
2,11551856,0.578066,65276,1
2,11551868,0.578067,72050,1
2,11551869,0.578067,67289,1
2,11551879,0.578068,85885,1
2,11551880,0.578068,81357,1
2,11551881,0.578068,76698,1
2,11551882,0.578068,71998,1
2,11551883,0.578068,67548,1
2,11551891,0.578068,95871,1
2,11551892,0.578068,91356,1
2,11551893,0.578068,86677,1
2,11551894,0.578068,82128,1
2,11551895,0.578068,77535,1
2,11551896,0.578068,72821,1
2,11551897,0.578068,68384,1
2,11551898,0.578068,63600,1
2,11551904,0.578069,84075,1
2,11551905,0.578069,79457,1
2,11551906,0.578069,75005,1
2,11551907,0.578069,70389,1
2,11551908,0.578069,65651,1
2,11551916,0.578069,90199,1
2,11551917,0.578069,85698,1
2,11551918,0.578069,80968,1
2,11551919,0.57807,76377,1
2,11551920,0.57807,71622,1
2,11551921,0.57807,67052,1
2,11551929,0.57807,98263,1
2,11551930,0.57807,93472,1
2,11551931,0.57807,89030,1
2,11551932,0.57807,84426,1
2,11551933,0.57807,79862,1
2,11551934,0.57807,75304,1
2,11551935,0.57807,70903,1
2,11551936,0.57807,66178,1
2,11551944,0.578071,71433,1
2,11551945,0.578071,66963,1
2,11551960,0.578072,86665,1
2,11551961,0.578072,82015,1
2,11551962,0.578072,77569,1
2,11551963,0.578072,72861,1
2,11551964,0.578072,68285,1
2,11551965,0.578072,63692,1
2,11551971,0.578072,86551,1
2,11551972,0.578072,81910,1
2,11551973,0.578072,77345,1
2,11551974,0.578072,72810,1
2,11551975,0.578072,68171,1
2,11551976,0.578072,63505,1
2,11551984,0.578073,78893,1
2,11551985,0.578073,74331,1
2,11551986,0.578073,69650,1
2,11551987,0.578073,65047,1
2,11555151,0.578231,35885,0
2,11563148,0.578631,35246,0
2,11571144,0.579032,36530,0
2,11579141,0.579432,35400,0
2,11583210,0.579635,64946,1
2,11587138,0.579832,37675,0
2,11590838,0.580017,66433,1
2,11595134,0.580232,35698,0
2,11603131,0.580632,39928,0
2,11606007,0.580776,68185,1
2,11606008,0.580776,63556,1
2,11611128,0.581032,34801,0
2,11619124,0.581433,37554,0
2,11627121,0.581833,34560,0
2,11635117,0.582233,35781,0
2,11643114,0.582633,36653,0
2,11651111,0.583033,35009,0
2,11658217,0.583389,67936,1
2,11658218,0.583389,63473,1
2,11659107,0.583433,36748,0
2,11663931,0.583675,63969,1
2,11667104,0.583834,37015,0
2,11675101,0.584234,34852,0
2,11683097,0.584634,37094,0
2,11691094,0.585034,36439,0
2,11699091,0.585434,35265,0
2,11707087,0.585834,36250,0
2,11711771,0.586069,67663,1
2,11715084,0.586234,34978,0
2,11723081,0.586635,36080,0
2,11731077,0.587035,35218,0
2,11739074,0.587435,36153,0
2,11747071,0.587835,36125,0
2,11755067,0.588235,34605,0
2,11763064,0.588635,34478,0
2,11763833,0.588674,64599,1
2,11771060,0.589036,37596,0
2,11779057,0.589436,36029,0
2,11787054,0.589836,37491,0
2,11795050,0.590236,35803,0
2,11803047,0.590636,35082,0
2,11811044,0.591036,37356,0
2,11819040,0.591437,35054,0
2,11827037,0.591837,36812,0
2,11835034,0.592237,36130,0
2,11843030,0.592637,36038,0
2,11843935,0.592682,72854,1
2,11843936,0.592682,68351,1
2,11843937,0.592682,63637,1
2,11851027,0.593037,37041,0
2,11858286,0.5934,67935,1
2,11858287,0.5934,63409,1
2,11859024,0.593437,37820,0
2,11859697,0.593471,197350,1
2,11859698,0.593471,192645,1
2,11859699,0.593471,188002,1
2,11859700,0.593471,183386,1
2,11859701,0.593471,178534,1
2,11859702,0.593471,173681,1
2,11859703,0.593471,168894,1
2,11859704,0.593471,164084,1
2,11859705,0.593471,159259,1
2,11859706,0.593472,154315,1
2,11859707,0.593472,149335,1
2,11859708,0.593472,144374,1
2,11859709,0.593472,139418,1
2,11859710,0.593472,134440,1
2,11859711,0.593472,129564,1
2,11859712,0.593472,124608,1
2,11859713,0.593472,119627,1
2,11859714,0.593472,114667,1
2,11859715,0.593472,109711,1
2,11859716,0.593472,104729,1
2,11859717,0.593472,99769,1
2,11859718,0.593472,94812,1
2,11859719,0.593472,89835,1
2,11859720,0.593472,84878,1
2,11859721,0.593472,79903,1
2,11859722,0.593472,74920,1
2,11859723,0.593472,69982,1
2,11859724,0.593472,65006,1
2,11867020,0.593838,36050,0
2,11875017,0.594238,36406,0
2,11881563,0.594565,65543,1
2,11883013,0.594638,36147,0
2,11891010,0.595038,34333,0
2,11899007,0.595438,36750,0
2,11907003,0.595838,36272,0
2,11914269,0.596202,66404,1
2,11915000,0.596238,36879,0
2,11922997,0.596639,35797,0
2,11930993,0.597039,35969,0
2,11938023,0.597391,67128,1
2,11938990,0.597439,37204,0
2,11946987,0.597839,35760,0
2,11949558,0.597968,65056,1
2,11954983,0.598239,36055,0
2,11960729,0.598527,69148,1
2,11960730,0.598527,64829,1
2,11962980,0.598639,36691,0
2,11970977,0.59904,38017,0
2,11977409,0.599361,70937,1
2,11977410,0.599362,66164,1
2,11978973,0.59944,36629,0
2,11986970,0.59984,36247,0
2,11994966,0.60024,36545,0
2,11997011,0.600342,63320,1
2,12001962,0.60059,70484,1
2,12001963,0.60059,66037,1
2,12002963,0.60064,36239,0
2,12010960,0.60104,36868,0
2,12012997,0.601142,65073,1
2,12018956,0.601441,36903,0
2,12026953,0.601841,35001,0
2,12031629,0.602075,63369,1
2,12034950,0.602241,35723,0
2,12042946,0.602641,35182,0
2,12050943,0.603041,35190,0
2,12058940,0.603441,35193,0
2,12066199,0.603805,66023,1
2,12066209,0.603805,80695,1
2,12066210,0.603805,75964,1
2,12066211,0.603805,71439,1
2,12066212,0.603805,66920,1
2,12066220,0.603806,83540,1
2,12066221,0.603806,79042,1
2,12066222,0.603806,74454,1
2,12066223,0.603806,69772,1
2,12066224,0.603806,65193,1
2,12066232,0.603806,87427,1
2,12066233,0.603806,82724,1
2,12066234,0.603806,78099,1
2,12066235,0.603806,73569,1
2,12066236,0.603806,69204,1
2,12066237,0.603807,64723,1
2,12066244,0.603807,80609,1
2,12066245,0.603807,76220,1
2,12066246,0.603807,71537,1
2,12066247,0.603807,67056,1
2,12066936,0.603841,35768,0
2,12074933,0.604242,35694,0
2,12081376,0.604564,70259,1
2,12081377,0.604564,65760,1
2,12082930,0.604642,35348,0
2,12090926,0.605042,39202,0
2,12098923,0.605442,37021,0
2,12102252,0.605609,65052,1
2,12103475,0.60567,65403,1
2,12106920,0.605842,35179,0
2,12114916,0.606242,35083,0
2,12122913,0.606643,36321,0
2,12130909,0.607043,34998,0
2,12138906,0.607443,36114,0
2,12146903,0.607843,35188,0
2,12148649,0.60793,66420,1
2,12149664,0.607981,69515,1
2,12149665,0.607981,64887,1
2,12154899,0.608243,35689,0
2,12159427,0.60847,66418,1
2,12159428,0.60847,66521,1
2,12162634,0.60863,64473,1
2,12162896,0.608643,35500,0
2,12170893,0.609044,35819,0
2,12174569,0.609228,66165,1
2,12175644,0.609281,63625,1
2,12178889,0.609444,36244,0
2,12186886,0.609844,34977,0
2,12194883,0.610244,36193,0
2,12202879,0.610644,35486,0
2,12207412,0.610871,63472,1
2,12210876,0.611044,35564,0
2,12218873,0.611445,36470,0
2,12224787,0.611741,70437,1
2,12224788,0.611741,65788,1
2,12226869,0.611845,35100,0
2,12234866,0.612245,36412,0
2,12242862,0.612645,36103,0
2,12250859,0.613045,36181,0
2,12258856,0.613445,36268,0
2,12266852,0.613845,35632,0
2,12268658,0.613936,67450,1
2,12270009,0.614003,67524,1
2,12272649,0.614136,76644,1
2,12272650,0.614136,83184,1
2,12272651,0.614136,78633,1
2,12272652,0.614136,74003,1
2,12272653,0.614136,69520,1
2,12272654,0.614136,64893,1
2,12274849,0.614246,36080,0
2,12278437,0.614425,65494,1
2,12282846,0.614646,36742,0
2,12290842,0.615046,36177,0
2,12298839,0.615446,35168,0
2,12306836,0.615846,35772,0
2,12314832,0.616246,34800,0
2,12322829,0.616647,36130,0
2,12323044,0.616657,67827,1
2,12323045,0.616657,63354,1
2,12324701,0.61674,63579,1
2,12330826,0.617047,35008,0
2,12338822,0.617447,37630,0
2,12346819,0.617847,36066,0
2,12354815,0.618247,35936,0
2,12358306,0.618422,64794,1
2,12362153,0.618614,65079,1
2,12362812,0.618647,37176,0
2,12370809,0.619048,37034,0
2,12374574,0.619236,66319,1
2,12378805,0.619448,35011,0
2,12383387,0.619677,64234,1
2,12385048,0.61976,70358,1
2,12385049,0.61976,65723,1
2,12386802,0.619848,35314,0
2,12389046,0.61996,63428,1
2,12392291,0.620123,63911,1
2,12394799,0.620248,35299,0
2,12402795,0.620648,35016,0
2,12410792,0.621048,37131,0
2,12417098,0.621364,63391,1
2,12418789,0.621449,35811,0
2,12426785,0.621849,37271,0
2,12434782,0.622249,35924,0
2,12438093,0.622415,63683,1
2,12442779,0.622649,38272,0
2,12449919,0.623006,64915,1
2,12450775,0.623049,34953,0
2,12458772,0.623449,35042,0
2,12466769,0.62385,36280,0
2,12474765,0.62425,35674,0
2,12482583,0.624641,79005,1
2,12482584,0.624641,74332,1
2,12482585,0.624641,69882,1
2,12482586,0.624641,65230,1
2,12482762,0.62465,35325,0
2,12489712,0.624998,65534,1
2,12490758,0.62505,35770,0
2,12498755,0.62545,36560,0
2,12506752,0.62585,36197,0
2,12507244,0.625875,66859,1
2,12514748,0.62625,34899,0
2,12518778,0.626452,63531,1
2,12522745,0.626651,35592,0
2,12530742,0.627051,36411,0
2,12531699,0.627099,64089,1
2,12538738,0.627451,34990,0
2,12543961,0.627712,98327,1
2,12543962,0.627712,94220,1
2,12543963,0.627712,90088,1
2,12543964,0.627712,85867,1
2,12543965,0.627713,81752,1
2,12543966,0.627713,77632,1
2,12543967,0.627713,73357,1
2,12543968,0.627713,68954,1
2,12543969,0.627713,64711,1
2,12546735,0.627851,36887,0
2,12554732,0.628251,36259,0
2,12562728,0.628651,36687,0
2,12565302,0.62878,72041,1
2,12565303,0.62878,67547,1
2,12570725,0.629052,36615,0
2,12578722,0.629452,35278,0
2,12586718,0.629852,37986,0
2,12594715,0.630252,35408,0
2,12602711,0.630652,35078,0
2,12603709,0.630702,64742,1
2,12608757,0.630955,66929,1
2,12610708,0.631052,36682,0
2,12618705,0.631453,35607,0
2,12626701,0.631853,36327,0
2,12631433,0.632089,66173,1
2,12632812,0.632158,68074,1
2,12632813,0.632159,63551,1
2,12634698,0.632253,36411,0
2,12636818,0.632359,63970,1
2,12642695,0.632653,36457,0
2,12647091,0.632873,64597,1
2,12650691,0.633053,35639,0
2,12658688,0.633453,37388,0
2,12666685,0.633854,35199,0
2,12674681,0.634254,35969,0
2,12682678,0.634654,37405,0
2,12690675,0.635054,35430,0
2,12698671,0.635454,36569,0
2,12706668,0.635854,35595,0
2,12708553,0.635949,73835,1
2,12708554,0.635949,69369,1
2,12708555,0.635949,64840,1
2,12714665,0.636255,36559,0
2,12722661,0.636655,36130,0
2,12730658,0.637055,35869,0
2,12732348,0.637139,64011,1
2,12736894,0.637367,65467,1
2,12738654,0.637455,35901,0
2,12744730,0.637759,64803,1
2,12746651,0.637855,37169,0
2,12751414,0.638093,65608,1
2,12754648,0.638255,35192,0
2,12760271,0.638537,64778,1
2,12762644,0.638655,35682,0
2,12770641,0.639056,37716,0
2,12778638,0.639456,35321,0
2,12786634,0.639856,35643,0
2,12794631,0.640256,37103,0
2,12802628,0.640656,35488,0
2,12810624,0.641056,35181,0
2,12818621,0.641457,36220,0
2,12820678,0.641559,78972,1
2,12820679,0.64156,74280,1
2,12820680,0.64156,69502,1
2,12820681,0.64156,65071,1
2,12826618,0.641857,35283,0
2,12833602,0.642206,64947,1
2,12834614,0.642257,36291,0
2,12840955,0.642574,67258,1
2,12842611,0.642657,35652,0
2,12850607,0.643057,34857,0
2,12858604,0.643457,36717,0
2,12859650,0.64351,77176,1
2,12859651,0.64351,76129,1
2,12859652,0.64351,71422,1
2,12859653,0.64351,66813,1
2,12859654,0.64351,64494,1
2,12859655,0.64351,75151,1
2,12859656,0.64351,70631,1
2,12859657,0.64351,65959,1
2,12866601,0.643858,36326,0
2,12872571,0.644156,70860,1
2,12872572,0.644156,66330,1
2,12874597,0.644258,35802,0
2,12882594,0.644658,35415,0
2,12890591,0.645058,36796,0
2,12897632,0.64541,64127,1
2,12898587,0.645458,36608,0
2,12901935,0.645626,69970,1
2,12901936,0.645626,65556,1
2,12905449,0.645802,72407,1
2,12905450,0.645802,67794,1
2,12906584,0.645858,37754,0
2,12906938,0.645876,69373,1
2,12906939,0.645876,64805,1
2,12908736,0.645966,65136,1
2,12914581,0.646258,35981,0
2,12916161,0.646338,77029,1
2,12916162,0.646338,72307,1
2,12916163,0.646338,67853,1
2,12916164,0.646338,63357,1
2,12922577,0.646659,36185,0
2,12930574,0.647059,35807,0
2,12938571,0.647459,37723,0
2,12946567,0.647859,37820,0
2,12954564,0.648259,35509,0
2,12962560,0.648659,35087,0
2,12970557,0.64906,35465,0
2,12974779,0.649271,63469,1
2,12978554,0.64946,36784,0
2,12986550,0.64986,36415,0
2,12993567,0.650211,72724,1
2,12993568,0.650211,68229,1
2,12993569,0.650211,63613,1
2,12994547,0.65026,35530,0
2,13000474,0.650557,69863,1
2,13000475,0.650557,65305,1
2,13002544,0.65066,35409,0
2,13010540,0.65106,35839,0
2,13013239,0.651195,64305,1
2,13018537,0.651461,36862,0
2,13021808,0.651624,63301,1
2,13026534,0.651861,34810,0
2,13034530,0.652261,36674,0
2,13039692,0.652519,87275,1
2,13039693,0.652519,82637,1
2,13039694,0.652519,78347,1
2,13039695,0.652519,73769,1
2,13039696,0.652519,69193,1
2,13039697,0.652519,64709,1
2,13042527,0.652661,36582,0
2,13050524,0.653061,36171,0
2,13053201,0.653195,64611,1
2,13058520,0.653461,37289,0
2,13061213,0.653596,65501,1
2,13066517,0.653862,38370,0
2,13070755,0.654074,65645,1
2,13074514,0.654262,35858,0
2,13078688,0.654471,64683,1
2,13082510,0.654662,37736,0
2,13090507,0.655062,35982,0
2,13098503,0.655462,36256,0
2,13099285,0.655501,65682,1
2,13106500,0.655862,36602,0
2,13114497,0.656262,35130,0
2,13122493,0.656663,35024,0
2,13130490,0.657063,36981,0
2,13133109,0.657194,64901,1
2,13138487,0.657463,37121,0
2,13146483,0.657863,35854,0
2,13153184,0.658198,66442,1
2,13154480,0.658263,37502,0
2,13157379,0.658408,69484,1
2,13157380,0.658408,64901,1
2,13162477,0.658663,36022,0
2,13170473,0.659064,36285,0
2,13173975,0.659239,64973,1
2,13178470,0.659464,36348,0
2,13186467,0.659864,35263,0
2,13194463,0.660264,35198,0
2,13198529,0.660468,64004,1
2,13200523,0.660567,65226,1
2,13202460,0.660664,37854,0
2,13210456,0.661064,36611,0
2,13218453,0.661465,34759,0
2,13226450,0.661865,37571,0
2,13230285,0.662057,64551,1
2,13234446,0.662265,35465,0
2,13242443,0.662665,35712,0
2,13244165,0.662751,63385,1
2,13250440,0.663065,36683,0
2,13252931,0.66319,64822,1
2,13255576,0.663322,71479,1
2,13255577,0.663322,67045,1
2,13258436,0.663465,35413,0
2,13266433,0.663866,34981,0
2,13274430,0.664266,35592,0
2,13282426,0.664666,35703,0
2,13285836,0.664836,63450,1
2,13290423,0.665066,36677,0
2,13298420,0.665466,37092,0
2,13306416,0.665866,36574,0
2,13309406,0.666016,68521,1
2,13309407,0.666016,64176,1
2,13314413,0.666266,36452,0
2,13322410,0.666667,36679,0
2,13330406,0.667067,35237,0
2,13338403,0.667467,36063,0
2,13346399,0.667867,37530,0
2,13350014,0.668048,64960,1
2,13354396,0.668267,37348,0
2,13362393,0.668667,36198,0
2,13370389,0.669068,35493,0
2,13378386,0.669468,35154,0
2,13386383,0.669868,36332,0
2,13394379,0.670268,37629,0
2,13402376,0.670668,35502,0
2,13410373,0.671068,35376,0
2,13414117,0.671256,69366,1
2,13414118,0.671256,64896,1
2,13418369,0.671469,36387,0
2,13420985,0.671599,77569,1
2,13420986,0.6716,73149,1
2,13420987,0.6716,68646,1
2,13420988,0.6716,64160,1
2,13426366,0.671869,37133,0
2,13432543,0.672178,66385,1
2,13434363,0.672269,39521,0
2,13442359,0.672669,36276,0
2,13450356,0.673069,47098,0
2,13457205,0.673412,67308,1
2,13458352,0.673469,35802,0
2,13466349,0.67387,35298,0
2,13474346,0.67427,35564,0
2,13477017,0.674403,74328,1
2,13477018,0.674403,69851,1
2,13477019,0.674403,65369,1
2,13482342,0.67467,38699,0
2,13485958,0.674851,68727,1
2,13485959,0.674851,64167,1
2,13490339,0.67507,36761,0
2,13495713,0.675339,70221,1
2,13495714,0.675339,65771,1
2,13498336,0.67547,36454,0
2,13500948,0.675601,68216,1
2,13500949,0.675601,63669,1
2,13506332,0.67587,37562,0
2,13507860,0.675947,65438,1
2,13514329,0.67627,38288,0
2,13522326,0.676671,35722,0
2,13530322,0.677071,34933,0
2,13536225,0.677366,65123,1
2,13538319,0.677471,36134,0
2,13546316,0.677871,35668,0
2,13546524,0.677882,68293,1
2,13546525,0.677882,63706,1
2,13550782,0.678095,69357,1
2,13550783,0.678095,64910,1
2,13554127,0.678262,65590,1
2,13554312,0.678271,35670,0
2,13562309,0.678671,35760,0
2,13570305,0.679072,34997,0
2,13578302,0.679472,36029,0
2,13586299,0.679872,36886,0
2,13594295,0.680272,35380,0
2,13600804,0.680598,67748,1
2,13602292,0.680672,37428,0
2,13610289,0.681072,37046,0
2,13618285,0.681473,35875,0
2,13626282,0.681873,35169,0
2,13634279,0.682273,37281,0
2,13639716,0.682545,74495,1
2,13639717,0.682545,70115,1
2,13639718,0.682545,65685,1
2,13642275,0.682673,37225,0
2,13650272,0.683073,36082,0
2,13658269,0.683473,35939,0
2,13666265,0.683874,36475,0
2,13673128,0.684217,63698,1
2,13674262,0.684274,37256,0
2,13682259,0.684674,35407,0
2,13690255,0.685074,35816,0
2,13694228,0.685273,82730,1
2,13694229,0.685273,78273,1
2,13694230,0.685273,73811,1
2,13694231,0.685273,69524,1
2,13694232,0.685273,64892,1
2,13698252,0.685474,35282,0
2,13704400,0.685782,68554,1
2,13704401,0.685782,63926,1
2,13706248,0.685874,38160,0
2,13713487,0.686237,64098,1
2,13714245,0.686274,35171,0
2,13722242,0.686675,35272,0
2,13730238,0.687075,37523,0
2,13737759,0.687451,67870,1
2,13738235,0.687475,37846,0
2,13746232,0.687875,35616,0
2,13754228,0.688275,35983,0
2,13756530,0.68839,71049,1
2,13756531,0.688391,66477,1
2,13762225,0.688675,36220,0
2,13770222,0.689076,37158,0
2,13778218,0.689476,38293,0
2,13784856,0.689808,69803,1
2,13784857,0.689808,65128,1
2,13786215,0.689876,36258,0
2,13794212,0.690276,35970,0
2,13802208,0.690676,37776,0
2,13810205,0.691076,37183,0
2,13813923,0.691262,66782,1
2,13818201,0.691477,35882,0
2,13818462,0.69149,65344,1
2,13826198,0.691877,36041,0
2,13834195,0.692277,36334,0
2,13842191,0.692677,36127,0
2,13850188,0.693077,35964,0
2,13857553,0.693446,64723,1
2,13858185,0.693477,36148,0
2,13866181,0.693878,35531,0
2,13874178,0.694278,36561,0
2,13879985,0.694568,66936,1
2,13882175,0.694678,36181,0
2,13890171,0.695078,37452,0
2,13892562,0.695198,64591,1
2,13893610,0.69525,71167,1
2,13893611,0.69525,66671,1
2,13898168,0.695478,36904,0
2,13900090,0.695574,65734,1
2,13906165,0.695878,37456,0
2,13914161,0.696278,40209,0
2,13922158,0.696679,35501,0
2,13930154,0.697079,36838,0
2,13938151,0.697479,35527,0
2,13938669,0.697505,71170,1
2,13938670,0.697505,66623,1
2,13938676,0.697505,65111,1
2,13946148,0.697879,36592,0
2,13948796,0.698012,74577,1
2,13948797,0.698012,69975,1
2,13948798,0.698012,65617,1
2,13954144,0.698279,36272,0
2,13962141,0.698679,36083,0
2,13970138,0.69908,37224,0
2,13978134,0.69948,36699,0
2,13986131,0.69988,35697,0
2,13988940,0.70002,69095,1
2,13988941,0.700021,64338,1
2,13994128,0.70028,35921,0
2,13999118,0.70053,64996,1
2,14002124,0.70068,35563,0
2,14010121,0.70108,36320,0
2,14013478,0.701248,64300,1
2,14018118,0.701481,36451,0
2,14026114,0.701881,35481,0
2,14034111,0.702281,35693,0
2,14034750,0.702313,75449,1
2,14034751,0.702313,71104,1
2,14034752,0.702313,66625,1
2,14042108,0.702681,37550,0
2,14050104,0.703081,35715,0
2,14058101,0.703481,35943,0
2,14066097,0.703882,40706,0
2,14074094,0.704282,35541,0
2,14082091,0.704682,36088,0
2,14090087,0.705082,37793,0
2,14098084,0.705482,36335,0
2,14106081,0.705882,35094,0
2,14114077,0.706282,37301,0
2,14119073,0.706532,72775,1
2,14119074,0.706533,68061,1
2,14119075,0.706533,63622,1
2,14119085,0.706533,68250,1
2,14119086,0.706533,63596,1
2,14122074,0.706683,36815,0
2,14125907,0.706874,65424,1
2,14130071,0.707083,36201,0
2,14138067,0.707483,35128,0
2,14144011,0.70778,65679,1
2,14146064,0.707883,39562,0
2,14147005,0.70793,71403,1
2,14147006,0.70793,67000,1
2,14154061,0.708283,36993,0
2,14162057,0.708683,37548,0
2,14162561,0.708709,76854,1
2,14162562,0.708709,72244,1
2,14162563,0.708709,67641,1
2,14162564,0.708709,63301,1
2,14168684,0.709015,67989,1
2,14168685,0.709015,63621,1
2,14170054,0.709084,35752,0
2,14178050,0.709484,37271,0
2,14186047,0.709884,36234,0
2,14194044,0.710284,38113,0
2,14195495,0.710357,63819,1
2,14202040,0.710684,35551,0
2,14205338,0.710849,63378,1
2,14210037,0.711084,36880,0
2,14218034,0.711485,36048,0
2,14222885,0.711727,65706,1
2,14226030,0.711885,35253,0
2,14226263,0.711896,64703,1
2,14232974,0.712232,65380,1
2,14234027,0.712285,35184,0
2,14238783,0.712523,70676,1
2,14238784,0.712523,66149,1
2,14242024,0.712685,36350,0
2,14250020,0.713085,35281,0
2,14258017,0.713485,35636,0
2,14266014,0.713886,35765,0
2,14266033,0.713887,69286,1
2,14266034,0.713887,64504,1
2,14274010,0.714286,37305,0
2,14281115,0.714641,64677,1
2,14282007,0.714686,35702,0
2,14290004,0.715086,35873,0
2,14294649,0.715318,72935,1
2,14294650,0.715319,68449,1
2,14294651,0.715319,64142,1
2,14298000,0.715486,35460,0
2,14305997,0.715886,38163,0
2,14311154,0.716144,68854,1
2,14311155,0.716144,64448,1
2,14313993,0.716286,36669,0
2,14321990,0.716687,37278,0
2,14329987,0.717087,36616,0
2,14333979,0.717287,72073,1
2,14333980,0.717287,67502,1
2,14335941,0.717385,66488,1
2,14337948,0.717485,68623,1
2,14337949,0.717485,63971,1
2,14337983,0.717487,36473,0
2,14344487,0.717812,66359,1
2,14345980,0.717887,36706,0
2,14353977,0.718287,35685,0
2,14361973,0.718687,36155,0
2,14365306,0.718854,70402,1
2,14365307,0.718854,66094,1
2,14369970,0.719088,36431,0
2,14377967,0.719488,36598,0
2,14385963,0.719888,35449,0
2,14393960,0.720288,35142,0
2,14401957,0.720688,37512,0
2,14409953,0.721088,35538,0
2,14409975,0.72109,63516,1
2,14417950,0.721489,36562,0
2,14425946,0.721889,36262,0
2,14433943,0.722289,35118,0
2,14441940,0.722689,37059,0
2,14449936,0.723089,37018,0
2,14457933,0.723489,37096,0
2,14459634,0.723574,69525,1
2,14459635,0.723575,64930,1
2,14459834,0.723584,65701,1
2,14465930,0.72389,36671,0
2,14473926,0.72429,36401,0
2,14481923,0.72469,37823,0
2,14487360,0.724962,67786,1
2,14487361,0.724962,63441,1
2,14489920,0.72509,35821,0
2,14497916,0.72549,36506,0
2,14501063,0.725648,66478,1
2,14505913,0.72589,36435,0
2,14513910,0.726291,36345,0
2,14521906,0.726691,36637,0
2,14529903,0.727091,37977,0
2,14537899,0.727491,35159,0
2,14545896,0.727891,36778,0
2,14553893,0.728291,35902,0
2,14560852,0.72864,63283,1
2,14561889,0.728691,35539,0
2,14569132,0.729054,65075,1
2,14569886,0.729092,35731,0
2,14577883,0.729492,37718,0
2,14585879,0.729892,35273,0
2,14588447,0.73002,77444,1
2,14588448,0.73002,75770,1
2,14588449,0.730021,71242,1
2,14588450,0.730021,66707,1
2,14588451,0.730021,63734,1
2,14588452,0.730021,84008,1
2,14588453,0.730021,79356,1
2,14588454,0.730021,74836,1
2,14588455,0.730021,70273,1
2,14588456,0.730021,65833,1
2,14593876,0.730292,36275,0
2,14595156,0.730356,73579,1
2,14595157,0.730356,68861,1
2,14595158,0.730356,64318,1
2,14598636,0.73053,64691,1
2,14601873,0.730692,36882,0
2,14608698,0.731034,67007,1
2,14609869,0.731092,35910,0
2,14613300,0.731264,78925,1
2,14613301,0.731264,86512,1
2,14613302,0.731264,82032,1
2,14613303,0.731264,77422,1
2,14613304,0.731264,72875,1
2,14613305,0.731264,68336,1
2,14613306,0.731264,63612,1
2,14613680,0.731283,64734,1
2,14617866,0.731493,35551,0
2,14625863,0.731893,35895,0
2,14628468,0.732023,68855,1
2,14628469,0.732023,64157,1
2,14631485,0.732174,63608,1
2,14633859,0.732293,36348,0
2,14641856,0.732693,35414,0
2,14649853,0.733093,36922,0
2,14650573,0.733129,65128,1
2,14650909,0.733146,64088,1
2,14657849,0.733493,35268,0
2,14665846,0.733894,36515,0
2,14670364,0.73412,63605,1
2,14673842,0.734294,36552,0
2,14681839,0.734694,36430,0
2,14689836,0.735094,35324,0
2,14690314,0.735118,63282,1
2,14697832,0.735494,36391,0
2,14705829,0.735894,37266,0
2,14713826,0.736295,36088,0
2,14721822,0.736695,36090,0
2,14729819,0.737095,35825,0
2,14737816,0.737495,36735,0
2,14745812,0.737895,36479,0
2,14753809,0.738295,35155,0
2,14761561,0.738683,66409,1
2,14761562,0.738683,74392,1
2,14761563,0.738683,69822,1
2,14761564,0.738683,65344,1
2,14761806,0.738695,36913,0
2,14764456,0.738828,64746,1
2,14767586,0.738985,70787,1
2,14767587,0.738985,66170,1
2,14769802,0.739096,35438,0
2,14777799,0.739496,35749,0
2,14780681,0.73964,65982,1
2,14785795,0.739896,36636,0
2,14793792,0.740296,37559,0
2,14801789,0.740696,35754,0
2,14809785,0.741096,37073,0
2,14817782,0.741497,35764,0
2,14817932,0.741504,74027,1
2,14817933,0.741504,69252,1
2,14817934,0.741504,64794,1
2,14820766,0.741646,65002,1
2,14825287,0.741872,75489,1
2,14825288,0.741872,73528,1
2,14825289,0.741872,69036,1
2,14825290,0.741872,65655,1
2,14825291,0.741872,78361,1
2,14825292,0.741872,73867,1
2,14825293,0.741872,69344,1
2,14825294,0.741872,64677,1
2,14825779,0.741897,37900,0
2,14833775,0.742297,36327,0
2,14841772,0.742697,37057,0
2,14849769,0.743097,37750,0
2,14857765,0.743497,36826,0
2,14865762,0.743898,34931,0
2,14866239,0.743921,65056,1
2,14868313,0.744025,63785,1
2,14869553,0.744087,63618,1
2,14873759,0.744298,36311,0
2,14879525,0.744586,69415,1
2,14879526,0.744586,64834,1
2,14881755,0.744698,38677,0
2,14889253,0.745073,72887,1
2,14889254,0.745073,68262,1
2,14889255,0.745073,63731,1
2,14889752,0.745098,36505,0
2,14897748,0.745498,35831,0
2,14905569,0.74589,65221,1
2,14905745,0.745898,36331,0
2,14906827,0.745952,63872,1
2,14913742,0.746299,36138,0
2,14921738,0.746699,36405,0
2,14926426,0.746933,77443,1
2,14926427,0.746933,72849,1
2,14926428,0.746933,68283,1
2,14926429,0.746933,63912,1
2,14929735,0.747099,40850,0
2,14933050,0.747265,72018,1
2,14933051,0.747265,67445,1
2,14934185,0.747321,66638,1
2,14937732,0.747499,37091,0
2,14940577,0.747641,66717,1
2,14944242,0.747825,74201,1
2,14944243,0.747825,69620,1
2,14944244,0.747825,65083,1
2,14945728,0.747899,36597,0
2,14953725,0.748299,35979,0
2,14961722,0.748699,36848,0
2,14962714,0.748749,76211,1
2,14962715,0.748749,71861,1
2,14962716,0.748749,67378,1
2,14966786,0.748953,63410,1
2,14969718,0.7491,35968,0
2,14971789,0.749203,65555,1
2,14977715,0.7495,36607,0
2,14985712,0.7499,37464,0
2,14986340,0.749931,65415,1
2,14993708,0.7503,36046,0
2,14996867,0.750458,63569,1
2,15001705,0.7507,36573,0
2,15002486,0.750739,74620,1
2,15002487,0.750739,79444,1
2,15002488,0.750739,74921,1
2,15002489,0.750739,70292,1
2,15002490,0.75074,65684,1
2,15009458,0.751088,67287,1
2,15009702,0.7511,36625,0
2,15017698,0.751501,36188,0
2,15025695,0.751901,37805,0
2,15033691,0.752301,35921,0
2,15035507,0.752392,75783,1
2,15035508,0.752392,71442,1
2,15035509,0.752392,66815,1
2,15041688,0.752701,35672,0
2,15045075,0.752871,73162,1
2,15045076,0.752871,68570,1
2,15045077,0.752871,64072,1
2,15049685,0.753101,36417,0
2,15057681,0.753501,36385,0
2,15058892,0.753562,69447,1
2,15058893,0.753562,64970,1
2,15059025,0.753569,65398,1
2,15063289,0.753782,85690,1
2,15063290,0.753782,81166,1
2,15063291,0.753782,76764,1
2,15063292,0.753782,72261,1
2,15063293,0.753782,67616,1
2,15063294,0.753782,75168,1
2,15063295,0.753782,70901,1
2,15063296,0.753782,66821,1
2,15065678,0.753902,35701,0
2,15073675,0.754302,35921,0
2,15081671,0.754702,36408,0
2,15082967,0.754767,65484,1
2,15089668,0.755102,35992,0
2,15095120,0.755375,65784,1
2,15097665,0.755502,37038,0
2,15105661,0.755902,35976,0
2,15113658,0.756303,36016,0
2,15114710,0.756355,64121,1
2,15121655,0.756703,36700,0
2,15129651,0.757103,36280,0
2,15137648,0.757503,36480,0
2,15145644,0.757903,36057,0
2,15153641,0.758303,36641,0
2,15161638,0.758703,35607,0
2,15164650,0.758854,63904,1
2,15165812,0.758912,63997,1
2,15169634,0.759104,36033,0
2,15177631,0.759504,35234,0
2,15184428,0.759844,63610,1
2,15185628,0.759904,35590,0
2,15193624,0.760304,36105,0
2,15197722,0.760509,63979,1
2,15201621,0.760704,37353,0
2,15205579,0.760902,63988,1
2,15207801,0.761014,64747,1
2,15209618,0.761104,35650,0
2,15214746,0.761361,69400,1
2,15214747,0.761361,64863,1
2,15217614,0.761505,37200,0
2,15225611,0.761905,35555,0
2,15230400,0.762144,66429,1
2,15233608,0.762305,39468,0
2,15241604,0.762705,36281,0
2,15243323,0.762791,66992,1
2,15249601,0.763105,36239,0
2,15257598,0.763505,35718,0
2,15265594,0.763906,36152,0
2,15268684,0.76406,66433,1
2,15273591,0.764306,36010,0
2,15278831,0.764568,68087,1
2,15278832,0.764568,63500,1
2,15281587,0.764706,36158,0
2,15289584,0.765106,35714,0
2,15297581,0.765506,35233,0
2,15305577,0.765906,38009,0
2,15313574,0.766306,37361,0
2,15321571,0.766707,36327,0
2,15328274,0.767042,69577,1
2,15328275,0.767042,65094,1
2,15329567,0.767107,36124,0
2,15333239,0.767291,69534,1
2,15333240,0.767291,65067,1
2,15334900,0.767374,71161,1
2,15334901,0.767374,66599,1
2,15337564,0.767507,37262,0
2,15345561,0.767907,36275,0
2,15350201,0.768139,64222,1
2,15353557,0.768307,40217,0
2,15361554,0.768707,36775,0
2,15369551,0.769108,39572,0
2,15373819,0.769321,63525,1
2,15373820,0.769321,65543,1
2,15373821,0.769321,64545,1
2,15373822,0.769321,65755,1
2,15373823,0.769321,66261,1
2,15377547,0.769508,38442,0
2,15383883,0.769825,64468,1
2,15383884,0.769825,63966,1
2,15383885,0.769825,66457,1
2,15383886,0.769825,65648,1
2,15383887,0.769825,64194,1
2,15385544,0.769908,35465,0
2,15393540,0.770308,35469,0
2,15401537,0.770708,36543,0
2,15408536,0.771058,63753,1
2,15409534,0.771108,38030,0
2,15411347,0.771199,69001,1
2,15411348,0.771199,64490,1
2,15417530,0.771509,37172,0
2,15424492,0.771857,66792,1
2,15425527,0.771909,36755,0
2,15426162,0.771941,68756,1
2,15426163,0.771941,64172,1
2,15433524,0.772309,43095,0
2,15436981,0.772482,67562,1
2,15441520,0.772709,35967,0
2,15449517,0.773109,35918,0
2,15457514,0.773509,36479,0
2,15463149,0.773791,86639,1
2,15463150,0.773791,82428,1
2,15463151,0.773791,77812,1
2,15463152,0.773792,73120,1
2,15463153,0.773792,68669,1
2,15463154,0.773792,64183,1
2,15465510,0.77391,37892,0
2,15473507,0.77431,36925,0
2,15476727,0.774471,63736,1
2,15481504,0.77471,38002,0
2,15488745,0.775072,63605,1
2,15489500,0.77511,36783,0
2,15497497,0.77551,36195,0
2,15505493,0.77591,36975,0
2,15513490,0.77631,36887,0
2,15514393,0.776356,63828,1
2,15521487,0.776711,37662,0
2,15529483,0.777111,36937,0
2,15537480,0.777511,36229,0
2,15545477,0.777911,38613,0
2,15553473,0.778311,36344,0
2,15561470,0.778711,36362,0
2,15569467,0.779112,36204,0
2,15577463,0.779512,36631,0
2,15585460,0.779912,36339,0
2,15593457,0.780312,36178,0
2,15601453,0.780712,36104,0
2,15609450,0.781112,36115,0
2,15617447,0.781513,36808,0
2,15625443,0.781913,36479,0
2,15631234,0.782203,66738,1
2,15633440,0.782313,36917,0
2,15639013,0.782592,68566,1
2,15639014,0.782592,63961,1
2,15641436,0.782713,35181,0
2,15649433,0.783113,47718,0
2,15653594,0.783321,65152,1
2,15657040,0.783494,67969,1
2,15657041,0.783494,63483,1
2,15657430,0.783513,37136,0
2,15659536,0.783619,63816,1
2,15665426,0.783914,35314,0
2,15671662,0.784226,63635,1
2,15671664,0.784226,69257,1
2,15671665,0.784226,64574,1
2,15673423,0.784314,36291,0
2,15676470,0.784466,68514,1
2,15676471,0.784466,63955,1
2,15681420,0.784714,38406,0
2,15683647,0.784825,68707,1
2,15683648,0.784825,64294,1
2,15689416,0.785114,36508,0
2,15691111,0.785199,70317,1
2,15691112,0.785199,65712,1
2,15697413,0.785514,36724,0
2,15701659,0.785727,66238,1
2,15705410,0.785914,34937,0
2,15710957,0.786192,72979,1
2,15710958,0.786192,68485,1
2,15710959,0.786192,63817,1
2,15713406,0.786314,36530,0
2,15721403,0.786715,35774,0
2,15725083,0.786899,65171,1
2,15729400,0.787115,41894,0
2,15737396,0.787515,36125,0
2,15745393,0.787915,35785,0
2,15753389,0.788315,36475,0
2,15761386,0.788715,37801,0
2,15769383,0.789116,35789,0
2,15769725,0.789133,77118,1
2,15769726,0.789133,72625,1
2,15769727,0.789133,68022,1
2,15769728,0.789133,63475,1
2,15777379,0.789516,35258,0
2,15785376,0.789916,38265,0
2,15790672,0.790181,64681,1
2,15792172,0.790256,65650,1
2,15793373,0.790316,36102,0
2,15801369,0.790716,35545,0
2,15809366,0.791116,36351,0
2,15817051,0.791501,64096,1
2,15817363,0.791517,36057,0
2,15825359,0.791917,36156,0
2,15833356,0.792317,36277,0
2,15841353,0.792717,37078,0
2,15844518,0.792875,63971,1
2,15849349,0.793117,35971,0
2,15857346,0.793517,36780,0
2,15860598,0.79368,64394,1
2,15865343,0.793918,35733,0
2,15873339,0.794318,36057,0
2,15881336,0.794718,35665,0
2,15888656,0.795084,65621,1
2,15889332,0.795118,36912,0
2,15890607,0.795182,69041,1
2,15890608,0.795182,64414,1
2,15897329,0.795518,36117,0
2,15899433,0.795623,69192,1
2,15899434,0.795624,64565,1
2,15903102,0.795807,70198,1
2,15903103,0.795807,65855,1
2,15905326,0.795918,35771,0
2,15913322,0.796318,36767,0
2,15921319,0.796719,36006,0
2,15922045,0.796755,74538,1
2,15922046,0.796755,70159,1
2,15922047,0.796755,65825,1
2,15929316,0.797119,36137,0
2,15935971,0.797452,66138,1
2,15937312,0.797519,36714,0
2,15945309,0.797919,35550,0
2,15953306,0.798319,35539,0
2,15961302,0.798719,37567,0
2,15969299,0.79912,36127,0
2,15970933,0.799201,72029,1
2,15970934,0.799201,67546,1
2,15977296,0.79952,44554,0
2,15985292,0.79992,36725,0
2,15993289,0.80032,36382,0
2,16001285,0.80072,36800,0
2,16009282,0.80112,35266,0
2,16017279,0.801521,35755,0
2,16025275,0.801921,36019,0
2,16033272,0.802321,41717,0
2,16037424,0.802529,72907,1
2,16037425,0.802529,68235,1
2,16037426,0.802529,63744,1
2,16041269,0.802721,37010,0
2,16045848,0.80295,63405,1
2,16049265,0.803121,36089,0
2,16054047,0.803361,68329,1
2,16054048,0.803361,63825,1
2,16057262,0.803521,36028,0
2,16064503,0.803884,71463,1
2,16064504,0.803884,66892,1
2,16065259,0.803922,36033,0
2,16073255,0.804322,36037,0
2,16081252,0.804722,35550,0
2,16089249,0.805122,36543,0
2,16097245,0.805522,35185,0
2,16099502,0.805635,70161,1
2,16099503,0.805635,65488,1
2,16103513,0.805836,65267,1
2,16105242,0.805922,35582,0
2,16113238,0.806322,36003,0
2,16116367,0.806479,67397,1
2,16120214,0.806672,64183,1
2,16121235,0.806723,37245,0
2,16122481,0.806785,63801,1
2,16126215,0.806972,65857,1
2,16129232,0.807123,36332,0
2,16137228,0.807523,37915,0
2,16145225,0.807923,35197,0
2,16153222,0.808323,35140,0
2,16160746,0.8087,68179,1
2,16160747,0.8087,63599,1
2,16161218,0.808723,35634,0
2,16164559,0.808891,64629,1
2,16169107,0.809118,66898,1
2,16169215,0.809124,35660,0
2,16177212,0.809524,36418,0
2,16185208,0.809924,35993,0
2,16191976,0.810263,113078,1
2,16191977,0.810263,109046,1
2,16191978,0.810263,104863,1
2,16191979,0.810263,100761,1
2,16191980,0.810263,96491,1
2,16191981,0.810263,92063,1
2,16191982,0.810263,87706,1
2,16191983,0.810263,83317,1
2,16191984,0.810263,79000,1
2,16191985,0.810263,74732,1
2,16191986,0.810263,70690,1
2,16191987,0.810263,66692,1
2,16193205,0.810324,35946,0
2,16196921,0.81051,63460,1
2,16199958,0.810662,103726,1
2,16199959,0.810662,99449,1
2,16199960,0.810662,95111,1
2,16199961,0.810662,90783,1
2,16199962,0.810662,86355,1
2,16199963,0.810662,82014,1
2,16199964,0.810662,77743,1
2,16199965,0.810662,73537,1
2,16199966,0.810662,69315,1
2,16199967,0.810662,64783,1
2,16201202,0.810724,37054,0
2,16203975,0.810863,79508,1
2,16203976,0.810863,75259,1
2,16203977,0.810863,70955,1
2,16203978,0.810863,66743,1
2,16205738,0.810951,63805,1
2,16209198,0.811124,35149,0
2,16210789,0.811204,68727,1
2,16210790,0.811204,64103,1
2,16217195,0.811525,35934,0
2,16225192,0.811925,36381,0
2,16233188,0.812325,36559,0
2,16241185,0.812725,36398,0
2,16249181,0.813125,35155,0
2,16257178,0.813525,36077,0
2,16265175,0.813926,35971,0
2,16273171,0.814326,36007,0
2,16276619,0.814498,65120,1
2,16281168,0.814726,37139,0
2,16289165,0.815126,37042,0
2,16294508,0.815393,64811,1
2,16297161,0.815526,35497,0
2,16300863,0.815711,104733,1
2,16300864,0.815711,100566,1
2,16300865,0.815712,96511,1
2,16300866,0.815712,92639,1
2,16300867,0.815712,88442,1
2,16300868,0.815712,84101,1
2,16300869,0.815712,79860,1
2,16300870,0.815712,75608,1
2,16300871,0.815712,71204,1
2,16300872,0.815712,66900,1
2,16301661,0.815751,63800,1
2,16305158,0.815926,35861,0
2,16313155,0.816327,35144,0
2,16321151,0.816727,37494,0
2,16327227,0.817031,66173,1
2,16329148,0.817127,43437,0
2,16337145,0.817527,36849,0
2,16345141,0.817927,37039,0
2,16353138,0.818327,35797,0
2,16361134,0.818727,41429,0
2,16369131,0.819128,36972,0
2,16377128,0.819528,37033,0
2,16385124,0.819928,36067,0
2,16393121,0.820328,37200,0
2,16396385,0.820491,66070,1
2,16401118,0.820728,35278,0
2,16409114,0.821128,35458,0
2,16417111,0.821529,36196,0
2,16425108,0.821929,35632,0
2,16425131,0.82193,69760,1
2,16425132,0.82193,65114,1
2,16433104,0.822329,36932,0
2,16439171,0.822632,66561,1
2,16441101,0.822729,35727,0
2,16445212,0.822935,63254,1
2,16449098,0.823129,37254,0
2,16457094,0.823529,36132,0
2,16465091,0.82393,35892,0
2,16473087,0.82433,37993,0
2,16476359,0.824493,63787,1
2,16481084,0.82473,43086,0
2,16489081,0.82513,38203,0
2,16497077,0.82553,36406,0
2,16505074,0.82593,36664,0
2,16510585,0.826206,69459,1
2,16510586,0.826206,64958,1
2,16513071,0.826331,37563,0
2,16518353,0.826595,64920,1
2,16521067,0.826731,35111,0
2,16527590,0.827057,67625,1
2,16529064,0.827131,38592,0
2,16537061,0.827531,36515,0
2,16545057,0.827931,38585,0
2,16546519,0.828004,65056,1
2,16553054,0.828331,39019,0
2,16560224,0.82869,67603,1
2,16561051,0.828731,35508,0
2,16569047,0.829132,36818,0
2,16577044,0.829532,37002,0
2,16585041,0.829932,36122,0
2,16592168,0.830289,63953,1
2,16593037,0.830332,36370,0
2,16593154,0.830338,69730,1
2,16593155,0.830338,65124,1
2,16601034,0.830732,35426,0
2,16609030,0.831132,36608,0
2,16617027,0.831533,36184,0
2,16625024,0.831933,36288,0
2,16633020,0.832333,35816,0
2,16639066,0.832635,75218,1
2,16639067,0.832635,70736,1
2,16639068,0.832636,66013,1
2,16641017,0.832733,35267,0
2,16649014,0.833133,35721,0
2,16657010,0.833533,35490,0
2,16658644,0.833615,63618,1
2,16665007,0.833934,36164,0
2,16673004,0.834334,37856,0
2,16681000,0.834734,36157,0
2,16683987,0.834883,65321,1
2,16688997,0.835134,35837,0
2,16696984,0.835534,63681,1
2,16696985,0.835534,67105,1
2,16696994,0.835534,35471,0
2,16704990,0.835934,36045,0
2,16712987,0.836335,35680,0
2,16720983,0.836735,38620,0
2,16724521,0.836912,64083,1
2,16728980,0.837135,37535,0
2,16729433,0.837157,72947,1
2,16729434,0.837158,68438,1
2,16729435,0.837158,63801,1
2,16735416,0.837457,64303,1
2,16736648,0.837519,63561,1
2,16736977,0.837535,37135,0
2,16744973,0.837935,37073,0
2,16752970,0.838335,35717,0
2,16755747,0.838474,73414,1
2,16755748,0.838474,68825,1
2,16755749,0.838474,64319,1
2,16760967,0.838735,35813,0
2,16761955,0.838785,65626,1
2,16761957,0.838785,94182,1
2,16761958,0.838785,103438,1
2,16761959,0.838785,98849,1
2,16761960,0.838785,94186,1
2,16761961,0.838785,89673,1
2,16761962,0.838785,85056,1
2,16761963,0.838785,80510,1
2,16761964,0.838785,75760,1
2,16761965,0.838785,71437,1
2,16761966,0.838785,67777,1
2,16761967,0.838786,65533,1
2,16761968,0.838786,68215,1
2,16761969,0.838786,63564,1
2,16768963,0.839136,35531,0
2,16773142,0.839345,65132,1
2,16776960,0.839536,37387,0
2,16784957,0.839936,35695,0
2,16792953,0.840336,35747,0
2,16800950,0.840736,35457,0
2,16808947,0.841136,35587,0
2,16812625,0.841321,64826,1
2,16816943,0.841537,38596,0
2,16824940,0.841937,37106,0
2,16831389,0.842259,64509,1
2,16831391,0.84226,65175,1
2,16832937,0.842337,36404,0
2,16839710,0.842676,66533,1
2,16840933,0.842737,39371,0
2,16848930,0.843137,35350,0
2,16856926,0.843537,37319,0
2,16864923,0.843938,35594,0
2,16869591,0.844171,70143,1
2,16869592,0.844171,65748,1
2,16872920,0.844338,37825,0
2,16873233,0.844353,63873,1
2,16880916,0.844738,36381,0
2,16888913,0.845138,36318,0
2,16896910,0.845538,36838,0
2,16904906,0.845938,37633,0
2,16912903,0.846339,36694,0
2,16920900,0.846739,35470,0
2,16928896,0.847139,37034,0
2,16936893,0.847539,36440,0
2,16944890,0.847939,35260,0
2,16952589,0.848324,74115,1
2,16952590,0.848324,69551,1
2,16952591,0.848325,64977,1
2,16952886,0.848339,37239,0
2,16960883,0.848739,36789,0
2,16961104,0.848751,64589,1
2,16968879,0.84914,40050,0
2,16972963,0.849344,65043,1
2,16976876,0.84954,36657,0
2,16984873,0.84994,37172,0
2,16992869,0.85034,36069,0
2,16993938,0.850394,65496,1
2,17000866,0.85074,36132,0
2,17008863,0.85114,38786,0
2,17016859,0.851541,36103,0
2,17019179,0.851657,63743,1
2,17024856,0.851941,36166,0
2,17032853,0.852341,36349,0
2,17040849,0.852741,36361,0
2,17048846,0.853141,35740,0
2,17056843,0.853541,37486,0
2,17064839,0.853942,47484,0
2,17065616,0.85398,69995,1
2,17065617,0.85398,65469,1
2,17072836,0.854342,36473,0
2,17080832,0.854742,36819,0
2,17083756,0.854888,65641,1
2,17088829,0.855142,35589,0
2,17096826,0.855542,36713,0
2,17100634,0.855733,67732,1
2,17101528,0.855777,71076,1
2,17101529,0.855778,66412,1
2,17104822,0.855942,42800,0
2,17112819,0.856343,35881,0
2,17113718,0.856387,68436,1
2,17113719,0.856388,64083,1
2,17118216,0.856613,65250,1
2,17120816,0.856743,35919,0
2,17121715,0.856788,64307,1
2,17121716,0.856788,67779,1
2,17127256,0.857065,66693,1
2,17128812,0.857143,36160,0
2,17129553,0.85718,65378,1
2,17135380,0.857471,63546,1
2,17136809,0.857543,36922,0
2,17138960,0.857651,65723,1
2,17144806,0.857943,35610,0
2,17148297,0.858118,65648,1
2,17152802,0.858343,38830,0
2,17156903,0.858549,68444,1
2,17156904,0.858549,63993,1
2,17160799,0.858743,35081,0
2,17166149,0.859011,73447,1
2,17166150,0.859011,68785,1
2,17166151,0.859011,64290,1
2,17168796,0.859144,35521,0
2,17176792,0.859544,35546,0
2,17184789,0.859944,38363,0
2,17187615,0.860085,71480,1
2,17187616,0.860085,66906,1
2,17192786,0.860344,36706,0
2,17200782,0.860744,36338,0
2,17208779,0.861144,36521,0
2,17216775,0.861545,35113,0
2,17224772,0.861945,38116,0
2,17227159,0.862064,68886,1
2,17227160,0.862064,64376,1
2,17232769,0.862345,37271,0
2,17233931,0.862403,64475,1
2,17235042,0.862459,68015,1
2,17235043,0.862459,63408,1
2,17240765,0.862745,38474,0
2,17247224,0.863068,63684,1
2,17248762,0.863145,36989,0
2,17256759,0.863545,38793,0
2,17264755,0.863946,36578,0
2,17272752,0.864346,37255,0
2,17280749,0.864746,36445,0
2,17288745,0.865146,37339,0
2,17296742,0.865546,35735,0
2,17300659,0.865742,77507,1
2,17300660,0.865742,73209,1
2,17300661,0.865742,68598,1
2,17300662,0.865742,64040,1
2,17304739,0.865946,35443,0
2,17312735,0.866347,35736,0
2,17320622,0.866741,73888,1
2,17320623,0.866741,69221,1
2,17320624,0.866741,64584,1
2,17320625,0.866741,112477,1
2,17320626,0.866741,107654,1
2,17320627,0.866741,103369,1
2,17320628,0.866741,98881,1
2,17320629,0.866742,94222,1
2,17320630,0.866742,89618,1
2,17320631,0.866742,85259,1
2,17320632,0.866742,80822,1
2,17320633,0.866742,84279,1
2,17320634,0.866742,87813,1
2,17320635,0.866742,83209,1
2,17320636,0.866742,89697,1
2,17320637,0.866742,85356,1
2,17320638,0.866742,80579,1
2,17320639,0.866742,76340,1
2,17320640,0.866742,71913,1
2,17320641,0.866742,67339,1
2,17320732,0.866747,36326,0
2,17328728,0.867147,39411,0
2,17336725,0.867547,34919,0
2,17343301,0.867876,63542,1
2,17344722,0.867947,37624,0
2,17352718,0.868347,35409,0
2,17358998,0.868662,64449,1
2,17360715,0.868747,36686,0
2,17368712,0.869148,35691,0
2,17369548,0.869189,64692,1
2,17376708,0.869548,35786,0
2,17384705,0.869948,35516,0
2,17392702,0.870348,35546,0
2,17400698,0.870748,38246,0
2,17406554,0.871041,66726,1
2,17408695,0.871148,35863,0
2,17416692,0.871549,38301,0
2,17424688,0.871949,36861,0
2,17428934,0.872161,64614,1
2,17432685,0.872349,38498,0
2,17440681,0.872749,35175,0
2,17442226,0.872826,64804,1
2,17448678,0.873149,36485,0
2,17456675,0.873549,36118,0
2,17464671,0.87395,36602,0
2,17472668,0.87435,36668,0
2,17480665,0.87475,37818,0
2,17488661,0.87515,35434,0
2,17488835,0.875159,65082,1
2,17494069,0.875421,64469,1
2,17496658,0.87555,36040,0
2,17504655,0.87595,38151,0
2,17512651,0.876351,35463,0
2,17520648,0.876751,36801,0
2,17528645,0.877151,36321,0
2,17532513,0.877344,64537,1
2,17536641,0.877551,35220,0
2,17544638,0.877951,36103,0
2,17552635,0.878351,36303,0
2,17560631,0.878751,37030,0
2,17568628,0.879152,35459,0
2,17572760,0.879358,78165,1
2,17572761,0.879358,74505,1
2,17572762,0.879359,70232,1
2,17572763,0.879359,66073,1
2,17576624,0.879552,36585,0
2,17578616,0.879651,64113,1
2,17584275,0.879935,68816,1
2,17584276,0.879935,64210,1
2,17584621,0.879952,36231,0
2,17592618,0.880352,35971,0
2,17593689,0.880406,72901,1
2,17593690,0.880406,68438,1
2,17593691,0.880406,63813,1
2,17600614,0.880752,35510,0
2,17608554,0.88115,65626,1
2,17608611,0.881152,36712,0
2,17616608,0.881553,36517,0
2,17624604,0.881953,36313,0
2,17632601,0.882353,36353,0
2,17637429,0.882595,67978,1
2,17637430,0.882595,63381,1
2,17640598,0.882753,35551,0
2,17648594,0.883153,36348,0
2,17656591,0.883553,35078,0
2,17664588,0.883954,36925,0
2,17672578,0.884353,68177,1
2,17672579,0.884353,63654,1
2,17672584,0.884354,40983,0
2,17672595,0.884354,64612,1
2,17672815,0.884365,70077,1
2,17672816,0.884365,65627,1
2,17679373,0.884693,64851,1
2,17680581,0.884754,35449,0
2,17685487,0.884999,63296,1
2,17688577,0.885154,35331,0
2,17696574,0.885554,36990,0
2,17704571,0.885954,36265,0
2,17705217,0.885987,64181,1
2,17711864,0.886319,70789,1
2,17711865,0.886319,66307,1
2,17712567,0.886354,36608,0
2,17720564,0.886755,38410,0
2,17728561,0.887155,37517,0
2,17736557,0.887555,37304,0
2,17740492,0.887752,64503,1
2,17744554,0.887955,36515,0
2,17747688,0.888112,64339,1
2,17748953,0.888175,65790,1
2,17752551,0.888355,35538,0
2,17759542,0.888705,77758,1
2,17759543,0.888705,73154,1
2,17759544,0.888705,68669,1
2,17759545,0.888705,64003,1
2,17760547,0.888755,38311,0
2,17768544,0.889156,34775,0
2,17771093,0.889283,76664,1
2,17771094,0.889283,72221,1
2,17771095,0.889283,70051,1
2,17771096,0.889283,74058,1
2,17771097,0.889283,69562,1
2,17771098,0.889283,65101,1
2,17771103,0.889284,70298,1
2,17771104,0.889284,79882,1
2,17771105,0.889284,75287,1
2,17771106,0.889284,70682,1
2,17771107,0.889284,65972,1
2,17776541,0.889556,36174,0
2,17777774,0.889618,64250,1
2,17781101,0.889784,63399,1
2,17784537,0.889956,36586,0
2,17786094,0.890034,69295,1
2,17786095,0.890034,64828,1
2,17792534,0.890356,37352,0
2,17795392,0.890499,67026,1
2,17800531,0.890756,36729,0
2,17808527,0.891156,35723,0
2,17816524,0.891557,37289,0
2,17824520,0.891957,36986,0
2,17829758,0.892219,131019,1
2,17829759,0.892219,126908,1
2,17829760,0.892219,122857,1
2,17829761,0.892219,118871,1
2,17829762,0.892219,114747,1
2,17829763,0.892219,110862,1
2,17829764,0.892219,106802,1
2,17829765,0.892219,102382,1
2,17829766,0.892219,98327,1
2,17829767,0.892219,93893,1
2,17829768,0.892219,89618,1
2,17829769,0.892219,85615,1
2,17829770,0.892219,81199,1
2,17829771,0.89222,76834,1
2,17829772,0.89222,72422,1
2,17829773,0.89222,68372,1
2,17829774,0.89222,64150,1
2,17832517,0.892357,36872,0
2,17840514,0.892757,35968,0
2,17848510,0.893157,35699,0
2,17854891,0.893477,71758,1
2,17854892,0.893477,67499,1
2,17856507,0.893557,37547,0
2,17864504,0.893958,38480,0
2,17865133,0.893989,68056,1
2,17865134,0.893989,63556,1
2,17872500,0.894358,35970,0
2,17880497,0.894758,39233,0
2,17888494,0.895158,35646,0
2,17896490,0.895558,37312,0
2,17904487,0.895958,35888,0
2,17907214,0.896095,64910,1
2,17912484,0.896359,35355,0
2,17920480,0.896759,35952,0
2,17926579,0.897064,66081,1
2,17928477,0.897159,34907,0
2,17936473,0.897559,35565,0
2,17936565,0.897564,66260,1
2,17944470,0.897959,36422,0
2,17952467,0.898359,36329,0
2,17960463,0.898759,35374,0
2,17961844,0.898829,68522,1
2,17961845,0.898829,64034,1
2,17968460,0.89916,35964,0
2,17968751,0.899174,69541,1
2,17968752,0.899174,65068,1
2,17976457,0.89956,36105,0
2,17978784,0.899676,73490,1
2,17978785,0.899676,69061,1
2,17978786,0.899676,64315,1
2,17984453,0.89996,35832,0
2,17992450,0.90036,39352,0
2,18000447,0.90076,40034,0
2,18008443,0.90116,35246,0
2,18016440,0.901561,36048,0
2,18024437,0.901961,37452,0
2,18032433,0.902361,36052,0
2,18040430,0.902761,35561,0
2,18048426,0.903161,36076,0
2,18056423,0.903561,35756,0
2,18064420,0.903962,35512,0
2,18072416,0.904362,35962,0
2,18079368,0.90471,69206,1
2,18079369,0.90471,64732,1
2,18080413,0.904762,39086,0
2,18085467,0.905015,67629,1
2,18088410,0.905162,35786,0
2,18096268,0.905555,65095,1
2,18096406,0.905562,35844,0
2,18104403,0.905962,36518,0
2,18110809,0.906283,73710,1
2,18110810,0.906283,68896,1
2,18110811,0.906283,64415,1
2,18112400,0.906363,36044,0
2,18113988,0.906442,72905,1
2,18113989,0.906442,68460,1
2,18113990,0.906442,63828,1
2,18120396,0.906763,36554,0
2,18126937,0.90709,65891,1
2,18128393,0.907163,35495,0
2,18132401,0.907363,70464,1
2,18132402,0.907363,65680,1
2,18136390,0.907563,36591,0
2,18141079,0.907798,75429,1
2,18141080,0.907798,70937,1
2,18141081,0.907798,66385,1
2,18144386,0.907963,35648,0
2,18150834,0.908286,65154,1
2,18152383,0.908363,37759,0
2,18160380,0.908764,37157,0
2,18168376,0.909164,36475,0
2,18176373,0.909564,35691,0
2,18179552,0.909723,63809,1
2,18184369,0.909964,36983,0
2,18192366,0.910364,35660,0
2,18196522,0.910572,64573,1
2,18200363,0.910764,37069,0
2,18203043,0.910898,64042,1
2,18208359,0.911164,37599,0
2,18216356,0.911565,37491,0
2,18222593,0.911877,66123,1
2,18224353,0.911965,35920,0
2,18232349,0.912365,36206,0
2,18240346,0.912765,35581,0
2,18248343,0.913165,36720,0
2,18256339,0.913565,36855,0
2,18261373,0.913817,65377,1
2,18264336,0.913966,35980,0
2,18272333,0.914366,37817,0
2,18275460,0.914522,65790,1
2,18280329,0.914766,36108,0
2,18287173,0.915108,68371,1
2,18287174,0.915108,63926,1
2,18288326,0.915166,35549,0
2,18296322,0.915566,37551,0
2,18304319,0.915966,37089,0
2,18312316,0.916367,36214,0
2,18320312,0.916767,37760,0
2,18323066,0.916904,63266,1
2,18327793,0.917141,64679,1
2,18328309,0.917167,35416,0
2,18333940,0.917449,65002,1
2,18336306,0.917567,36586,0
2,18344302,0.917967,36453,0
2,18352299,0.918367,36962,0
2,18355180,0.918511,64169,1
2,18360296,0.918768,35941,0
2,18368292,0.919168,35613,0
2,18376289,0.919568,35877,0
2,18381214,0.919814,65550,1
2,18382220,0.919865,69917,1
2,18382221,0.919865,65476,1
2,18384286,0.919968,36934,0
2,18392282,0.920368,37169,0
2,18400279,0.920768,35831,0
2,18408276,0.921168,37953,0
2,18416272,0.921569,35832,0
2,18424269,0.921969,37179,0
2,18432265,0.922369,38260,0
2,18434913,0.922501,65597,1
2,18440262,0.922769,35658,0
2,18442364,0.922874,70699,1
2,18442365,0.922874,66101,1
2,18447640,0.923138,68544,1
2,18447641,0.923138,64165,1
2,18448259,0.923169,38365,0
2,18456255,0.923569,38645,0
2,18464252,0.92397,37166,0
2,18472249,0.92437,36226,0
2,18475944,0.924555,63405,1
2,18475945,0.924555,74314,1
2,18475946,0.924555,69772,1
2,18475947,0.924555,65357,1
2,18480245,0.92477,36756,0
2,18488242,0.92517,35997,0
2,18490624,0.925289,69588,1
2,18490625,0.925289,64962,1
2,18496239,0.92557,35702,0
2,18497832,0.92565,67868,1
2,18497833,0.92565,63403,1
2,18504235,0.92597,35744,0
2,18512232,0.926371,36491,0
2,18520229,0.926771,36369,0
2,18528225,0.927171,38052,0
2,18533399,0.92743,63562,1
2,18536222,0.927571,35962,0
2,18541647,0.927842,66958,1
2,18544218,0.927971,37002,0
2,18552215,0.928371,36830,0
2,18560212,0.928771,37183,0
2,18568208,0.929172,35944,0
2,18576205,0.929572,36409,0
2,18584202,0.929972,35792,0
2,18592198,0.930372,35535,0
2,18600195,0.930772,36538,0
2,18603842,0.930955,64134,1
2,18605152,0.93102,65634,1
2,18608192,0.931172,35945,0
2,18616188,0.931573,36675,0
2,18624185,0.931973,35520,0
2,18632182,0.932373,37884,0
2,18638841,0.932706,64854,1
2,18640178,0.932773,37411,0
2,18648175,0.933173,39575,0
2,18656171,0.933573,37487,0
2,18664168,0.933974,36564,0
2,18672165,0.934374,37443,0
2,18680161,0.934774,37945,0
2,18688158,0.935174,36840,0
2,18696155,0.935574,35715,0
2,18704151,0.935974,36535,0
2,18710892,0.936312,69329,1
2,18710893,0.936312,64879,1
2,18712148,0.936375,35985,0
2,18719630,0.936749,65305,1
2,18720145,0.936775,35491,0
2,18728141,0.937175,36031,0
2,18736138,0.937575,37748,0
2,18738499,0.937693,64602,1
2,18744135,0.937975,35702,0
2,18750771,0.938307,63780,1
2,18752131,0.938375,35502,0
2,18760128,0.938775,35867,0
2,18768125,0.939176,35968,0
2,18776121,0.939576,37011,0
2,18782010,0.93987,75264,1
2,18782011,0.939871,70635,1
2,18782012,0.939871,66070,1
2,18784118,0.939976,37535,0
2,18792114,0.940376,37160,0
2,18800111,0.940776,35995,0
2,18802413,0.940891,66356,1
2,18808108,0.941176,35785,0
2,18816104,0.941577,37636,0
2,18817534,0.941648,65018,1
2,18824101,0.941977,35475,0
2,18832098,0.942377,37875,0
2,18840094,0.942777,36836,0
2,18848091,0.943177,35897,0
2,18856088,0.943577,35381,0
2,18857284,0.943637,84099,1
2,18857285,0.943637,79559,1
2,18857286,0.943637,74813,1
2,18857287,0.943637,70515,1
2,18857288,0.943637,65997,1
2,18857291,0.943638,67101,1
2,18857485,0.943647,63696,1
2,18864084,0.943978,35590,0
2,18864941,0.94402,65831,1
2,18872081,0.944378,35641,0
2,18880078,0.944778,35781,0
2,18883481,0.944948,66511,1
2,18888074,0.945178,36577,0
2,18892846,0.945417,70074,1
2,18892847,0.945417,65572,1
2,18896071,0.945578,37105,0
2,18899161,0.945733,67161,1
2,18904067,0.945978,35904,0
2,18905321,0.946041,70812,1
2,18905322,0.946041,66178,1
2,18912064,0.946379,37416,0
2,18920061,0.946779,35674,0
2,18928057,0.947179,37540,0
2,18935624,0.947557,63656,1
2,18936054,0.947579,38353,0
2,18944051,0.947979,36040,0
2,18952047,0.948379,35420,0
2,18960044,0.948779,38314,0
2,18968041,0.94918,36359,0
2,18976037,0.94958,36624,0
2,18984034,0.94998,35021,0
2,18992031,0.95038,35148,0
2,19000027,0.95078,35957,0
2,19008024,0.95118,37484,0
2,19016020,0.951581,35902,0
2,19016034,0.951581,67436,1
2,19024017,0.951981,35556,0
2,19024531,0.952006,69119,1
2,19024532,0.952007,64685,1
2,19032014,0.952381,36422,0
2,19040010,0.952781,35018,0
2,19045745,0.953068,66363,1
2,19045746,0.953068,70895,1
2,19045747,0.953068,66313,1
2,19048007,0.953181,40001,0
2,19056004,0.953581,35862,0
2,19057699,0.953666,70567,1
2,19057700,0.953666,66067,1
2,19064000,0.953982,35613,0
2,19071997,0.954382,36264,0
2,19078170,0.954691,64078,1
2,19079994,0.954782,36171,0
2,19083190,0.954942,65074,1
2,19087990,0.955182,35332,0
2,19091615,0.955363,68022,1
2,19091616,0.955363,63530,1
2,19095987,0.955582,35608,0
2,19103984,0.955982,35197,0
2,19111980,0.956383,37998,0
2,19113459,0.956457,111427,1
2,19113460,0.956457,111529,1
2,19113461,0.956457,107026,1
2,19113462,0.956457,102514,1
2,19113463,0.956457,97991,1
2,19113464,0.956457,111861,1
2,19113465,0.956457,107364,1
2,19113466,0.956457,102819,1
2,19113467,0.956457,98350,1
2,19113468,0.956457,93824,1
2,19113469,0.956457,89082,1
2,19113470,0.956457,84545,1
2,19113471,0.956457,80258,1
2,19113472,0.956457,75710,1
2,19113473,0.956457,71030,1
2,19113474,0.956457,66617,1
2,19115869,0.956577,208446,1
2,19115870,0.956577,231155,1
2,19115871,0.956577,226638,1
2,19115872,0.956577,222118,1
2,19115873,0.956577,217678,1
2,19115874,0.956577,212940,1
2,19115875,0.956577,208367,1
2,19115876,0.956577,203842,1
2,19115877,0.956578,199272,1
2,19115878,0.956578,194686,1
2,19115879,0.956578,189978,1
2,19115880,0.956578,185521,1
2,19115881,0.956578,181032,1
2,19115882,0.956578,176523,1
2,19115883,0.956578,200021,1
2,19115884,0.956578,195615,1
2,19115885,0.956578,190907,1
2,19115886,0.956578,186432,1
2,19115887,0.956578,181755,1
2,19115888,0.956578,177380,1
2,19115889,0.956578,172930,1
2,19115890,0.956578,168154,1
2,19115891,0.956578,163623,1
2,19115892,0.956578,159069,1
2,19115893,0.956578,154484,1
2,19115894,0.956578,149916,1
2,19115895,0.956578,145378,1
2,19115896,0.956578,140865,1
2,19115897,0.956579,136201,1
2,19115898,0.956579,131784,1
2,19115899,0.956579,127145,1
2,19115900,0.956579,122664,1
2,19115901,0.956579,118055,1
2,19115902,0.956579,113399,1
2,19115903,0.956579,109128,1
2,19115904,0.956579,104667,1
2,19115905,0.956579,100047,1
2,19115906,0.956579,95445,1
2,19115907,0.956579,90908,1
2,19115908,0.956579,86343,1
2,19115909,0.956579,82074,1
2,19115910,0.956579,77421,1
2,19115911,0.956579,72726,1
2,19115912,0.956579,68244,1
2,19115913,0.956579,63571,1
2,19117239,0.956646,63396,1
2,19119977,0.956783,36343,0
2,19127974,0.957183,36942,0
2,19135970,0.957583,36574,0
2,19143967,0.957983,35472,0
2,19151963,0.958383,35975,0
2,19159960,0.958783,36301,0
2,19167957,0.959184,36586,0
2,19175953,0.959584,39164,0
2,19183950,0.959984,37052,0
2,19191947,0.960384,35122,0
2,19199943,0.960784,36318,0
2,19207940,0.961184,36570,0
2,19210816,0.961328,68934,1
2,19210817,0.961328,64267,1
2,19215937,0.961585,37192,0
2,19223933,0.961985,36166,0
2,19231930,0.962385,36276,0
2,19239927,0.962785,35458,0
2,19247523,0.963165,69225,1
2,19247524,0.963165,64692,1
2,19247923,0.963185,35212,0
2,19250274,0.963303,64404,1
2,19253839,0.963481,66030,1
2,19255920,0.963585,36448,0
2,19262409,0.96391,63711,1
2,19263916,0.963986,38177,0
2,19265847,0.964082,63998,1
2,19269127,0.964246,66943,1
2,19271913,0.964386,36574,0
2,19279910,0.964786,36056,0
2,19281424,0.964862,68769,1
2,19281425,0.964862,64313,1
2,19287906,0.965186,37435,0
2,19295903,0.965586,35522,0
2,19303900,0.965986,36507,0
2,19311896,0.966387,36824,0
2,19314646,0.966524,69309,1
2,19314647,0.966524,64725,1
2,19319893,0.966787,38275,0
2,19327890,0.967187,37300,0
2,19333071,0.967446,69289,1
2,19333072,0.967446,64775,1
2,19335886,0.967587,35571,0
2,19343883,0.967987,36962,0
2,19351880,0.968387,35935,0
2,19359876,0.968787,35742,0
2,19363888,0.968988,63962,1
2,19366522,0.96912,70765,1
2,19366523,0.96912,66378,1
2,19367873,0.969188,38075,0
2,19375870,0.969588,35021,0
2,19383866,0.969988,35261,0
2,19386750,0.970132,75930,1
2,19386751,0.970132,73627,1
2,19386752,0.970132,69015,1
2,19386753,0.970132,97576,1
2,19386754,0.970132,106742,1
2,19386755,0.970133,102244,1
2,19386756,0.970133,97614,1
2,19386757,0.970133,92897,1
2,19386758,0.970133,88297,1
2,19386759,0.970133,83972,1
2,19386760,0.970133,79452,1
2,19386761,0.970133,74754,1
2,19386762,0.970133,71853,1
2,19386763,0.970133,67312,1
2,19386764,0.970133,67511,1
2,19389053,0.970248,78419,1
2,19389054,0.970248,73732,1
2,19389055,0.970248,69377,1
2,19389056,0.970248,64919,1
2,19391863,0.970388,35493,0
2,19396674,0.970629,64502,1
2,19399859,0.970788,36422,0
2,19407856,0.971188,35947,0
2,19413273,0.97146,64655,1
2,19415853,0.971589,35752,0
2,19423849,0.971989,37687,0
2,19429430,0.972268,63767,1
2,19431846,0.972389,35443,0
2,19439843,0.972789,37130,0
2,19445713,0.973083,69614,1
2,19445714,0.973083,64907,1
2,19447839,0.973189,39168,0
2,19447931,0.973194,66655,1
2,19455836,0.973589,36600,0
2,19463833,0.97399,36919,0
2,19471829,0.97439,35240,0
2,19479826,0.97479,36504,0
2,19483712,0.974984,72435,1
2,19483713,0.974984,68048,1
2,19483714,0.974984,63635,1
2,19487823,0.97519,36818,0
2,19490925,0.975345,67206,1
2,19495819,0.97559,35601,0
2,19503816,0.97599,35322,0
2,19510138,0.976307,64440,1
2,19511812,0.976391,36623,0
2,19513292,0.976465,66548,1
2,19519809,0.976791,37694,0
2,19527806,0.977191,37053,0
2,19530008,0.977301,64115,1
2,19535802,0.977591,38270,0
2,19543127,0.977958,65959,1
2,19543799,0.977991,35934,0
2,19551796,0.978391,36525,0
2,19559792,0.978791,38724,0
2,19560360,0.97882,63270,1
2,19562261,0.978915,67626,1
2,19564016,0.979003,64730,1
2,19565442,0.979074,63813,1
2,19567789,0.979192,36415,0
2,19575786,0.979592,35363,0
2,19583782,0.979992,36765,0
2,19591779,0.980392,35674,0
2,19599776,0.980792,37853,0
2,19601913,0.980899,64102,1
2,19607772,0.981192,36689,0
2,19613716,0.98149,67036,1
2,19615769,0.981593,35509,0
2,19623765,0.981993,34919,0
2,19631762,0.982393,36487,0
2,19639759,0.982793,36266,0
2,19645884,0.9831,73304,1
2,19645885,0.9831,68762,1
2,19645886,0.9831,64294,1
2,19647755,0.983193,37018,0
2,19654094,0.98351,64928,1
2,19655752,0.983593,35474,0
2,19659664,0.983789,72870,1
2,19659665,0.983789,68369,1
2,19659666,0.983789,63881,1
2,19663749,0.983994,36381,0
2,19671745,0.984394,36825,0
2,19675395,0.984576,63261,1
2,19675675,0.98459,74737,1
2,19675676,0.98459,70211,1
2,19675677,0.98459,65586,1
2,19675691,0.984591,73853,1
2,19675692,0.984591,69380,1
2,19675693,0.984591,64906,1
2,19679742,0.984794,36017,0
2,19680860,0.98485,65845,1
2,19687739,0.985194,36819,0
2,19692665,0.985441,64609,1
2,19695735,0.985594,37505,0
2,19703732,0.985994,35958,0
2,19706967,0.986156,65622,1
2,19711729,0.986395,35390,0
2,19718490,0.986733,75888,1
2,19718491,0.986733,71171,1
2,19718492,0.986733,66464,1
2,19719725,0.986795,37192,0
2,19727722,0.987195,38070,0
2,19735719,0.987595,37441,0
2,19739196,0.987769,64014,1
2,19743715,0.987995,35858,0
2,19748891,0.988254,64855,1
2,19750810,0.98835,68978,1
2,19750811,0.98835,64375,1
2,19751712,0.988395,36640,0
2,19756404,0.98863,64001,1
2,19759708,0.988795,36295,0
2,19759834,0.988802,64734,1
2,19763081,0.988964,67738,1
2,19767705,0.989196,36437,0
2,19775702,0.989596,36283,0
2,19783698,0.989996,35512,0
2,19791695,0.990396,36369,0
2,19794225,0.990523,67345,1
2,19799692,0.990796,37400,0
2,19807688,0.991196,36562,0
2,19815685,0.991597,35887,0
2,19823682,0.991997,35517,0
2,19831678,0.992397,35367,0
2,19839675,0.992797,40110,0
2,19847672,0.993197,37001,0
2,19855668,0.993597,35545,0
2,19860484,0.993838,70012,1
2,19860485,0.993838,65538,1
2,19862745,0.993952,66525,1
2,19863665,0.993998,36943,0
2,19871661,0.994398,36293,0
2,19874604,0.994545,64412,1
2,19879658,0.994798,37350,0
2,19887655,0.995198,37184,0
2,19888171,0.995224,64045,1
2,19895651,0.995598,35908,0
2,19902127,0.995922,69714,1
2,19902128,0.995922,65242,1
2,19903648,0.995998,36956,0
2,19911645,0.996399,34998,0
2,19919641,0.996799,36173,0
2,19923183,0.996976,69453,1
2,19923184,0.996976,64822,1
2,19927638,0.997199,35995,0
2,19935635,0.997599,35978,0
2,19937952,0.997715,63809,1
2,19943631,0.997999,37011,0
2,19949156,0.998276,68204,1
2,19949157,0.998276,63639,1
2,19951179,0.998377,69205,1
2,19951180,0.998377,64686,1
2,19951628,0.998399,36514,0
2,19955454,0.998591,71938,1
2,19955455,0.998591,67539,1
2,19955467,0.998591,64122,1
2,19959625,0.9988,35621,0
2,19963279,0.998982,63788,1
2,19967621,0.9992,35479,0
2,19970093,0.999323,66745,1
2,19975618,0.9996,35876,0
2,19979457,0.999792,74812,1
2,19979458,0.999792,70186,1
2,19979459,0.999792,65633,1
2,19983615,1.0,42199,0
3,0,0.0,35636,0
3,3059,0.000153,72693,1
3,7996,0.0004,37547,0
3,15993,0.0008,35299,0
3,23989,0.0012,36239,0
3,31986,0.001601,36407,0
3,37976,0.0019,124650,1
3,37977,0.0019,120562,1
3,37978,0.0019,116264,1
3,37979,0.001901,111824,1
3,37980,0.001901,107424,1
3,37981,0.001901,103055,1
3,37982,0.001901,98727,1
3,37983,0.001901,94586,1
3,37984,0.001901,90065,1
3,37985,0.001901,85670,1
3,37986,0.001901,81242,1
3,37987,0.001901,77079,1
3,37988,0.001901,72667,1
3,39983,0.002001,37252,0
3,47979,0.002401,35796,0
3,55976,0.002801,35705,0
3,58181,0.002911,71062,1
3,63973,0.003201,37927,0
3,71969,0.003601,35660,0
3,79966,0.004002,35502,0
3,87963,0.004402,35139,0
3,95959,0.004802,38929,0
3,103956,0.005202,36729,0
3,111953,0.005602,37035,0
3,119949,0.006002,36175,0
3,127946,0.006403,35389,0
3,135942,0.006803,36471,0
3,143939,0.007203,36140,0
3,151936,0.007603,37323,0
3,159932,0.008003,35955,0
3,167929,0.008403,38195,0
3,175926,0.008804,36841,0
3,183922,0.009204,35681,0
3,191919,0.009604,35551,0
3,199916,0.010004,37688,0
3,207912,0.010404,36640,0
3,215909,0.010804,36924,0
3,223906,0.011204,47920,0
3,231902,0.011605,36014,0
3,239899,0.012005,37163,0
3,247895,0.012405,36036,0
3,255892,0.012805,35752,0
3,261240,0.013073,70615,1
3,263889,0.013205,37839,0
3,271885,0.013605,35712,0
3,279882,0.014006,39409,0
3,287879,0.014406,36245,0
3,295875,0.014806,35736,0
3,299413,0.014983,71780,1
3,303872,0.015206,36182,0
3,311869,0.015606,35492,0
3,317732,0.0159,69820,1
3,317733,0.0159,69563,1
3,317741,0.0159,70448,1
3,319865,0.016006,37369,0
3,327862,0.016407,35230,0
3,335859,0.016807,35994,0
3,343855,0.017207,36765,0
3,351852,0.017607,35640,0
3,359849,0.018007,38633,0
3,361208,0.018075,72196,1
3,367845,0.018407,37459,0
3,375697,0.0188,70363,1
3,375842,0.018808,36926,0
3,383838,0.019208,37290,0
3,391835,0.019608,35694,0
3,395683,0.0198,70532,1
3,399832,0.020008,37354,0
3,407828,0.020408,37223,0
3,415825,0.020808,36654,0
3,423822,0.021208,35843,0
3,431818,0.021609,38890,0
3,439815,0.022009,36764,0
3,447812,0.022409,35622,0
3,455808,0.022809,36049,0
3,463805,0.023209,46276,0
3,471802,0.023609,35585,0
3,479798,0.02401,35961,0
3,487795,0.02441,37748,0
3,495791,0.02481,37025,0
3,503788,0.02521,35800,0
3,511785,0.02561,35677,0
3,519781,0.02601,36731,0
3,527778,0.026411,37801,0
3,535775,0.026811,37470,0
3,543771,0.027211,37297,0
3,551768,0.027611,36051,0
3,559765,0.028011,37772,0
3,567761,0.028411,38011,0
3,575758,0.028812,35088,0
3,583755,0.029212,35384,0
3,591751,0.029612,39443,0
3,599748,0.030012,35293,0
3,607744,0.030412,35845,0
3,612660,0.030658,80022,1
3,612661,0.030658,75502,1
3,612662,0.030658,70786,1
3,613052,0.030678,69550,1
3,613069,0.030679,94070,1
3,613070,0.030679,89343,1
3,613071,0.030679,84809,1
3,613072,0.030679,80106,1
3,613073,0.030679,75673,1
3,613074,0.030679,71234,1
3,613083,0.030679,89582,1
3,613084,0.030679,84930,1
3,613085,0.030679,80606,1
3,613086,0.030679,75838,1
3,613087,0.030679,71326,1
3,613096,0.03068,99492,1
3,613097,0.03068,94943,1
3,613098,0.03068,90251,1
3,613099,0.03068,85780,1
3,613100,0.03068,81135,1
3,613101,0.03068,76504,1
3,613102,0.03068,72158,1
3,613111,0.030681,97143,1
3,613112,0.030681,92579,1
3,613113,0.030681,88137,1
3,613114,0.030681,83657,1
3,613115,0.030681,78879,1
3,613116,0.030681,74435,1
3,613117,0.030681,69901,1
3,613126,0.030681,95805,1
3,613127,0.030681,91201,1
3,613128,0.030682,86613,1
3,613129,0.030682,82097,1
3,613130,0.030682,77421,1
3,613131,0.030682,72755,1
3,613140,0.030682,92252,1
3,613141,0.030682,87727,1
3,613142,0.030682,83192,1
3,613143,0.030682,78547,1
3,613144,0.030682,74134,1
3,613145,0.030682,69538,1
3,613151,0.030683,70525,1
3,613177,0.030684,89691,1
3,613178,0.030684,85024,1
3,613179,0.030684,80604,1
3,613180,0.030684,75951,1
3,613181,0.030684,71332,1
3,613190,0.030685,93985,1
3,613191,0.030685,89464,1
3,613192,0.030685,84780,1
3,613193,0.030685,80316,1
3,613194,0.030685,76027,1
3,613195,0.030685,71312,1
3,613204,0.030685,95435,1
3,613205,0.030685,90878,1
3,613206,0.030685,86464,1
3,613207,0.030685,81722,1
3,613208,0.030686,77369,1
3,613209,0.030686,72947,1
3,613214,0.030686,69877,1
3,613219,0.030686,93663,1
3,613220,0.030686,89290,1
3,613221,0.030686,84833,1
3,613222,0.030686,80036,1
3,613223,0.030686,75498,1
3,613224,0.030686,71089,1
3,613233,0.030687,88572,1
3,613234,0.030687,84029,1
3,613235,0.030687,79610,1
3,613236,0.030687,75081,1
3,613237,0.030687,70375,1
3,613264,0.030688,83533,1
3,613265,0.030688,79008,1
3,613266,0.030688,74312,1
3,613267,0.030688,69927,1
3,613276,0.030689,87234,1
3,613277,0.030689,82988,1
3,613278,0.030689,78214,1
3,613279,0.030689,73682,1
3,613280,0.030689,69316,1
3,613289,0.03069,93822,1
3,613290,0.03069,89145,1
3,613291,0.03069,84634,1
3,613292,0.03069,88739,1
3,613293,0.03069,84142,1
3,613294,0.03069,79539,1
3,613295,0.03069,74857,1
3,613296,0.03069,70213,1
3,613303,0.03069,112748,1
3,613304,0.03069,108677,1
3,613305,0.03069,104520,1
3,613306,0.03069,100549,1
3,613307,0.03069,96225,1
3,613308,0.030691,92213,1
3,613309,0.030691,87910,1
3,613310,0.030691,83873,1
3,613311,0.030691,79674,1
3,613312,0.030691,75184,1
3,613313,0.030691,70907,1
3,613314,0.030691,71714,1
3,613319,0.030691,96213,1
3,613320,0.030691,91719,1
3,613321,0.030691,87376,1
3,613322,0.030691,82832,1
3,613323,0.030691,78130,1
3,613324,0.030691,73605,1
3,613333,0.030692,94701,1
3,613334,0.030692,90101,1
3,613335,0.030692,85543,1
3,613336,0.030692,81005,1
3,613337,0.030692,76348,1
3,613338,0.030692,71759,1
3,613347,0.030692,99486,1
3,613348,0.030693,94954,1
3,613349,0.030693,90333,1
3,613350,0.030693,85718,1
3,613351,0.030693,81082,1
3,613352,0.030693,76746,1
3,613353,0.030693,72216,1
3,613362,0.030693,83419,1
3,613363,0.030693,78726,1
3,613364,0.030693,74314,1
3,613365,0.030693,69819,1
3,613374,0.030694,89608,1
3,613375,0.030694,84922,1
3,613376,0.030694,80745,1
3,613377,0.030694,76387,1
3,613378,0.030694,71673,1
3,613387,0.030694,87578,1
3,613388,0.030695,83310,1
3,613389,0.030695,78782,1
3,613390,0.030695,73989,1
3,613391,0.030695,69445,1
3,613400,0.030695,94878,1
3,613401,0.030695,90364,1
3,613402,0.030695,86042,1
3,613403,0.030695,81272,1
3,613404,0.030695,76680,1
3,613405,0.030695,71999,1
3,613414,0.030696,93389,1
3,613415,0.030696,88706,1
3,613416,0.030696,84360,1
3,613417,0.030696,79808,1
3,613418,0.030696,75160,1
3,613419,0.030696,70723,1
3,613435,0.030697,76294,1
3,613436,0.030697,71996,1
3,613446,0.030697,87377,1
3,613447,0.030697,82759,1
3,613448,0.030698,78223,1
3,613449,0.030698,73623,1
3,613459,0.030698,89257,1
3,613460,0.030698,84955,1
3,613461,0.030698,80421,1
3,613462,0.030698,75859,1
3,613463,0.030698,71238,1
3,613472,0.030699,70493,1
3,613488,0.0307,88535,1
3,613489,0.0307,84026,1
3,613490,0.0307,79445,1
3,613491,0.0307,74853,1
3,613492,0.0307,70179,1
3,613499,0.0307,86385,1
3,613500,0.0307,81822,1
3,613501,0.0307,77252,1
3,613502,0.0307,72720,1
3,613512,0.030701,78441,1
3,613513,0.030701,73681,1
3,613522,0.030701,88291,1
3,613523,0.030701,83495,1
3,613524,0.030701,79133,1
3,613525,0.030701,74677,1
3,613526,0.030701,70186,1
3,613535,0.030702,80729,1
3,613536,0.030702,76411,1
3,613537,0.030702,71747,1
3,613545,0.030702,83627,1
3,613546,0.030702,79119,1
3,613547,0.030703,74626,1
3,613548,0.030703,70095,1
3,613557,0.030703,76685,1
3,613558,0.030703,72206,1
3,613564,0.030703,69303,1
3,613570,0.030704,93234,1
3,613571,0.030704,88669,1
3,613572,0.030704,84077,1
3,613573,0.030704,79498,1
3,613574,0.030704,74917,1
3,613575,0.030704,70238,1
3,613584,0.030704,93932,1
3,613585,0.030704,89405,1
3,613586,0.030704,84889,1
3,613587,0.030705,80122,1
3,613588,0.030705,75564,1
3,613589,0.030705,70986,1
3,613598,0.030705,91029,1
3,613599,0.030705,86407,1
3,613600,0.030705,81861,1
3,613601,0.030705,77175,1
3,613602,0.030705,72660,1
3,613610,0.030706,82419,1
3,613611,0.030706,77825,1
3,613612,0.030706,73499,1
3,613622,0.030706,87563,1
3,613623,0.030706,82876,1
3,613624,0.030706,78391,1
3,613625,0.030706,73804,1
3,613634,0.030707,93353,1
3,613635,0.030707,88793,1
3,613636,0.030707,84473,1
3,613637,0.030707,79847,1
3,613638,0.030707,75084,1
3,613639,0.030707,70598,1
3,613648,0.030708,82656,1
3,613649,0.030708,78077,1
3,613650,0.030708,73311,1
3,613658,0.030708,91276,1
3,613659,0.030708,86505,1
3,613660,0.030708,82009,1
3,613661,0.030708,77300,1
3,613662,0.030708,72871,1
3,613669,0.030709,81854,1
3,613670,0.030709,77151,1
3,613671,0.030709,72544,1
3,613681,0.030709,138824,1
3,613682,0.030709,134763,1
3,613683,0.030709,130596,1
3,613684,0.030709,126423,1
3,613685,0.030709,122221,1
3,613686,0.030709,118062,1
3,613687,0.03071,113652,1
3,613688,0.03071,109556,1
3,613689,0.03071,105629,1
3,613690,0.03071,101390,1
3,613691,0.03071,96999,1
3,613692,0.03071,92569,1
3,613693,0.03071,88354,1
3,613694,0.03071,84118,1
3,613695,0.03071,79701,1
3,613696,0.03071,90125,1
3,613697,0.03071,85675,1
3,613698,0.03071,81196,1
3,613699,0.03071,76580,1
3,613700,0.03071,72131,1
3,613709,0.030711,91320,1
3,613710,0.030711,86749,1
3,613711,0.030711,82096,1
3,613712,0.030711,77696,1
3,613713,0.030711,73171,1
3,613723,0.030711,88429,1
3,613724,0.030711,83786,1
3,613725,0.030711,79127,1
3,613726,0.030711,74418,1
3,613727,0.030712,69783,1
3,613735,0.030712,80068,1
3,613736,0.030712,75368,1
3,613737,0.030712,70590,1
3,614555,0.030753,69486,1
3,615741,0.030812,35775,0
3,623738,0.031212,38021,0
3,631734,0.031613,37604,0
3,639731,0.032013,35779,0
3,647290,0.032391,70159,1
3,647728,0.032413,38856,0
3,655724,0.032813,39554,0
3,663721,0.033213,42602,0
3,671718,0.033613,36050,0
3,679714,0.034014,37015,0
3,687711,0.034414,36915,0
3,695708,0.034814,36393,0
3,703704,0.035214,37862,0
3,711701,0.035614,40263,0
3,714201,0.035739,73934,1
3,714202,0.035739,69309,1
3,719698,0.036014,35331,0
3,727417,0.036401,76258,1
3,727418,0.036401,71738,1
3,727694,0.036415,36292,0
3,735691,0.036815,35835,0
3,743687,0.037215,36729,0
3,751684,0.037615,36645,0
3,759681,0.038015,36648,0
3,767677,0.038415,39816,0
3,775674,0.038815,37152,0
3,783671,0.039216,35864,0
3,791667,0.039616,36535,0
3,799664,0.040016,36488,0
3,807661,0.040416,39140,0
3,811353,0.040601,75913,1
3,811354,0.040601,71500,1
3,815657,0.040816,36575,0
3,823654,0.041216,36925,0
3,831651,0.041617,35601,0
3,839647,0.042017,38944,0
3,847644,0.042417,35182,0
3,855640,0.042817,38308,0
3,863637,0.043217,36178,0
3,871634,0.043617,35167,0
3,879630,0.044018,36091,0
3,887627,0.044418,37021,0
3,895624,0.044818,36331,0
3,903620,0.045218,38589,0
3,911617,0.045618,35842,0
3,919614,0.046018,36961,0
3,927610,0.046419,36401,0
3,935607,0.046819,36892,0
3,943604,0.047219,35632,0
3,951600,0.047619,35142,0
3,956049,0.047842,73058,1
3,956050,0.047842,73926,1
3,956051,0.047842,69372,1
3,956054,0.047842,78534,1
3,956055,0.047842,87009,1
3,956056,0.047842,85269,1
3,956057,0.047842,80732,1
3,956058,0.047842,76282,1
3,956059,0.047842,81053,1
3,956060,0.047842,76642,1
3,956061,0.047842,72063,1
3,959597,0.048019,38084,0
3,967594,0.048419,35707,0
3,975590,0.048819,35796,0
3,983587,0.04922,36733,0
3,991583,0.04962,35292,0
3,999213,0.050002,72294,1
3,999580,0.05002,37610,0
3,1007577,0.05042,35634,0
3,1015573,0.05082,36339,0
3,1023570,0.05122,36977,0
3,1031567,0.051621,37888,0
3,1033298,0.051707,76172,1
3,1033299,0.051707,71709,1
3,1039563,0.052021,36803,0
3,1047560,0.052421,36749,0
3,1055557,0.052821,36042,0
3,1063553,0.053221,38857,0
3,1071550,0.053621,35899,0
3,1079547,0.054022,36713,0
3,1087543,0.054422,35846,0
3,1095540,0.054822,36591,0
3,1103536,0.055222,35958,0
3,1111533,0.055622,40305,0
3,1119530,0.056022,38844,0
3,1127526,0.056423,36932,0
3,1135523,0.056823,36574,0
3,1143520,0.057223,35907,0
3,1148497,0.057472,70099,1
3,1150288,0.057562,127689,1
3,1150289,0.057562,123781,1
3,1150290,0.057562,119878,1
3,1150291,0.057562,115504,1
3,1150292,0.057562,111524,1
3,1150293,0.057562,107563,1
3,1150294,0.057562,103606,1
3,1150295,0.057562,99519,1
3,1150296,0.057562,95114,1
3,1150297,0.057562,91035,1
3,1150298,0.057562,86968,1
3,1150299,0.057562,82375,1
3,1150300,0.057562,78075,1
3,1150301,0.057562,73793,1
3,1150302,0.057562,69533,1
3,1151516,0.057623,36981,0
3,1159513,0.058023,35772,0
3,1167510,0.058423,35693,0
3,1175506,0.058823,35856,0
3,1183503,0.059224,35973,0
3,1191500,0.059624,36129,0
3,1195410,0.05982,91852,1
3,1195411,0.05982,87445,1
3,1195412,0.05982,82869,1
3,1195413,0.05982,78459,1
3,1195414,0.05982,74092,1
3,1195415,0.05982,69474,1
3,1199496,0.060024,36515,0
3,1207493,0.060424,36112,0
3,1215489,0.060824,36401,0
3,1223486,0.061224,36314,0
3,1231483,0.061625,39711,0
3,1239479,0.062025,35680,0
3,1247476,0.062425,37046,0
3,1255473,0.062825,35539,0
3,1263469,0.063225,36319,0
3,1271466,0.063625,39756,0
3,1279463,0.064026,37857,0
3,1287459,0.064426,35630,0
3,1295456,0.064826,37127,0
3,1303453,0.065226,36669,0
3,1311449,0.065626,36265,0
3,1319446,0.066026,36739,0
3,1327443,0.066427,37606,0
3,1335439,0.066827,35965,0
3,1343436,0.067227,35765,0
3,1343458,0.067228,72293,1
3,1351432,0.067627,35622,0
3,1353418,0.067726,78010,1
3,1353419,0.067726,73589,1
3,1359429,0.068027,37138,0
3,1367426,0.068427,36708,0
3,1372218,0.068667,70501,1
3,1375422,0.068827,36541,0
3,1383419,0.069228,35761,0
3,1391416,0.069628,35464,0
3,1399412,0.070028,37260,0
3,1407409,0.070428,36787,0
3,1408205,0.070468,70876,1
3,1415406,0.070828,36267,0
3,1423402,0.071228,37141,0
3,1431399,0.071629,38935,0
3,1439396,0.072029,39343,0
3,1447392,0.072429,37255,0
3,1455389,0.072829,35639,0
3,1458992,0.073009,88270,1
3,1458993,0.073009,83579,1
3,1458994,0.07301,78932,1
3,1458995,0.07301,74566,1
3,1458996,0.07301,69952,1
3,1458997,0.07301,73046,1
3,1458998,0.07301,75842,1
3,1458999,0.07301,71334,1
3,1463385,0.073229,36638,0
3,1471382,0.073629,35598,0
3,1474371,0.073779,70276,1
3,1479379,0.07403,36109,0
3,1480980,0.07411,75376,1
3,1480981,0.07411,70874,1
3,1486745,0.074398,69703,1
3,1487375,0.07443,36382,0
3,1494737,0.074798,75614,1
3,1494738,0.074798,71019,1
3,1495372,0.07483,35992,0
3,1503369,0.07523,36462,0
3,1511365,0.07563,35763,0
3,1519362,0.07603,37047,0
3,1527359,0.076431,37638,0
3,1535355,0.076831,37513,0
3,1543352,0.077231,37815,0
3,1551349,0.077631,37164,0
3,1559345,0.078031,35137,0
3,1567342,0.078431,35448,0
3,1571220,0.078625,73796,1
3,1571221,0.078625,69467,1
3,1575338,0.078831,36956,0
3,1582739,0.079202,80107,1
3,1582740,0.079202,75720,1
3,1582741,0.079202,71241,1
3,1583335,0.079232,36342,0
3,1591332,0.079632,35474,0
3,1599328,0.080032,36312,0
3,1607325,0.080432,35989,0
3,1615322,0.080832,37130,0
3,1622193,0.081176,76661,1
3,1622194,0.081176,72052,1
3,1623318,0.081232,35739,0
3,1631315,0.081633,37321,0
3,1639312,0.082033,36505,0
3,1647308,0.082433,37112,0
3,1655305,0.082833,36159,0
3,1663302,0.083233,37979,0
3,1671298,0.083633,36365,0
3,1679295,0.084034,35268,0
3,1687292,0.084434,38234,0
3,1695288,0.084834,36614,0
3,1703285,0.085234,36958,0
3,1711281,0.085634,36421,0
3,1719278,0.086034,36300,0
3,1727275,0.086435,37116,0
3,1733120,0.086727,78683,1
3,1733121,0.086727,74077,1
3,1733122,0.086727,69533,1
3,1735271,0.086835,35628,0
3,1743268,0.087235,35340,0
3,1751265,0.087635,37333,0
3,1759261,0.088035,36405,0
3,1767258,0.088435,36170,0
3,1775255,0.088836,37817,0
3,1783251,0.089236,35412,0
3,1791248,0.089636,37096,0
3,1799245,0.090036,36987,0
3,1807241,0.090436,38174,0
3,1815238,0.090836,37543,0
3,1817501,0.09095,71602,1
3,1823234,0.091236,36200,0
3,1831231,0.091637,36919,0
3,1839228,0.092037,36295,0
3,1847224,0.092437,36020,0
3,1855221,0.092837,35359,0
3,1863218,0.093237,36695,0
3,1871214,0.093637,35659,0
3,1879211,0.094038,36708,0
3,1887208,0.094438,37248,0
3,1895204,0.094838,35673,0
3,1903201,0.095238,38780,0
3,1911198,0.095638,36717,0
3,1919194,0.096038,36679,0
3,1923019,0.09623,70607,1
3,1927191,0.096439,35726,0
3,1935188,0.096839,38325,0
3,1943184,0.097239,37737,0
3,1951181,0.097639,36804,0
3,1959177,0.098039,38454,0
3,1967174,0.098439,35612,0
3,1975171,0.09884,35995,0
3,1983167,0.09924,35836,0
3,1991164,0.09964,36412,0
3,1999161,0.10004,36096,0
3,2003817,0.100273,82181,1
3,2003818,0.100273,77697,1
3,2003819,0.100273,73111,1
3,2003821,0.100273,93707,1
3,2003822,0.100273,93687,1
3,2003823,0.100273,97067,1
3,2003824,0.100273,92471,1
3,2003825,0.100273,87891,1
3,2003826,0.100273,83275,1
3,2003827,0.100273,78863,1
3,2003828,0.100274,74256,1
3,2003829,0.100274,71527,1
3,2003830,0.100274,69727,1
3,2003831,0.100274,74683,1
3,2003832,0.100274,70124,1
3,2007157,0.10044,37972,0
3,2015154,0.10084,35587,0
3,2023151,0.10124,37382,0
3,2031147,0.101641,38728,0
3,2039144,0.102041,36549,0
3,2047141,0.102441,35601,0
3,2055137,0.102841,36225,0
3,2063134,0.103241,35618,0
3,2071130,0.103641,37234,0
3,2076636,0.103917,72681,1
3,2079127,0.104042,37116,0
3,2087124,0.104442,36298,0
3,2095120,0.104842,36014,0
3,2103117,0.105242,36904,0
3,2111114,0.105642,40088,0
3,2114466,0.10581,70544,1
3,2119110,0.106042,37034,0
3,2127107,0.106443,38560,0
3,2135104,0.106843,37117,0
3,2143100,0.107243,35945,0
3,2151097,0.107643,36519,0
3,2159094,0.108043,36127,0
3,2166767,0.108427,87587,1
3,2166768,0.108427,82911,1
3,2166769,0.108427,78432,1
3,2166770,0.108427,73849,1
3,2166771,0.108427,69503,1
3,2167090,0.108443,37337,0
3,2175087,0.108844,36170,0
3,2183083,0.109244,35838,0
3,2191080,0.109644,37996,0
3,2199077,0.110044,36887,0
3,2207073,0.110444,36046,0
3,2215070,0.110844,36598,0
3,2223067,0.111244,35737,0
3,2231063,0.111645,37464,0
3,2239060,0.112045,35575,0
3,2247057,0.112445,37940,0
3,2255053,0.112845,39625,0
3,2263050,0.113245,37088,0
3,2271047,0.113645,35710,0
3,2279043,0.114046,35624,0
3,2287040,0.114446,36624,0
3,2295037,0.114846,36402,0
3,2303033,0.115246,38439,0
3,2311030,0.115646,35569,0
3,2319026,0.116046,36454,0
3,2327023,0.116447,36013,0
3,2335020,0.116847,35741,0
3,2338648,0.117028,72826,1
3,2343016,0.117247,37096,0
3,2351013,0.117647,35906,0
3,2359010,0.118047,37451,0
3,2367006,0.118447,35762,0
3,2375003,0.118848,35689,0
3,2383000,0.119248,35903,0
3,2390996,0.119648,37345,0
3,2395865,0.119891,69530,1
3,2398993,0.120048,37586,0
3,2406990,0.120448,37173,0
3,2414986,0.120848,37729,0
3,2422983,0.121248,35568,0
3,2430979,0.121649,36524,0
3,2438976,0.122049,36972,0
3,2442097,0.122205,141655,1
3,2442098,0.122205,137683,1
3,2442099,0.122205,133524,1
3,2442100,0.122205,129396,1
3,2442101,0.122205,125256,1
3,2442102,0.122205,121108,1
3,2442103,0.122205,116731,1
3,2442104,0.122205,112688,1
3,2442105,0.122205,108637,1
3,2442106,0.122205,104316,1
3,2442107,0.122205,100114,1
3,2442108,0.122206,95641,1
3,2442109,0.122206,91387,1
3,2442110,0.122206,87328,1
3,2442111,0.122206,83133,1
3,2442112,0.122206,78848,1
3,2442113,0.122206,74453,1
3,2442114,0.122206,70481,1
3,2443997,0.1223,70802,1
3,2446973,0.122449,35224,0
3,2454969,0.122849,35932,0
3,2462966,0.123249,36014,0
3,2470963,0.123649,35896,0
3,2478959,0.12405,36617,0
3,2486956,0.12445,37119,0
3,2494953,0.12485,37828,0
3,2502949,0.12525,37348,0
3,2510946,0.12565,38330,0
3,2518943,0.12605,37140,0
3,2524294,0.126318,74814,1
3,2524295,0.126318,70461,1
3,2526939,0.126451,37099,0
3,2534936,0.126851,35881,0
3,2542933,0.127251,37629,0
3,2550929,0.127651,36349,0
3,2558926,0.128051,35440,0
3,2566922,0.128451,35611,0
3,2574919,0.128852,35542,0
3,2582916,0.129252,35495,0
3,2590912,0.129652,36335,0
3,2598909,0.130052,35441,0
3,2606906,0.130452,36105,0
3,2614902,0.130852,39217,0
3,2622899,0.131252,36391,0
3,2630896,0.131653,36162,0
3,2638892,0.132053,35865,0
3,2646889,0.132453,37124,0
3,2654886,0.132853,35742,0
3,2662882,0.133253,36983,0
3,2670879,0.133653,39499,0
3,2678875,0.134054,35866,0
3,2686872,0.134454,35756,0
3,2694869,0.134854,36189,0
3,2702865,0.135254,35504,0
3,2710862,0.135654,35544,0
3,2718859,0.136054,37076,0
3,2726855,0.136455,38450,0
3,2730053,0.136615,78395,1
3,2730054,0.136615,73930,1
3,2730055,0.136615,69458,1
3,2734852,0.136855,38845,0
3,2742450,0.137235,70782,1
3,2742849,0.137255,36246,0
3,2748021,0.137514,74892,1
3,2748022,0.137514,70263,1
3,2750845,0.137655,37682,0
3,2758842,0.138055,35376,0
3,2760796,0.138153,73000,1
3,2766839,0.138455,36352,0
3,2774835,0.138856,37923,0
3,2782832,0.139256,38169,0
3,2790828,0.139656,37068,0
3,2795278,0.139878,81045,1
3,2795279,0.139879,76433,1
3,2795280,0.139879,71758,1
3,2795281,0.139879,70588,1
3,2798825,0.140056,37080,0
3,2806822,0.140456,38177,0
3,2814818,0.140856,37255,0
3,2822815,0.141256,36665,0
3,2830812,0.141657,36370,0
3,2837633,0.141998,70833,1
3,2838808,0.142057,36199,0
3,2846805,0.142457,40379,0
3,2854802,0.142857,36725,0
3,2862798,0.143257,37252,0
3,2866455,0.14344,70804,1
3,2870795,0.143657,37674,0
3,2876469,0.143941,74943,1
3,2876470,0.143941,70365,1
3,2878792,0.144058,35673,0
3,2886788,0.144458,35963,0
3,2894785,0.144858,36103,0
3,2902782,0.145258,37888,0
3,2910778,0.145658,36944,0
3,2918775,0.146058,35960,0
3,2926771,0.146459,36132,0
3,2934768,0.146859,35647,0
3,2942765,0.147259,35452,0
3,2950761,0.147659,35344,0
3,2958758,0.148059,36214,0
3,2966755,0.148459,38570,0
3,2974751,0.14886,38119,0
3,2976130,0.148929,72423,1
3,2976131,0.148929,79581,1
3,2976132,0.148929,75138,1
3,2976133,0.148929,70548,1
3,2982748,0.14926,35573,0
3,2988530,0.149549,69798,1
3,2990745,0.14966,36750,0
3,2998741,0.15006,36528,0
3,3006738,0.15046,35481,0
3,3014735,0.15086,37549,0
3,3022731,0.15126,35381,0
3,3030728,0.151661,36011,0
3,3038724,0.152061,35973,0
3,3046721,0.152461,36370,0
3,3054718,0.152861,41177,0
3,3062714,0.153261,37307,0
3,3070711,0.153661,37512,0
3,3078708,0.154062,36652,0
3,3086704,0.154462,36032,0
3,3094701,0.154862,36723,0
3,3102698,0.155262,36079,0
3,3110694,0.155662,36130,0
3,3118691,0.156062,35850,0
3,3126688,0.156463,37622,0
3,3134684,0.156863,37512,0
3,3142681,0.157263,36801,0
3,3150677,0.157663,36909,0
3,3158674,0.158063,36374,0
3,3166671,0.158463,35689,0
3,3174667,0.158863,36352,0
3,3182664,0.159264,37394,0
3,3190661,0.159664,35415,0
3,3198657,0.160064,38165,0
3,3206654,0.160464,35577,0
3,3214651,0.160864,38262,0
3,3222647,0.161264,36446,0
3,3229917,0.161628,70099,1
3,3230644,0.161665,36920,0
3,3238641,0.162065,36985,0
3,3246637,0.162465,38086,0
3,3254634,0.162865,36887,0
3,3262631,0.163265,35325,0
3,3270627,0.163665,35395,0
3,3278624,0.164066,36350,0
3,3286620,0.164466,36480,0
3,3294617,0.164866,38056,0
3,3302614,0.165266,35708,0
3,3310610,0.165666,38426,0
3,3318607,0.166066,35903,0
3,3326604,0.166467,35654,0
3,3334600,0.166867,37375,0
3,3342597,0.167267,36875,0
3,3350594,0.167667,36597,0
3,3357249,0.168,76445,1
3,3357250,0.168,71998,1
3,3358590,0.168067,38114,0
3,3362144,0.168245,72228,1
3,3366587,0.168467,38167,0
3,3374584,0.168868,36093,0
3,3382580,0.169268,36677,0
3,3390577,0.169668,36435,0
3,3396402,0.169959,72340,1
3,3398573,0.170068,38248,0
3,3406435,0.170461,74283,1
3,3406436,0.170461,69740,1
3,3406570,0.170468,41958,0
3,3414567,0.170868,36837,0
3,3422563,0.171268,37112,0
3,3429780,0.17163,74556,1
3,3429781,0.17163,70033,1
3,3430560,0.171669,35359,0
3,3438557,0.172069,36329,0
3,3446553,0.172469,36653,0
3,3454550,0.172869,37141,0
3,3462547,0.173269,36848,0
3,3470543,0.173669,35724,0
3,3478540,0.17407,38184,0
3,3486537,0.17447,35843,0
3,3494533,0.17487,36048,0
3,3502530,0.17527,37648,0
3,3510527,0.17567,36708,0
3,3518523,0.17607,35379,0
3,3526520,0.176471,36687,0
3,3529841,0.176637,209285,1
3,3529842,0.176637,204740,1
3,3529843,0.176637,200584,1
3,3529844,0.176637,196021,1
3,3529845,0.176637,191529,1
3,3529846,0.176637,186927,1
3,3529847,0.176637,182452,1
3,3529848,0.176637,177860,1
3,3529849,0.176637,173359,1
3,3529850,0.176637,168840,1
3,3529851,0.176637,164078,1
3,3529852,0.176637,159597,1
3,3529853,0.176637,155166,1
3,3529854,0.176637,150603,1
3,3529855,0.176637,146130,1
3,3529856,0.176638,141820,1
3,3529857,0.176638,137293,1
3,3529858,0.176638,132802,1
3,3529859,0.176638,128038,1
3,3529860,0.176638,123617,1
3,3529861,0.176638,119219,1
3,3529862,0.176638,114522,1
3,3529863,0.176638,109913,1
3,3529864,0.176638,105209,1
3,3529865,0.176638,100689,1
3,3529866,0.176638,96442,1
3,3529867,0.176638,92110,1
3,3529868,0.176638,87696,1
3,3529869,0.176638,83268,1
3,3529870,0.176638,78758,1
3,3529871,0.176638,74076,1
3,3529872,0.176638,69680,1
3,3534516,0.176871,35351,0
3,3542513,0.177271,35373,0
3,3548676,0.177579,69761,1
3,3550510,0.177671,38227,0
3,3558506,0.178071,37570,0
3,3566503,0.178471,37679,0
3,3574500,0.178872,37125,0
3,3582496,0.179272,35275,0
3,3590493,0.179672,36414,0
3,3598490,0.180072,37271,0
3,3606486,0.180472,35765,0
3,3614483,0.180872,36441,0
3,3622480,0.181273,37530,0
3,3623466,0.181322,69497,1
3,3630476,0.181673,38512,0
3,3638473,0.182073,36233,0
3,3646469,0.182473,36363,0
3,3652080,0.182754,70990,1
3,3652081,0.182754,72311,1
3,3654466,0.182873,36645,0
3,3662463,0.183273,37561,0
3,3670459,0.183673,36555,0
3,3671208,0.183711,73150,1
3,3675769,0.183939,72609,1
3,3675770,0.183939,69842,1
3,3678456,0.184074,36179,0
3,3686453,0.184474,36453,0
3,3694449,0.184874,37284,0
3,3702446,0.185274,37164,0
3,3710443,0.185674,37065,0
3,3713394,0.185822,71282,1
3,3718439,0.186074,35745,0
3,3722637,0.186284,71438,1
3,3724639,0.186385,139764,1
3,3724640,0.186385,135645,1
3,3724641,0.186385,131394,1
3,3724642,0.186385,127247,1
3,3724643,0.186385,123165,1
3,3724644,0.186385,119064,1
3,3724645,0.186385,114739,1
3,3724646,0.186385,110412,1
3,3724647,0.186385,106363,1
3,3724648,0.186385,102334,1
3,3724649,0.186385,98120,1
3,3724650,0.186385,93888,1
3,3724651,0.186385,89716,1
3,3724652,0.186385,85740,1
3,3724653,0.186385,81570,1
3,3724654,0.186385,77055,1
3,3724655,0.186385,73446,1
3,3724656,0.186385,69437,1
3,3726436,0.186475,36496,0
3,3734433,0.186875,37167,0
3,3742429,0.187275,37351,0
3,3750426,0.187675,36405,0
3,3758422,0.188075,38060,0
3,3766419,0.188475,36936,0
3,3773084,0.188809,73012,1
3,3774416,0.188876,36517,0
3,3782412,0.189276,36185,0
3,3790409,0.189676,36093,0
3,3798406,0.190076,37555,0
3,3806402,0.190476,36458,0
3,3814399,0.190876,36404,0
3,3822396,0.191277,37389,0
3,3823040,0.191309,77841,1
3,3823041,0.191309,73252,1
3,3830392,0.191677,36429,0
3,3838389,0.192077,36617,0
3,3846386,0.192477,35641,0
3,3854382,0.192877,38956,0
3,3862379,0.193277,35527,0
3,3870376,0.193677,36765,0
3,3878372,0.194078,35662,0
3,3886369,0.194478,37311,0
3,3886578,0.194488,72661,1
3,3894365,0.194878,36357,0
3,3902362,0.195278,37053,0
3,3910359,0.195678,36903,0
3,3918355,0.196078,36739,0
3,3926352,0.196479,38378,0
3,3934349,0.196879,37035,0
3,3942345,0.197279,37174,0
3,3950342,0.197679,36583,0
3,3951703,0.197747,78248,1
3,3951704,0.197747,74465,1
3,3951705,0.197747,70552,1
3,3958339,0.198079,37381,0
3,3966335,0.198479,37553,0
3,3974332,0.19888,36663,0
3,3982329,0.19928,36813,0
3,3990325,0.19968,37010,0
3,3995391,0.199933,83914,1
3,3995392,0.199933,79367,1
3,3995393,0.199933,74795,1
3,3995394,0.199933,70434,1
3,3998322,0.20008,37640,0
3,4006318,0.20048,35817,0
3,4014315,0.20088,35414,0
3,4022312,0.20128,35810,0
3,4023292,0.20133,69377,1
3,4030308,0.201681,38457,0
3,4038305,0.202081,36293,0
3,4041450,0.202238,70181,1
3,4046302,0.202481,36304,0
3,4054298,0.202881,35696,0
3,4062295,0.203281,36976,0
3,4070292,0.203681,35372,0
3,4078288,0.204082,35816,0
3,4086285,0.204482,36372,0
3,4094282,0.204882,36649,0
3,4102278,0.205282,37080,0
3,4110275,0.205682,39791,0
3,4118271,0.206082,37236,0
3,4126268,0.206483,40162,0
3,4134265,0.206883,36834,0
3,4142261,0.207283,35552,0
3,4150258,0.207683,36082,0
3,4158255,0.208083,37335,0
3,4166251,0.208483,39853,0
3,4174248,0.208884,37319,0
3,4175616,0.208952,70611,1
3,4182245,0.209284,37099,0
3,4190241,0.209684,36083,0
3,4198238,0.210084,36226,0
3,4206235,0.210484,38835,0
3,4214231,0.210884,37056,0
3,4214800,0.210913,74779,1
3,4214801,0.210913,84338,1
3,4214802,0.210913,79750,1
3,4214803,0.210913,75307,1
3,4214804,0.210913,70702,1
3,4222228,0.211284,36615,0
3,4230225,0.211685,35720,0
3,4238221,0.212085,38983,0
3,4240784,0.212213,91357,1
3,4240785,0.212213,86821,1
3,4240786,0.212213,82138,1
3,4240787,0.212213,77753,1
3,4240788,0.212213,73194,1
3,4246218,0.212485,35229,0
3,4254214,0.212885,36785,0
3,4256374,0.212993,81837,1
3,4256375,0.212993,77379,1
3,4256376,0.212993,72779,1
3,4260172,0.213183,72250,1
3,4262211,0.213285,37361,0
3,4270208,0.213685,35908,0
3,4278204,0.214086,37572,0
3,4286201,0.214486,35944,0
3,4294198,0.214886,35436,0
3,4302194,0.215286,36629,0
3,4310191,0.215686,35213,0
3,4318188,0.216086,37340,0
3,4326184,0.216487,35412,0
3,4334181,0.216887,36103,0
3,4342178,0.217287,37070,0
3,4347137,0.217535,139391,1
3,4347138,0.217535,135230,1
3,4347139,0.217535,130974,1
3,4347140,0.217535,126758,1
3,4347141,0.217535,122572,1
3,4347142,0.217535,118496,1
3,4347143,0.217535,114277,1
3,4347144,0.217535,110197,1
3,4347145,0.217535,106147,1
3,4347146,0.217536,101787,1
3,4347147,0.217536,97448,1
3,4347148,0.217536,93308,1
3,4347149,0.217536,89088,1
3,4347150,0.217536,84458,1
3,4347151,0.217536,80262,1
3,4347152,0.217536,76074,1
3,4347153,0.217536,71799,1
3,4350174,0.217687,35256,0
3,4358171,0.218087,36232,0
3,4366167,0.218487,36402,0
3,4374164,0.218888,36158,0
3,4382161,0.219288,35371,0
3,4390157,0.219688,36833,0
3,4398154,0.220088,37543,0
3,4406151,0.220488,35523,0
3,4414147,0.220888,36291,0
3,4422144,0.221288,37223,0
3,4430141,0.221689,37078,0
3,4438137,0.222089,37454,0
3,4446134,0.222489,36187,0
3,4449878,0.222676,78546,1
3,4449879,0.222676,73933,1
3,4449880,0.222676,69376,1
3,4454131,0.222889,37929,0
3,4462127,0.223289,36235,0
3,4470124,0.223689,36844,0
3,4478121,0.22409,35123,0
3,4486117,0.22449,37362,0
3,4494114,0.22489,37615,0
3,4502110,0.22529,37395,0
3,4510107,0.22569,36391,0
3,4518104,0.22609,35254,0
3,4526100,0.226491,36671,0
3,4534097,0.226891,36182,0
3,4542094,0.227291,36425,0
3,4550090,0.227691,35424,0
3,4556082,0.227991,69459,1
3,4558087,0.228091,35598,0
3,4559037,0.228139,70068,1
3,4559039,0.228139,96867,1
3,4559040,0.228139,104768,1
3,4559041,0.228139,100416,1
3,4559042,0.228139,95943,1
3,4559043,0.228139,91212,1
3,4559044,0.228139,86722,1
3,4559045,0.228139,82199,1
3,4559046,0.228139,77661,1
3,4559047,0.228139,73186,1
3,4559048,0.228139,83076,1
3,4559049,0.228139,78426,1
3,4559050,0.228139,74090,1
3,4559051,0.228139,69489,1
3,4566084,0.228491,36047,0
3,4574080,0.228892,40286,0
3,4582077,0.229292,36790,0
3,4590074,0.229692,35576,0
3,4591010,0.229739,69329,1
3,4598070,0.230092,35620,0
3,4604131,0.230395,117072,1
3,4604132,0.230395,113401,1
3,4604133,0.230395,109367,1
3,4604134,0.230395,105097,1
3,4604135,0.230396,101047,1
3,4604136,0.230396,96903,1
3,4604137,0.230396,92755,1
3,4604138,0.230396,88631,1
3,4604139,0.230396,84398,1
3,4604140,0.230396,80337,1
3,4604141,0.230396,76003,1
3,4604142,0.230396,71766,1
3,4606067,0.230492,35749,0
3,4614063,0.230892,36361,0
3,4622060,0.231292,36567,0
3,4630057,0.231693,35919,0
3,4638053,0.232093,35519,0
3,4646050,0.232493,36667,0
3,4654047,0.232893,36243,0
3,4662043,0.233293,35482,0
3,4670040,0.233693,35327,0
3,4678037,0.234094,35648,0
3,4686033,0.234494,37276,0
3,4694030,0.234894,36498,0
3,4702027,0.235294,35121,0
3,4710023,0.235694,36920,0
3,4718020,0.236094,35772,0
3,4726016,0.236495,36453,0
3,4734013,0.236895,36552,0
3,4742010,0.237295,36162,0
3,4750006,0.237695,35211,0
3,4758003,0.238095,35436,0
3,4761169,0.238254,72637,1
3,4764040,0.238397,83179,1
3,4764041,0.238397,78657,1
3,4764042,0.238397,73966,1
3,4764043,0.238397,69488,1
3,4764045,0.238398,69853,1
3,4766000,0.238495,36005,0
3,4770481,0.23872,71935,1
3,4773996,0.238896,35469,0
3,4781993,0.239296,36017,0
3,4789990,0.239696,36779,0
3,4797986,0.240096,35638,0
3,4805983,0.240496,35332,0
3,4807457,0.24057,70235,1
3,4813980,0.240896,35676,0
3,4821976,0.241296,35273,0
3,4829973,0.241697,35708,0
3,4834419,0.241919,72028,1
3,4837970,0.242097,34506,0
3,4845966,0.242497,36566,0
3,4853963,0.242897,35449,0
3,4861959,0.243297,38096,0
3,4869956,0.243697,37088,0
3,4877953,0.244098,36542,0
3,4878664,0.244133,70599,1
3,4878666,0.244133,69896,1
3,4885949,0.244498,36134,0
3,4893946,0.244898,35511,0
3,4901943,0.245298,35333,0
3,4909939,0.245698,36335,0
3,4917936,0.246098,37122,0
3,4925933,0.246499,36894,0
3,4933929,0.246899,38077,0
3,4941926,0.247299,36884,0
3,4949923,0.247699,35692,0
3,4956933,0.24805,69467,1
3,4957919,0.248099,35550,0
3,4965916,0.248499,39337,0
3,4973912,0.2489,35607,0
3,4981909,0.2493,38238,0
3,4989906,0.2497,35507,0
3,4997902,0.2501,37066,0
3,5003510,0.250381,71405,1
3,5005899,0.2505,37009,0
3,5013896,0.2509,37093,0
3,5021892,0.2513,35658,0
3,5029889,0.251701,36414,0
3,5037886,0.252101,36193,0
3,5045882,0.252501,35152,0
3,5053879,0.252901,36504,0
3,5061876,0.253301,37389,0
3,5069872,0.253701,42236,0
3,5077869,0.254102,35230,0
3,5085866,0.254502,36014,0
3,5093862,0.254902,36822,0
3,5101859,0.255302,38671,0
3,5109855,0.255702,37234,0
3,5117852,0.256102,35212,0
3,5125849,0.256503,37035,0
3,5133845,0.256903,35712,0
3,5141842,0.257303,41229,0
3,5149839,0.257703,37781,0
3,5157835,0.258103,40625,0
3,5165832,0.258503,37161,0
3,5173829,0.258904,36909,0
3,5181825,0.259304,36147,0
3,5189822,0.259704,35943,0
3,5197819,0.260104,35106,0
3,5205815,0.260504,36314,0
3,5213812,0.260904,35606,0
3,5221808,0.261304,35028,0
3,5229805,0.261705,37850,0
3,5237802,0.262105,37068,0
3,5245798,0.262505,35264,0
3,5253795,0.262905,35438,0
3,5261792,0.263305,35847,0
3,5269788,0.263705,36429,0
3,5277785,0.264106,36251,0
3,5285782,0.264506,37011,0
3,5286990,0.264566,69549,1
3,5293778,0.264906,37150,0
3,5301775,0.265306,35732,0
3,5302908,0.265363,99341,1
3,5302909,0.265363,95423,1
3,5302910,0.265363,91425,1
3,5302911,0.265363,87272,1
3,5302912,0.265363,83242,1
3,5302913,0.265363,79080,1
3,5302914,0.265363,74739,1
3,5302915,0.265363,70745,1
3,5309772,0.265706,37000,0
3,5317768,0.266106,35387,0
3,5325765,0.266507,36883,0
3,5333761,0.266907,35584,0
3,5341758,0.267307,36170,0
3,5349755,0.267707,36822,0
3,5357751,0.268107,36913,0
3,5365748,0.268507,37870,0
3,5373745,0.268908,35773,0
3,5381741,0.269308,35823,0
3,5389738,0.269708,36058,0
3,5397735,0.270108,37538,0
3,5398489,0.270146,72241,1
3,5405731,0.270508,36561,0
3,5413728,0.270908,37168,0
3,5421725,0.271309,36771,0
3,5429721,0.271709,35620,0
3,5437718,0.272109,35307,0
3,5445715,0.272509,36231,0
3,5453711,0.272909,35095,0
3,5461708,0.273309,35911,0
3,5469704,0.273709,35503,0
3,5477701,0.27411,39951,0
3,5483420,0.274396,69632,1
3,5485698,0.27451,37180,0
3,5493694,0.27491,36924,0
3,5501537,0.275302,71037,1
3,5501691,0.27531,36065,0
3,5509688,0.27571,36421,0
3,5517684,0.27611,36354,0
3,5525681,0.276511,37466,0
3,5533678,0.276911,35906,0
3,5541674,0.277311,34944,0
3,5549671,0.277711,36030,0
3,5557668,0.278111,36242,0
3,5565664,0.278511,39764,0
3,5573661,0.278912,37871,0
3,5581657,0.279312,38523,0
3,5589654,0.279712,37605,0
3,5597651,0.280112,36309,0
3,5605647,0.280512,35420,0
3,5613644,0.280912,37701,0
3,5621641,0.281313,35985,0
3,5629637,0.281713,35726,0
3,5637634,0.282113,35438,0
3,5645631,0.282513,36148,0
3,5653627,0.282913,36718,0
3,5656276,0.283046,72915,1
3,5661624,0.283313,36767,0
3,5669621,0.283713,36994,0
3,5677617,0.284114,36883,0
3,5685614,0.284514,36325,0
3,5693610,0.284914,34912,0
3,5695529,0.28501,74216,1
3,5695530,0.28501,69619,1
3,5701607,0.285314,37824,0
3,5709604,0.285714,36570,0
3,5717600,0.286114,36033,0
3,5725597,0.286515,36365,0
3,5733594,0.286915,36333,0
3,5741590,0.287315,35485,0
3,5749587,0.287715,36070,0
3,5757584,0.288115,37701,0
3,5765580,0.288515,38012,0
3,5773577,0.288916,35679,0
3,5781574,0.289316,38027,0
3,5789570,0.289716,36287,0
3,5791938,0.289834,70903,1
3,5797567,0.290116,35363,0
3,5805564,0.290516,36886,0
3,5813560,0.290916,35851,0
3,5821557,0.291317,36432,0
3,5829553,0.291717,36447,0
3,5837550,0.292117,35179,0
3,5845547,0.292517,35930,0
3,5853543,0.292917,36343,0
3,5861540,0.293317,37296,0
3,5866749,0.293578,71379,1
3,5869537,0.293717,35638,0
3,5877533,0.294118,35332,0
3,5885530,0.294518,37053,0
3,5893527,0.294918,36858,0
3,5901523,0.295318,35705,0
3,5909520,0.295718,35844,0
3,5917517,0.296118,37478,0
3,5925513,0.296519,35039,0
3,5933510,0.296919,36395,0
3,5941506,0.297319,35646,0
3,5949503,0.297719,36650,0
3,5957500,0.298119,37047,0
3,5965496,0.298519,35503,0
3,5973493,0.29892,36614,0
3,5981490,0.29932,35957,0
3,5989486,0.29972,36637,0
3,5997483,0.30012,35879,0
3,6005480,0.30052,35495,0
3,6013476,0.30092,36943,0
3,6021473,0.301321,36966,0
3,6029470,0.301721,35979,0
3,6037466,0.302121,35671,0
3,6045463,0.302521,35036,0
3,6053460,0.302921,35659,0
3,6061456,0.303321,36493,0
3,6065997,0.303549,70871,1
3,6069453,0.303721,36530,0
3,6073109,0.303904,74250,1
3,6073110,0.303904,69790,1
3,6077449,0.304122,36003,0
3,6085446,0.304522,35142,0
3,6085829,0.304541,72318,1
3,6093443,0.304922,35243,0
3,6101439,0.305322,36606,0
3,6109436,0.305722,37271,0
3,6117433,0.306122,37484,0
3,6125429,0.306523,35527,0
3,6133426,0.306923,34753,0
3,6141423,0.307323,36278,0
3,6149419,0.307723,37093,0
3,6157416,0.308123,38621,0
3,6165413,0.308523,35630,0
3,6173409,0.308924,35333,0
3,6181078,0.309307,69799,1
3,6181406,0.309324,37396,0
3,6189402,0.309724,35787,0
3,6197399,0.310124,35301,0
3,6205396,0.310524,37555,0
3,6213392,0.310924,36539,0
3,6221389,0.311325,36858,0
3,6226496,0.31158,73070,1
3,6229386,0.311725,35111,0
3,6237382,0.312125,35739,0
3,6245379,0.312525,36907,0
3,6253376,0.312925,35416,0
3,6261372,0.313325,35071,0
3,6269369,0.313725,35059,0
3,6277366,0.314126,36665,0
3,6285362,0.314526,35890,0
3,6293359,0.314926,36351,0
3,6301355,0.315326,35525,0
3,6309352,0.315726,35957,0
3,6317349,0.316126,35345,0
3,6325345,0.316527,37107,0
3,6333342,0.316927,34705,0
3,6341339,0.317327,36804,0
3,6349335,0.317727,37517,0
3,6357332,0.318127,35686,0
3,6365329,0.318527,35712,0
3,6373325,0.318928,35944,0
3,6380977,0.31931,70869,1
3,6381322,0.319328,36369,0
3,6384268,0.319475,74514,1
3,6384269,0.319475,69882,1
3,6389319,0.319728,36517,0
3,6397315,0.320128,36643,0
3,6405312,0.320528,38658,0
3,6413309,0.320928,36948,0
3,6421305,0.321328,36147,0
3,6429302,0.321729,42119,0
3,6437298,0.322129,35221,0
3,6445295,0.322529,35534,0
3,6453292,0.322929,36975,0
3,6461288,0.323329,36445,0
3,6467174,0.323624,69551,1
3,6467175,0.323624,69769,1
3,6467176,0.323624,70123,1
3,6469285,0.323729,37439,0
3,6477282,0.32413,34933,0
3,6485278,0.32453,37255,0
3,6493275,0.32493,36319,0
3,6501272,0.32533,35147,0
3,6509268,0.32573,35557,0
3,6517265,0.32613,35536,0
3,6522648,0.3264,72351,1
3,6525262,0.326531,37560,0
3,6533258,0.326931,35494,0
3,6541255,0.327331,34763,0
3,6549251,0.327731,35828,0
3,6557248,0.328131,35444,0
3,6565245,0.328531,35722,0
3,6573241,0.328932,35569,0
3,6578635,0.329201,76820,1
3,6578636,0.329201,72525,1
3,6581238,0.329332,37008,0
3,6589235,0.329732,36786,0
3,6597231,0.330132,36171,0
3,6605228,0.330532,35630,0
3,6613225,0.330932,35886,0
3,6621221,0.331332,36174,0
3,6629218,0.331733,37003,0
3,6633673,0.331956,72703,1
3,6637215,0.332133,35340,0
3,6645211,0.332533,39314,0
3,6653208,0.332933,37134,0
3,6661205,0.333333,36601,0
3,6669201,0.333733,35817,0
3,6677198,0.334134,35321,0
3,6685194,0.334534,36368,0
3,6693191,0.334934,35202,0
3,6701188,0.335334,36539,0
3,6709184,0.335734,36626,0
3,6717181,0.336134,35636,0
3,6725178,0.336535,35047,0
3,6733174,0.336935,37187,0
3,6741171,0.337335,35517,0
3,6749168,0.337735,35958,0
3,6757164,0.338135,37856,0
3,6765161,0.338535,37851,0
3,6773158,0.338936,35486,0
3,6780373,0.339297,73648,1
3,6781154,0.339336,37073,0
3,6789151,0.339736,38065,0
3,6797147,0.340136,42411,0
3,6805144,0.340536,35545,0
3,6813141,0.340936,36928,0
3,6814340,0.340996,73955,1
3,6814341,0.340996,69460,1
3,6821137,0.341336,37118,0
3,6829134,0.341737,35446,0
3,6837131,0.342137,35640,0
3,6837272,0.342144,71789,1
3,6845127,0.342537,35753,0
3,6853124,0.342937,34880,0
3,6861121,0.343337,37046,0
3,6869117,0.343737,35812,0
3,6877114,0.344138,36158,0
3,6885111,0.344538,40268,0
3,6893107,0.344938,37505,0
3,6901104,0.345338,36541,0
3,6909100,0.345738,36021,0
3,6917097,0.346138,34995,0
3,6918692,0.346218,78846,1
3,6918693,0.346218,74456,1
3,6918694,0.346218,69966,1
3,6925094,0.346539,35854,0
3,6933090,0.346939,35127,0
3,6941087,0.347339,35963,0
3,6949084,0.347739,37367,0
3,6957080,0.348139,37399,0
3,6965077,0.348539,36976,0
3,6973074,0.34894,36220,0
3,6981070,0.34934,35344,0
3,6986383,0.349606,75790,1
3,6986384,0.349606,74810,1
3,6986385,0.349606,70172,1
3,6986387,0.349606,96526,1
3,6986388,0.349606,107259,1
3,6986389,0.349606,102759,1
3,6986390,0.349606,98268,1
3,6986391,0.349606,93794,1
3,6986392,0.349606,89220,1
3,6986393,0.349606,84601,1
3,6986394,0.349606,80105,1
3,6986395,0.349606,75420,1
3,6986396,0.349606,71254,1
3,6986397,0.349606,73373,1
3,6989067,0.34974,35712,0
3,6997064,0.35014,37801,0
3,7005060,0.35054,36365,0
3,7013057,0.35094,36326,0
3,7021054,0.351341,35945,0
3,7029050,0.351741,36746,0
3,7037047,0.352141,35758,0
3,7045043,0.352541,37537,0
3,7053040,0.352941,35950,0
3,7061037,0.353341,36126,0
3,7069033,0.353741,35526,0
3,7077030,0.354142,36074,0
3,7085027,0.354542,36637,0
3,7093023,0.354942,35921,0
3,7101020,0.355342,34711,0
3,7109017,0.355742,37458,0
3,7117013,0.356142,36948,0
3,7125010,0.356543,36394,0
3,7133007,0.356943,37189,0
3,7141003,0.357343,40482,0
3,7149000,0.357743,36564,0
3,7156996,0.358143,34741,0
3,7164993,0.358543,36939,0
3,7172990,0.358944,37780,0
3,7180986,0.359344,35879,0
3,7188983,0.359744,36313,0
3,7195369,0.360063,126707,1
3,7195370,0.360063,122609,1
3,7195371,0.360064,118606,1
3,7195372,0.360064,114659,1
3,7195373,0.360064,110503,1
3,7195374,0.360064,106307,1
3,7195375,0.360064,101777,1
3,7195376,0.360064,97948,1
3,7195377,0.360064,93797,1
3,7195378,0.360064,89413,1
3,7195379,0.360064,85177,1
3,7195380,0.360064,81095,1
3,7195381,0.360064,76757,1
3,7195382,0.360064,72453,1
3,7196980,0.360144,35370,0
3,7204937,0.360542,72056,1
3,7204946,0.360543,71492,1
3,7204948,0.360543,69859,1
3,7204949,0.360543,95500,1
3,7204950,0.360543,91010,1
3,7204951,0.360543,90796,1
3,7204952,0.360543,86007,1
3,7204953,0.360543,87437,1
3,7204954,0.360543,83917,1
3,7204955,0.360543,92323,1
3,7204956,0.360543,87771,1
3,7204957,0.360543,84329,1
3,7204958,0.360543,95452,1
3,7204959,0.360543,90785,1
3,7204960,0.360543,90278,1
3,7204961,0.360543,89871,1
3,7204962,0.360543,94183,1
3,7204963,0.360544,100771,1
3,7204964,0.360544,96357,1
3,7204965,0.360544,91838,1
3,7204966,0.360544,87331,1
3,7204967,0.360544,96551,1
3,7204968,0.360544,91959,1
3,7204969,0.360544,97373,1
3,7204970,0.360544,94980,1
3,7204971,0.360544,90454,1
3,7204972,0.360544,95504,1
3,7204973,0.360544,93692,1
3,7204974,0.360544,92489,1
3,7204975,0.360544,87969,1
3,7204976,0.360544,83560,1
3,7204977,0.360544,79065,1
3,7204978,0.360544,86539,1
3,7204979,0.360544,82929,1
3,7204980,0.360544,90026,1
3,7204981,0.360544,85561,1
3,7204982,0.360544,82697,1
3,7204983,0.360545,78098,1
3,7204984,0.360545,79555,1
3,7204985,0.360545,75042,1
3,7204986,0.360545,70394,1
3,7212973,0.360944,35928,0
3,7220970,0.361345,36036,0
3,7228966,0.361745,35688,0
3,7236963,0.362145,35176,0
3,7244960,0.362545,34800,0
3,7252956,0.362945,36193,0
3,7260953,0.363345,35806,0
3,7266259,0.363611,73357,1
3,7268949,0.363745,36814,0
3,7276946,0.364146,35184,0
3,7284943,0.364546,36052,0
3,7288545,0.364726,70819,1
3,7292939,0.364946,36545,0
3,7300936,0.365346,38271,0
3,7308933,0.365746,34886,0
3,7316929,0.366146,36149,0
3,7320397,0.36632,88458,1
3,7320398,0.36632,84039,1
3,7320399,0.36632,79379,1
3,7320400,0.36632,74833,1
3,7320401,0.36632,70341,1
3,7320405,0.36632,73322,1
3,7324926,0.366547,35429,0
3,7332923,0.366947,35642,0
3,7340919,0.367347,36197,0
3,7343053,0.367454,74036,1
3,7343054,0.367454,69454,1
3,7348916,0.367747,36078,0
3,7356913,0.368147,36961,0
3,7364909,0.368547,36481,0
3,7372906,0.368948,37379,0
3,7380903,0.369348,34821,0
3,7388899,0.369748,35832,0
3,7396896,0.370148,35598,0
3,7404892,0.370548,36324,0
3,7412889,0.370948,36723,0
3,7420886,0.371349,34857,0
3,7428882,0.371749,36771,0
3,7436879,0.372149,36786,0
3,7441270,0.372369,73705,1
3,7444876,0.372549,36434,0
3,7452872,0.372949,36499,0
3,7460869,0.373349,37118,0
3,7468866,0.373749,39138,0
3,7476862,0.37415,36291,0
3,7484859,0.37455,35073,0
3,7492856,0.37495,36558,0
3,7500547,0.375335,69907,1
3,7500852,0.37535,34672,0
3,7508849,0.37575,36350,0
3,7516845,0.37615,35148,0
3,7524842,0.376551,36674,0
3,7528343,0.376726,70723,1
3,7532839,0.376951,35074,0
3,7540835,0.377351,36085,0
3,7545520,0.377585,71408,1
3,7548832,0.377751,37105,0
3,7556829,0.378151,35754,0
3,7564825,0.378551,37128,0
3,7572822,0.378952,37464,0
3,7580819,0.379352,35990,0
3,7588815,0.379752,35662,0
3,7589669,0.379795,72149,1
3,7596812,0.380152,35259,0
3,7604809,0.380552,35953,0
3,7612805,0.380952,34898,0
3,7620802,0.381353,36397,0
3,7628799,0.381753,34701,0
3,7631713,0.381899,113014,1
3,7631714,0.381899,108795,1
3,7631715,0.381899,104628,1
3,7631716,0.381899,100416,1
3,7631717,0.381899,96120,1
3,7631718,0.381899,91784,1
3,7631719,0.381899,87210,1
3,7631720,0.381899,83572,1
3,7631721,0.381899,79408,1
3,7631722,0.381899,74892,1
3,7631723,0.381899,70446,1
3,7636795,0.382153,34813,0
3,7644792,0.382553,34858,0
3,7652788,0.382953,36922,0
3,7657632,0.383196,71804,1
3,7660785,0.383353,36494,0
3,7668782,0.383753,35130,0
3,7676778,0.384154,37178,0
3,7684775,0.384554,35990,0
3,7692772,0.384954,35638,0
3,7700768,0.385354,35183,0
3,7708765,0.385754,36799,0
3,7716762,0.386154,36130,0
3,7724758,0.386555,36031,0
3,7732755,0.386955,35973,0
3,7740752,0.387355,35433,0
3,7748748,0.387755,36004,0
3,7756745,0.388155,39125,0
3,7764741,0.388555,35694,0
3,7772738,0.388956,38964,0
3,7780735,0.389356,36026,0
3,7788731,0.389756,35659,0
3,7795285,0.390084,84679,1
3,7795286,0.390084,80297,1
3,7795287,0.390084,75848,1
3,7795288,0.390084,71225,1
3,7796728,0.390156,34930,0
3,7804725,0.390556,36491,0
3,7812721,0.390956,35470,0
3,7820718,0.391357,37140,0
3,7828715,0.391757,36123,0
3,7836711,0.392157,35301,0
3,7844708,0.392557,35476,0
3,7852705,0.392957,35363,0
3,7860701,0.393357,35546,0
3,7868698,0.393757,37135,0
3,7876694,0.394158,35821,0
3,7884691,0.394558,35292,0
3,7892688,0.394958,35883,0
3,7900684,0.395358,35645,0
3,7908681,0.395758,35914,0
3,7916678,0.396158,34310,0
3,7924674,0.396559,35928,0
3,7932671,0.396959,37922,0
3,7940668,0.397359,35509,0
3,7948664,0.397759,36338,0
3,7956661,0.398159,36558,0
3,7964658,0.398559,36487,0
3,7967159,0.398685,69568,1
3,7972654,0.39896,36954,0
3,7977285,0.399191,70655,1
3,7980651,0.39936,38032,0
3,7988648,0.39976,37130,0
3,7993371,0.399996,78526,1
3,7993372,0.399996,73996,1
3,7993373,0.399996,69503,1
3,7996644,0.40016,34982,0
3,8004641,0.40056,35713,0
3,8012637,0.40096,37435,0
3,8020634,0.401361,37455,0
3,8026125,0.401635,116861,1
3,8026126,0.401635,112902,1
3,8026127,0.401635,108615,1
3,8026128,0.401635,104514,1
3,8026129,0.401635,100583,1
3,8026130,0.401636,96234,1
3,8026131,0.401636,91920,1
3,8026132,0.401636,87715,1
3,8026133,0.401636,83418,1
3,8026134,0.401636,79338,1
3,8026135,0.401636,74891,1
3,8026136,0.401636,70420,1
3,8026140,0.401636,100503,1
3,8026141,0.401636,95823,1
3,8026142,0.401636,91267,1
3,8026143,0.401636,86637,1
3,8026144,0.401636,82222,1
3,8026145,0.401636,77558,1
3,8026146,0.401636,73159,1
3,8026155,0.401637,93330,1
3,8026156,0.401637,88678,1
3,8026157,0.401637,84034,1
3,8026158,0.401637,79600,1
3,8026159,0.401637,75025,1
3,8026160,0.401637,70215,1
3,8026168,0.401637,88956,1
3,8026169,0.401637,84413,1
3,8026170,0.401638,79818,1
3,8026171,0.401638,75221,1
3,8026172,0.401638,70672,1
3,8026182,0.401638,87124,1
3,8026183,0.401638,82575,1
3,8026184,0.401638,78277,1
3,8026185,0.401638,73669,1
3,8026195,0.401639,92070,1
3,8026196,0.401639,87430,1
3,8026197,0.401639,82989,1
3,8026198,0.401639,78357,1
3,8026199,0.401639,73895,1
3,8026209,0.401639,94354,1
3,8026210,0.40164,89704,1
3,8026211,0.40164,85005,1
3,8026212,0.40164,80479,1
3,8026213,0.40164,76065,1
3,8026214,0.40164,71474,1
3,8026223,0.40164,88362,1
3,8026224,0.40164,83687,1
3,8026225,0.40164,79251,1
3,8026226,0.40164,74631,1
3,8026227,0.40164,69881,1
3,8026236,0.401641,87951,1
3,8026237,0.401641,83348,1
3,8026238,0.401641,78647,1
3,8026239,0.401641,74129,1
3,8026240,0.401641,69669,1
3,8026249,0.401641,91839,1
3,8026250,0.401642,87338,1
3,8026251,0.401642,82929,1
3,8026252,0.401642,78334,1
3,8026253,0.401642,73649,1
3,8026263,0.401642,98161,1
3,8026264,0.401642,93607,1
3,8026265,0.401642,89097,1
3,8026266,0.401642,84750,1
3,8026267,0.401642,79955,1
3,8026268,0.401642,75446,1
3,8026269,0.401642,70954,1
3,8026278,0.401643,94436,1
3,8026279,0.401643,89797,1
3,8026280,0.401643,85246,1
3,8026281,0.401643,80798,1
3,8026282,0.401643,76150,1
3,8026283,0.401643,71578,1
3,8026315,0.401645,88886,1
3,8026316,0.401645,84274,1
3,8026317,0.401645,79640,1
3,8026318,0.401645,74990,1
3,8026319,0.401645,70367,1
3,8026329,0.401645,80843,1
3,8026330,0.401646,76309,1
3,8026331,0.401646,71823,1
3,8026338,0.401646,86647,1
3,8026339,0.401646,82141,1
3,8026340,0.401646,77477,1
3,8026341,0.401646,72844,1
3,8026348,0.401646,89289,1
3,8026349,0.401646,84853,1
3,8026350,0.401647,80227,1
3,8026351,0.401647,75592,1
3,8026352,0.401647,71052,1
3,8026361,0.401647,81968,1
3,8026362,0.401647,77423,1
3,8026363,0.401647,72887,1
3,8026373,0.401648,88218,1
3,8026374,0.401648,83806,1
3,8026375,0.401648,79134,1
3,8026376,0.401648,74594,1
3,8026377,0.401648,70107,1
3,8026386,0.401648,87994,1
3,8026387,0.401648,83642,1
3,8026388,0.401648,78998,1
3,8026389,0.401649,74383,1
3,8026390,0.401649,69990,1
3,8026399,0.401649,92922,1
3,8026400,0.401649,88288,1
3,8026401,0.401649,83837,1
3,8026402,0.401649,79196,1
3,8026403,0.401649,74531,1
3,8026404,0.401649,69988,1
3,8026413,0.40165,88970,1
3,8026414,0.40165,84532,1
3,8026415,0.40165,79863,1
3,8026416,0.40165,75192,1
3,8026417,0.40165,70645,1
3,8026426,0.40165,97588,1
3,8026427,0.40165,92801,1
3,8026428,0.40165,88436,1
3,8026429,0.401651,83871,1
3,8026430,0.401651,79192,1
3,8026431,0.401651,74820,1
3,8026432,0.401651,70271,1
3,8026441,0.401651,79728,1
3,8026442,0.401651,75041,1
3,8026443,0.401651,70718,1
3,8026450,0.401652,71354,1
3,8026460,0.401652,83198,1
3,8026461,0.401652,78536,1
3,8026462,0.401652,73939,1
3,8026472,0.401653,92077,1
3,8026473,0.401653,87426,1
3,8026474,0.401653,82887,1
3,8026475,0.401653,78306,1
3,8026476,0.401653,73703,1
3,8026477,0.401653,69344,1
3,8026485,0.401653,83966,1
3,8026486,0.401653,79250,1
3,8026487,0.401653,74637,1
3,8026488,0.401653,70282,1
3,8026497,0.401654,88957,1
3,8026498,0.401654,84444,1
3,8026499,0.401654,79926,1
3,8026500,0.401654,75672,1
3,8026501,0.401654,71037,1
3,8026510,0.401655,86116,1
3,8026511,0.401655,81437,1
3,8026512,0.401655,76887,1
3,8026513,0.401655,72258,1
3,8026523,0.401655,85973,1
3,8026524,0.401655,81340,1
3,8026525,0.401655,76775,1
3,8026526,0.401655,72180,1
3,8026536,0.401656,85925,1
3,8026537,0.401656,81598,1
3,8026538,0.401656,77124,1
3,8026539,0.401656,72545,1
3,8026548,0.401656,72961,1
3,8026556,0.401657,81652,1
3,8026557,0.401657,76994,1
3,8026558,0.401657,72440,1
3,8026567,0.401657,70836,1
3,8026577,0.401658,81171,1
3,8026578,0.401658,76521,1
3,8026579,0.401658,71956,1
3,8026589,0.401659,73695,1
3,8026614,0.40166,75010,1
3,8026615,0.40166,70576,1
3,8026625,0.40166,86391,1
3,8026626,0.40166,81754,1
3,8026627,0.40166,77399,1
3,8026628,0.40166,72821,1
3,8026637,0.401661,86851,1
3,8026638,0.401661,82367,1
3,8026639,0.401661,77915,1
3,8026640,0.401661,73300,1
3,8026649,0.401662,96050,1
3,8026650,0.401662,91495,1
3,8026651,0.401662,86836,1
3,8026652,0.401662,82251,1
3,8026653,0.401662,77756,1
3,8026654,0.401662,73209,1
3,8026664,0.401662,92632,1
3,8026665,0.401662,88356,1
3,8026666,0.401662,83701,1
3,8026667,0.401662,79180,1
3,8026668,0.401662,74857,1
3,8026669,0.401663,70348,1
3,8026686,0.401663,72848,1
3,8026696,0.401664,86460,1
3,8026697,0.401664,82085,1
3,8026698,0.401664,77411,1
3,8026699,0.401664,72981,1
3,8026709,0.401665,91027,1
3,8026710,0.401665,86489,1
3,8026711,0.401665,82034,1
3,8026712,0.401665,77440,1
3,8026713,0.401665,72763,1
3,8026723,0.401665,83929,1
3,8026724,0.401665,79383,1
3,8026725,0.401665,80169,1
3,8026726,0.401665,75723,1
3,8026727,0.401665,71039,1
3,8026736,0.401666,91040,1
3,8026737,0.401666,86365,1
3,8026738,0.401666,81972,1
3,8026739,0.401666,77169,1
3,8026740,0.401666,72698,1
3,8026750,0.401667,93662,1
3,8026751,0.401667,89037,1
3,8026752,0.401667,84667,1
3,8026753,0.401667,80042,1
3,8026754,0.401667,75336,1
3,8026755,0.401667,71000,1
3,8026764,0.401667,77284,1
3,8026765,0.401667,72731,1
3,8026774,0.401668,75312,1
3,8026775,0.401668,70675,1
3,8026785,0.401668,81757,1
3,8026786,0.401668,77235,1
3,8026787,0.401668,72784,1
3,8026794,0.401669,81263,1
3,8026795,0.401669,76635,1
3,8026796,0.401669,72010,1
3,8026806,0.401669,82009,1
3,8026807,0.401669,77528,1
3,8026808,0.401669,72826,1
3,8026818,0.40167,91116,1
3,8026819,0.40167,86533,1
3,8026820,0.40167,82077,1
3,8026821,0.40167,77367,1
3,8026822,0.40167,72920,1
3,8026831,0.401671,70252,1
3,8026838,0.401671,69693,1
3,8026848,0.401671,83889,1
3,8026849,0.401672,79423,1
3,8026850,0.401672,74714,1
3,8026851,0.401672,70270,1
3,8026860,0.401672,80985,1
3,8026861,0.401672,76416,1
3,8026862,0.401672,71826,1
3,8026872,0.401673,78202,1
3,8026873,0.401673,73677,1
3,8026880,0.401673,69586,1
3,8028631,0.401761,35959,0
3,8035482,0.402104,72172,1
3,8036627,0.402161,35047,0
3,8044624,0.402561,35573,0
3,8052621,0.402961,36260,0
3,8060617,0.403361,35683,0
3,8068614,0.403761,35231,0
3,8076611,0.404162,36997,0
3,8084607,0.404562,35638,0
3,8092604,0.404962,35258,0
3,8100601,0.405362,36743,0
3,8108597,0.405762,35702,0
3,8116594,0.406162,34875,0
3,8124590,0.406563,35637,0
3,8132587,0.406963,37209,0
3,8135156,0.407091,69673,1
3,8139884,0.407328,72749,1
3,8140584,0.407363,37049,0
3,8148580,0.407763,34606,0
3,8156577,0.408163,39366,0
3,8164574,0.408563,36644,0
3,8172570,0.408964,35022,0
3,8180567,0.409364,36413,0
3,8188564,0.409764,37085,0
3,8196560,0.410164,36015,0
3,8204557,0.410564,36818,0
3,8212554,0.410964,35723,0
3,8217719,0.411223,78805,1
3,8217720,0.411223,74141,1
3,8217721,0.411223,69581,1
3,8220550,0.411365,36730,0
3,8228547,0.411765,35488,0
3,8236543,0.412165,35499,0
3,8244540,0.412565,34934,0
3,8252537,0.412965,35751,0
3,8260533,0.413365,35661,0
3,8268530,0.413765,35830,0
3,8276527,0.414166,36733,0
3,8284523,0.414566,34938,0
3,8292520,0.414966,36522,0
3,8300517,0.415366,35585,0
3,8308513,0.415766,36732,0
3,8316510,0.416166,35304,0
3,8324507,0.416567,34905,0
3,8332503,0.416967,36724,0
3,8340500,0.417367,34974,0
3,8348497,0.417767,37421,0
3,8356493,0.418167,35548,0
3,8364490,0.418567,36716,0
3,8372486,0.418968,36457,0
3,8380483,0.419368,35486,0
3,8388480,0.419768,36735,0
3,8393913,0.42004,75957,1
3,8393914,0.42004,76011,1
3,8393915,0.42004,71233,1
3,8396476,0.420168,35030,0
3,8404473,0.420568,39088,0
3,8412470,0.420968,34229,0
3,8420466,0.421369,35582,0
3,8428463,0.421769,36513,0
3,8436460,0.422169,38377,0
3,8444456,0.422569,36178,0
3,8452453,0.422969,35482,0
3,8460450,0.423369,36181,0
3,8468446,0.423769,36034,0
3,8476443,0.42417,35695,0
3,8484439,0.42457,37503,0
3,8492436,0.42497,34958,0
3,8498602,0.425279,69882,1
3,8500433,0.42537,36155,0
3,8508429,0.42577,35926,0
3,8516426,0.42617,35076,0
3,8519619,0.42633,70743,1
3,8524423,0.426571,34765,0
3,8532419,0.426971,35069,0
3,8540416,0.427371,36076,0
3,8548413,0.427771,35230,0
3,8556409,0.428171,35292,0
3,8564406,0.428571,34847,0
3,8572403,0.428972,37709,0
3,8580399,0.429372,35101,0
3,8588396,0.429772,35782,0
3,8596393,0.430172,36891,0
3,8604389,0.430572,36471,0
3,8612386,0.430972,35247,0
3,8620382,0.431373,35164,0
3,8628379,0.431773,36040,0
3,8636376,0.432173,35524,0
3,8641656,0.432437,71547,1
3,8644372,0.432573,35825,0
3,8652369,0.432973,36215,0
3,8660366,0.433373,36792,0
3,8668362,0.433773,37068,0
3,8676359,0.434174,35588,0
3,8684356,0.434574,38300,0
3,8692352,0.434974,36605,0
3,8700349,0.435374,37431,0
3,8708346,0.435774,35991,0
3,8716342,0.436174,35627,0
3,8724339,0.436575,35082,0
3,8732335,0.436975,35054,0
3,8740332,0.437375,34922,0
3,8748329,0.437775,35275,0
3,8756325,0.438175,35157,0
3,8764322,0.438575,35639,0
3,8766944,0.438707,69534,1
3,8772319,0.438976,36451,0
3,8775666,0.439143,69612,1
3,8780315,0.439376,36633,0
3,8788312,0.439776,34517,0
3,8796309,0.440176,35435,0
3,8804184,0.44057,77730,1
3,8804185,0.44057,73538,1
3,8804305,0.440576,34886,0
3,8812302,0.440976,36705,0
3,8820299,0.441377,36018,0
3,8828295,0.441777,35070,0
3,8836292,0.442177,34646,0
3,8844288,0.442577,38690,0
3,8852285,0.442977,36476,0
3,8860282,0.443377,35497,0
3,8868278,0.443777,34705,0
3,8874928,0.44411,72890,1
3,8876275,0.444178,35969,0
3,8884272,0.444578,36054,0
3,8892268,0.444978,39781,0
3,8892345,0.444982,70797,1
3,8892354,0.444982,117188,1
3,8892355,0.444982,113332,1
3,8892356,0.444982,109429,1
3,8892357,0.444982,105381,1
3,8892358,0.444982,100960,1
3,8892359,0.444983,96763,1
3,8892360,0.444983,92598,1
3,8892361,0.444983,88444,1
3,8892362,0.444983,84326,1
3,8892363,0.444983,79982,1
3,8892364,0.444983,75624,1
3,8892365,0.444983,71140,1
3,8892368,0.444983,94241,1
3,8892369,0.444983,89746,1
3,8892370,0.444983,85116,1
3,8892371,0.444983,80711,1
3,8892372,0.444983,76090,1
3,8892373,0.444983,71594,1
3,8892382,0.444984,94960,1
3,8892383,0.444984,90319,1
3,8892384,0.444984,85752,1
3,8892385,0.444984,81352,1
3,8892386,0.444984,76658,1
3,8892387,0.444984,72209,1
3,8892396,0.444984,103966,1
3,8892397,0.444984,99471,1
3,8892398,0.444984,94928,1
3,8892399,0.444985,90303,1
3,8892400,0.444985,85750,1
3,8892401,0.444985,81122,1
3,8892402,0.444985,76622,1
3,8892403,0.444985,72062,1
3,8892408,0.444985,81822,1
3,8892409,0.444985,77164,1
3,8892410,0.444985,72628,1
3,8892412,0.444985,85220,1
3,8892413,0.444985,80603,1
3,8892414,0.444985,76240,1
3,8892415,0.444985,71641,1
3,8892425,0.444986,92667,1
3,8892426,0.444986,88221,1
3,8892427,0.444986,83749,1
3,8892428,0.444986,79107,1
3,8892429,0.444986,74443,1
3,8892430,0.444986,70034,1
3,8892439,0.444987,93018,1
3,8892440,0.444987,88258,1
3,8892441,0.444987,83680,1
3,8892442,0.444987,79154,1
3,8892443,0.444987,74503,1
3,8892444,0.444987,69864,1
3,8892453,0.444987,94412,1
3,8892454,0.444987,90004,1
3,8892455,0.444987,85309,1
3,8892456,0.444987,80635,1
3,8892457,0.444987,76152,1
3,8892458,0.444987,71382,1
3,8892468,0.444988,90189,1
3,8892469,0.444988,85702,1
3,8892470,0.444988,81004,1
3,8892471,0.444988,76229,1
3,8892472,0.444988,71962,1
3,8892482,0.444989,93461,1
3,8892483,0.444989,88879,1
3,8892484,0.444989,84625,1
3,8892485,0.444989,79840,1
3,8892486,0.444989,75302,1
3,8892487,0.444989,70764,1
3,8892496,0.444989,94284,1
3,8892497,0.444989,89806,1
3,8892498,0.444989,85036,1
3,8892499,0.44499,80746,1
3,8892500,0.44499,75958,1
3,8892501,0.44499,71543,1
3,8892507,0.44499,77586,1
3,8892508,0.44499,72921,1
3,8900265,0.445378,36206,0
3,8908262,0.445778,36689,0
3,8916258,0.446178,35108,0
3,8924255,0.446579,35305,0
3,8932252,0.446979,35973,0
3,8940248,0.447379,36719,0
3,8948245,0.447779,35576,0
3,8956242,0.448179,40289,0
3,8963703,0.448553,75086,1
3,8963704,0.448553,71332,1
3,8964238,0.448579,35111,0
3,8965456,0.44864,70604,1
3,8972235,0.44898,36152,0
3,8980231,0.44938,35955,0
3,8988228,0.44978,35424,0
3,8996225,0.45018,39646,0
3,9004221,0.45058,36634,0
3,9012218,0.45098,37693,0
3,9020215,0.451381,36188,0
3,9022284,0.451484,72231,1
3,9028211,0.451781,36712,0
3,9036208,0.452181,36339,0
3,9042637,0.452503,75709,1
3,9042638,0.452503,71248,1
3,9044205,0.452581,35382,0
3,9052201,0.452981,35622,0
3,9060198,0.453381,36072,0
3,9066848,0.453714,69957,1
3,9068195,0.453782,35218,0
3,9076191,0.454182,35598,0
3,9084188,0.454582,35004,0
3,9092184,0.454982,34979,0
3,9100181,0.455382,35820,0
3,9108178,0.455782,34814,0
3,9116174,0.456182,35713,0
3,9123188,0.456533,120980,1
3,9123189,0.456533,116837,1
3,9123190,0.456534,112503,1
3,9123191,0.456534,108120,1
3,9123192,0.456534,103959,1
3,9123193,0.456534,99613,1
3,9123194,0.456534,95145,1
3,9123195,0.456534,90887,1
3,9123196,0.456534,86375,1
3,9123197,0.456534,81931,1
3,9123198,0.456534,77900,1
3,9123199,0.456534,73542,1
3,9123200,0.456534,72526,1
3,9124171,0.456583,35641,0
3,9132168,0.456983,34529,0
3,9140164,0.457383,34656,0
3,9148161,0.457783,34909,0
3,9156158,0.458183,35077,0
3,9164154,0.458583,35526,0
3,9168807,0.458816,70373,1
3,9172151,0.458984,35773,0
3,9180148,0.459384,34791,0
3,9188144,0.459784,34525,0
3,9196141,0.460184,35289,0
3,9204138,0.460584,35010,0
3,9212134,0.460984,36038,0
3,9220131,0.461385,37441,0
3,9228127,0.461785,35898,0
3,9236124,0.462185,35825,0
3,9244121,0.462585,36287,0
3,9252117,0.462985,35065,0
3,9260114,0.463385,35000,0
3,9268111,0.463786,35745,0
3,9276107,0.464186,35538,0
3,9284104,0.464586,35493,0
3,9292101,0.464986,35493,0
3,9300097,0.465386,37573,0
3,9308094,0.465786,36555,0
3,9316091,0.466186,34865,0
3,9324087,0.466587,34064,0
3,9332084,0.466987,36069,0
3,9340080,0.467387,36057,0
3,9348077,0.467787,34858,0
3,9356074,0.468187,35007,0
3,9364070,0.468587,37119,0
3,9372067,0.468988,36028,0
3,9380064,0.469388,35440,0
3,9388060,0.469788,35063,0
3,9396057,0.470188,37275,0
3,9404054,0.470588,38212,0
3,9412050,0.470988,34708,0
3,9420047,0.471389,35058,0
3,9428044,0.471789,36436,0
3,9436040,0.472189,34991,0
3,9444037,0.472589,37652,0
3,9452033,0.472989,34751,0
3,9460030,0.473389,37507,0
3,9464335,0.473605,76886,1
3,9464336,0.473605,72348,1
3,9468027,0.47379,34813,0
3,9476023,0.47419,36665,0
3,9484020,0.47459,35007,0
3,9492017,0.47499,36488,0
3,9500013,0.47539,38872,0
3,9502607,0.47552,71750,1
3,9508010,0.47579,36026,0
3,9516007,0.47619,63385,1
3,9524003,0.476591,34898,0
3,9532000,0.476991,36845,0
3,9539997,0.477391,36563,0
3,9547993,0.477791,36369,0
3,9555990,0.478191,35094,0
3,9559614,0.478373,69642,1
3,9563987,0.478591,35427,0
3,9571983,0.478992,34972,0
3,9579980,0.479392,34840,0
3,9587976,0.479792,36812,0
3,9595973,0.480192,34483,0
3,9603970,0.480592,35474,0
3,9611966,0.480992,36112,0
3,9619963,0.481393,34885,0
3,9627960,0.481793,35282,0
3,9635956,0.482193,34686,0
3,9643953,0.482593,36280,0
3,9651950,0.482993,37269,0
3,9659946,0.483393,34271,0
3,9667943,0.483793,35317,0
3,9675940,0.484194,35176,0
3,9683936,0.484594,34802,0
3,9691933,0.484994,36975,0
3,9699929,0.485394,34387,0
3,9707926,0.485794,35290,0
3,9715923,0.486194,35295,0
3,9723919,0.486595,35761,0
3,9731916,0.486995,35039,0
3,9739913,0.487395,36082,0
3,9747909,0.487795,34777,0
3,9755906,0.488195,35770,0
3,9763903,0.488595,39138,0
3,9771899,0.488996,36019,0
3,9779896,0.489396,36168,0
3,9787893,0.489796,34876,0
3,9795889,0.490196,34879,0
3,9803886,0.490596,35355,0
3,9811882,0.490996,38490,0
3,9812855,0.491045,73514,1
3,9819879,0.491397,35321,0
3,9827876,0.491797,36343,0
3,9835872,0.492197,35628,0
3,9843869,0.492597,39065,0
3,9844641,0.492636,69428,1
3,9851866,0.492997,35862,0
3,9859862,0.493397,36328,0
3,9867859,0.493797,34950,0
3,9875856,0.494198,37377,0
3,9883852,0.494598,35341,0
3,9886558,0.494733,72110,1
3,9891849,0.494998,37003,0
3,9899846,0.495398,35101,0
3,9907842,0.495798,36003,0
3,9915839,0.496198,35150,0
3,9923836,0.496599,34739,0
3,9931832,0.496999,35604,0
3,9939829,0.497399,35766,0
3,9947825,0.497799,34466,0
3,9955822,0.498199,34622,0
3,9956805,0.498248,69490,1
3,9963819,0.498599,35831,0
3,9968183,0.498818,84001,1
3,9968184,0.498818,79504,1
3,9968185,0.498818,74825,1
3,9968186,0.498818,70371,1
3,9968189,0.498818,79708,1
3,9968190,0.498818,93551,1
3,9968191,0.498818,89064,1
3,9968192,0.498818,84610,1
3,9968193,0.498818,79951,1
3,9968194,0.498818,82763,1
3,9968195,0.498818,78212,1
3,9968196,0.498818,73934,1
3,9971815,0.499,35714,0
3,9979812,0.4994,39656,0
3,9987809,0.4998,35291,0
3,9989026,0.499861,74645,1
3,9989027,0.499861,70063,1
3,9995805,0.5002,34717,0
3,10003802,0.5006,35989,0
3,10011799,0.501,35079,0
3,10012751,0.501048,69894,1
3,10019795,0.501401,35879,0
3,10027792,0.501801,36967,0
3,10035789,0.502201,36178,0
3,10035857,0.502204,69942,1
3,10040644,0.502444,69809,1
3,10043785,0.502601,36658,0
3,10051782,0.503001,35160,0
3,10059778,0.503401,35382,0
3,10067775,0.503801,37991,0
3,10075772,0.504202,36399,0
3,10083768,0.504602,34635,0
3,10091765,0.505002,35706,0
3,10099762,0.505402,35385,0
3,10107758,0.505802,36169,0
3,10115755,0.506202,35212,0
3,10123752,0.506603,34709,0
3,10131748,0.507003,35790,0
3,10139745,0.507403,35721,0
3,10147742,0.507803,34803,0
3,10155738,0.508203,39288,0
3,10163735,0.508603,37255,0
3,10171732,0.509004,35634,0
3,10179728,0.509404,35509,0
3,10187725,0.509804,36449,0
3,10195721,0.510204,35072,0
3,10198893,0.510363,69872,1
3,10203718,0.510604,35206,0
3,10211715,0.511004,36581,0
3,10219711,0.511405,35442,0
3,10227708,0.511805,35162,0
3,10235705,0.512205,34571,0
3,10243701,0.512605,44744,0
3,10251698,0.513005,36529,0
3,10259695,0.513405,35025,0
3,10267691,0.513805,36185,0
3,10275688,0.514206,36754,0
3,10283685,0.514606,34598,0
3,10291681,0.515006,34953,0
3,10299678,0.515406,35399,0
3,10307674,0.515806,35205,0
3,10315671,0.516206,36387,0
3,10323668,0.516607,37569,0
3,10331664,0.517007,35586,0
3,10339661,0.517407,35679,0
3,10347658,0.517807,37906,0
3,10355654,0.518207,35148,0
3,10363651,0.518607,34821,0
3,10371648,0.519008,35086,0
3,10374812,0.519166,147274,1
3,10374813,0.519166,147164,1
3,10374814,0.519166,142623,1
3,10374815,0.519166,138017,1
3,10374816,0.519166,133465,1
3,10374817,0.519166,133662,1
3,10374818,0.519166,129018,1
3,10374819,0.519166,124335,1
3,10374820,0.519166,146381,1
3,10374821,0.519166,141884,1
3,10374822,0.519166,137322,1
3,10374823,0.519166,132674,1
3,10374824,0.519167,128182,1
3,10374825,0.519167,123529,1
3,10374826,0.519167,119026,1
3,10374827,0.519167,114506,1
3,10374828,0.519167,110183,1
3,10374829,0.519167,105631,1
3,10374830,0.519167,101005,1
3,10374831,0.519167,96497,1
3,10374832,0.519167,91968,1
3,10374833,0.519167,87271,1
3,10374834,0.519167,82928,1
3,10374835,0.519167,78132,1
3,10374836,0.519167,73813,1
3,10379644,0.519408,38188,0
3,10384872,0.519669,71273,1
3,10387641,0.519808,35053,0
3,10393279,0.52009,69428,1
3,10395638,0.520208,36108,0
3,10396742,0.520263,69307,1
3,10403634,0.520608,35482,0
3,10411631,0.521008,34633,0
3,10419627,0.521409,35164,0
3,10427233,0.521789,73586,1
3,10427624,0.521809,34518,0
3,10435621,0.522209,35474,0
3,10442538,0.522555,70365,1
3,10443617,0.522609,37351,0
3,10451614,0.523009,35918,0
3,10459611,0.523409,37112,0
3,10467607,0.523809,35028,0
3,10473455,0.524102,69624,1
3,10475604,0.52421,36746,0
3,10483601,0.52461,35102,0
3,10491597,0.52501,35074,0
3,10499594,0.52541,35056,0
3,10507591,0.52581,35019,0
3,10515587,0.52621,35306,0
3,10523584,0.526611,37137,0
3,10531581,0.527011,34791,0
3,10539577,0.527411,36234,0
3,10547574,0.527811,35444,0
3,10555570,0.528211,34961,0
3,10563567,0.528611,35668,0
3,10571564,0.529012,36451,0
3,10575374,0.529202,71268,1
3,10579560,0.529412,35420,0
3,10587557,0.529812,35403,0
3,10595554,0.530212,35841,0
3,10601095,0.530489,91623,1
3,10601096,0.530489,87218,1
3,10601097,0.530489,82692,1
3,10601098,0.53049,78065,1
3,10601099,0.53049,73614,1
3,10601100,0.53049,69320,1
3,10601105,0.53049,70475,1
3,10603550,0.530612,35606,0
3,10611547,0.531012,35549,0
3,10619544,0.531413,35615,0
3,10626893,0.53178,72598,1
3,10627540,0.531813,36442,0
3,10635537,0.532213,36258,0
3,10643534,0.532613,35791,0
3,10646357,0.532754,83772,1
3,10646358,0.532754,92178,1
3,10646359,0.532754,87879,1
3,10646360,0.532754,83297,1
3,10646361,0.532755,78637,1
3,10646362,0.532755,74276,1
3,10646363,0.532755,69481,1
3,10651530,0.533013,34302,0
3,10659527,0.533413,36463,0
3,10667523,0.533813,35989,0
3,10675520,0.534214,35990,0
3,10683517,0.534614,39141,0
3,10690949,0.534986,69405,1
3,10691513,0.535014,38145,0
3,10699510,0.535414,35055,0
3,10707507,0.535814,38052,0
3,10715503,0.536214,35029,0
3,10723500,0.536615,36447,0
3,10731497,0.537015,35036,0
3,10739493,0.537415,35194,0
3,10747490,0.537815,35346,0
3,10755487,0.538215,36294,0
3,10762413,0.538562,81827,1
3,10762414,0.538562,90365,1
3,10762415,0.538562,85665,1
3,10762416,0.538562,81136,1
3,10762417,0.538562,76545,1
3,10762418,0.538562,71893,1
3,10763483,0.538615,35734,0
3,10771480,0.539016,37043,0
3,10777756,0.53933,70602,1
3,10779476,0.539416,35018,0
3,10787473,0.539816,35374,0
3,10788586,0.539872,70158,1
3,10795460,0.540216,75426,1
3,10795461,0.540216,73990,1
3,10795462,0.540216,69410,1
3,10795470,0.540216,45337,0
3,10803466,0.540616,35223,0
3,10811463,0.541016,35022,0
3,10819460,0.541417,36593,0
3,10827456,0.541817,35226,0
3,10835453,0.542217,35444,0
3,10843450,0.542617,34934,0
3,10851446,0.543017,34680,0
3,10859443,0.543417,37191,0
3,10867440,0.543818,36247,0
3,10875436,0.544218,35666,0
3,10883433,0.544618,35256,0
3,10891430,0.545018,35873,0
3,10899426,0.545418,34935,0
3,10907423,0.545818,36135,0
3,10908481,0.545871,70858,1
3,10915419,0.546218,39391,0
3,10923416,0.546619,34607,0
3,10931413,0.547019,36998,0
3,10939409,0.547419,35538,0
3,10947406,0.547819,36149,0
3,10955403,0.548219,36180,0
3,10963399,0.548619,34665,0
3,10971396,0.54902,36286,0
3,10979393,0.54942,36352,0
3,10987389,0.54982,35835,0
3,10995386,0.55022,35362,0
3,11003383,0.55062,35817,0
3,11011379,0.55102,36624,0
3,11019376,0.551421,35953,0
3,11027372,0.551821,36915,0
3,11035369,0.552221,35279,0
3,11043366,0.552621,37081,0
3,11051362,0.553021,37061,0
3,11059359,0.553421,35220,0
3,11067356,0.553822,34896,0
3,11075352,0.554222,35508,0
3,11083349,0.554622,35253,0
3,11091346,0.555022,35600,0
3,11096342,0.555272,77952,1
3,11096343,0.555272,73379,1
3,11099342,0.555422,35380,0
3,11107339,0.555822,36886,0
3,11115336,0.556222,34777,0
3,11123332,0.556623,35035,0
3,11129304,0.556921,112291,1
3,11129305,0.556922,108365,1
3,11129306,0.556922,104100,1
3,11129307,0.556922,99665,1
3,11129308,0.556922,95217,1
3,11129309,0.556922,91050,1
3,11129310,0.556922,86962,1
3,11129311,0.556922,82916,1
3,11129312,0.556922,78577,1
3,11129313,0.556922,74243,1
3,11129314,0.556922,69914,1
3,11131329,0.557023,35957,0
3,11133303,0.557122,69715,1
3,11139326,0.557423,34658,0
3,11140270,0.55747,83362,1
3,11140271,0.55747,78842,1
3,11140272,0.55747,74075,1
3,11140273,0.55747,69565,1
3,11147322,0.557823,34824,0
3,11155319,0.558223,43113,0
3,11163315,0.558623,38583,0
3,11166657,0.558791,69598,1
3,11171312,0.559024,35712,0
3,11179309,0.559424,35808,0
3,11187305,0.559824,34840,0
3,11195302,0.560224,35092,0
3,11203299,0.560624,34589,0
3,11211295,0.561024,35329,0
3,11219292,0.561425,35888,0
3,11227289,0.561825,34504,0
3,11235285,0.562225,36205,0
3,11243282,0.562625,34403,0
3,11251279,0.563025,35755,0
3,11259275,0.563425,35164,0
3,11267272,0.563826,36072,0
3,11275268,0.564226,35608,0
3,11283265,0.564626,36207,0
3,11291262,0.565026,35979,0
3,11295710,0.565249,103944,1
3,11295711,0.565249,99536,1
3,11295712,0.565249,94922,1
3,11295713,0.565249,90404,1
3,11295714,0.565249,85729,1
3,11295715,0.565249,81345,1
3,11295716,0.565249,76670,1
3,11295717,0.565249,72069,1
3,11299258,0.565426,34556,0
3,11307255,0.565826,34360,0
3,11315252,0.566226,35957,0
3,11323248,0.566627,34785,0
3,11331245,0.567027,35773,0
3,11339242,0.567427,35601,0
3,11347238,0.567827,34610,0
3,11355235,0.568227,35747,0
3,11363232,0.568627,35010,0
3,11371228,0.569028,35490,0
3,11379225,0.569428,35690,0
3,11386304,0.569782,77948,1
3,11386305,0.569782,73516,1
3,11387221,0.569828,35870,0
3,11395218,0.570228,35739,0
3,11403215,0.570628,34702,0
3,11411211,0.571028,34649,0
3,11419208,0.571429,35005,0
3,11427205,0.571829,38064,0
3,11431609,0.572049,86553,1
3,11431610,0.572049,82107,1
3,11431611,0.572049,77542,1
3,11431612,0.572049,72937,1
3,11435201,0.572229,34626,0
3,11443198,0.572629,34500,0
3,11451195,0.573029,34587,0
3,11459191,0.573429,35361,0
3,11464636,0.573702,70963,1
3,11467188,0.57383,36157,0
3,11475185,0.57423,35283,0
3,11483181,0.57463,35797,0
3,11491178,0.57503,36043,0
3,11499175,0.57543,34650,0
3,11507171,0.57583,34595,0
3,11515168,0.57623,35251,0
3,11523164,0.576631,34443,0
3,11531161,0.577031,36294,0
3,11539158,0.577431,34774,0
3,11547154,0.577831,35405,0
3,11555151,0.578231,34554,0
3,11563148,0.578631,35381,0
3,11571144,0.579032,35223,0
3,11579141,0.579432,35724,0
3,11587138,0.579832,36942,0
3,11595134,0.580232,36020,0
3,11603131,0.580632,36597,0
3,11611128,0.581032,34810,0
3,11619124,0.581433,34521,0
3,11627121,0.581833,37253,0
3,11635117,0.582233,35639,0
3,11641645,0.58256,72387,1
3,11643114,0.582633,35641,0
3,11651111,0.583033,34791,0
3,11659107,0.583433,35287,0
3,11667104,0.583834,34556,0
3,11675101,0.584234,35757,0
3,11683097,0.584634,37910,0
3,11691094,0.585034,34736,0
3,11699091,0.585434,35634,0
3,11707087,0.585834,34959,0
3,11715084,0.586234,35192,0
3,11723081,0.586635,35128,0
3,11731077,0.587035,36394,0
3,11739074,0.587435,35998,0
3,11747071,0.587835,36163,0
3,11755067,0.588235,34858,0
3,11763064,0.588635,38105,0
3,11771060,0.589036,34292,0
3,11779057,0.589436,36391,0
3,11787054,0.589836,36897,0
3,11795050,0.590236,35148,0
3,11803047,0.590636,34714,0
3,11811044,0.591036,36028,0
3,11819040,0.591437,35872,0
3,11827037,0.591837,35143,0
3,11835034,0.592237,35635,0
3,11843030,0.592637,35554,0
3,11851027,0.593037,34989,0
3,11859024,0.593437,37459,0
3,11867020,0.593838,35851,0
3,11875017,0.594238,35525,0
3,11883013,0.594638,35786,0
3,11891010,0.595038,36192,0
3,11899007,0.595438,35875,0
3,11907003,0.595838,35408,0
3,11915000,0.596238,36754,0
3,11922997,0.596639,35318,0
3,11930993,0.597039,35011,0
3,11938990,0.597439,35468,0
3,11946987,0.597839,39219,0
3,11954983,0.598239,35985,0
3,11958925,0.598437,69418,1
3,11958926,0.598437,72154,1
3,11962980,0.598639,35487,0
3,11970977,0.59904,35493,0
3,11978973,0.59944,34961,0
3,11986970,0.59984,35226,0
3,11994966,0.60024,34517,0
3,11995410,0.600262,72837,1
3,11995411,0.600262,71408,1
3,12002963,0.60064,35099,0
3,12010960,0.60104,35200,0
3,12018956,0.601441,34920,0
3,12026953,0.601841,36017,0
3,12034950,0.602241,36248,0
3,12042946,0.602641,34671,0
3,12049689,0.602978,75256,1
3,12049690,0.602978,70755,1
3,12050943,0.603041,37565,0
3,12058940,0.603441,36690,0
3,12066936,0.603841,34449,0
3,12074933,0.604242,36571,0
3,12082930,0.604642,38485,0
3,12090926,0.605042,35201,0
3,12098923,0.605442,35677,0
3,12106920,0.605842,37565,0
3,12114916,0.606242,35474,0
3,12122913,0.606643,35410,0
3,12125559,0.606775,85569,1
3,12125560,0.606775,81099,1
3,12125561,0.606775,76504,1
3,12125562,0.606775,72014,1
3,12125569,0.606776,77141,1
3,12125570,0.606776,72725,1
3,12130909,0.607043,35963,0
3,12138906,0.607443,37539,0
3,12146903,0.607843,40450,0
3,12154899,0.608243,35482,0
3,12162896,0.608643,34767,0
3,12170893,0.609044,35799,0
3,12178889,0.609444,36542,0
3,12186886,0.609844,36079,0
3,12194883,0.610244,34825,0
3,12202879,0.610644,34142,0
3,12210876,0.611044,35151,0
3,12218873,0.611445,36760,0
3,12226869,0.611845,34864,0
3,12234866,0.612245,36137,0
3,12242862,0.612645,34673,0
3,12250859,0.613045,36828,0
3,12258856,0.613445,34841,0
3,12266852,0.613845,36243,0
3,12274849,0.614246,34771,0
3,12282846,0.614646,35023,0
3,12290842,0.615046,34782,0
3,12298839,0.615446,35454,0
3,12306836,0.615846,34587,0
3,12314832,0.616246,35764,0
3,12322829,0.616647,36020,0
3,12330826,0.617047,36660,0
3,12335815,0.617296,75275,1
3,12335816,0.617297,70934,1
3,12338822,0.617447,35169,0
3,12344957,0.617754,75772,1
3,12344958,0.617754,70993,1
3,12346819,0.617847,34353,0
3,12354815,0.618247,36134,0
3,12362812,0.618647,35669,0
3,12370809,0.619048,34874,0
3,12378805,0.619448,36874,0
3,12386802,0.619848,36063,0
3,12394799,0.620248,35560,0
3,12398183,0.620417,74429,1
3,12398184,0.620417,69964,1
3,12402795,0.620648,35588,0
3,12410792,0.621048,35367,0
3,12418789,0.621449,34900,0
3,12426785,0.621849,37454,0
3,12434782,0.622249,35241,0
3,12442779,0.622649,34550,0
3,12450373,0.623029,73911,1
3,12450775,0.623049,34409,0
3,12458772,0.623449,34289,0
3,12466769,0.62385,34729,0
3,12474765,0.62425,35383,0
3,12482762,0.62465,35732,0
3,12490758,0.62505,35388,0
3,12498755,0.62545,34705,0
3,12506752,0.62585,35840,0
3,12514748,0.62625,35575,0
3,12522745,0.626651,34473,0
3,12530742,0.627051,34837,0
3,12538738,0.627451,37593,0
3,12541413,0.627585,77144,1
3,12541414,0.627585,72588,1
3,12546735,0.627851,34838,0
3,12554732,0.628251,36999,0
3,12562728,0.628651,36987,0
3,12570725,0.629052,34898,0
3,12578722,0.629452,35668,0
3,12586718,0.629852,35087,0
3,12594715,0.630252,36860,0
3,12602711,0.630652,34567,0
3,12610708,0.631052,39305,0
3,12618705,0.631453,35167,0
3,12626701,0.631853,37350,0
3,12634698,0.632253,36419,0
3,12642695,0.632653,37874,0
3,12650691,0.633053,34311,0
3,12658688,0.633453,37017,0
3,12662078,0.633623,71349,1
3,12664739,0.633756,74760,1
3,12664740,0.633756,70109,1
3,12666685,0.633854,34836,0
3,12674681,0.634254,35187,0
3,12682678,0.634654,35590,0
3,12690675,0.635054,35172,0
3,12698671,0.635454,34079,0
3,12706668,0.635854,36459,0
3,12714665,0.636255,34863,0
3,12722661,0.636655,34623,0
3,12730658,0.637055,35481,0
3,12738654,0.637455,36828,0
3,12746651,0.637855,35250,0
3,12754648,0.638255,35851,0
3,12762644,0.638655,36257,0
3,12770641,0.639056,35741,0
3,12778638,0.639456,37346,0
3,12786634,0.639856,34943,0
3,12794631,0.640256,37886,0
3,12799173,0.640483,71264,1
3,12801991,0.640624,86569,1
3,12801992,0.640624,81751,1
3,12801993,0.640624,77431,1
3,12801994,0.640625,72993,1
3,12802628,0.640656,34483,0
3,12810624,0.641056,34843,0
3,12818621,0.641457,34147,0
3,12826618,0.641857,37031,0
3,12830236,0.642038,69509,1
3,12834614,0.642257,36903,0
3,12842611,0.642657,34504,0
3,12850607,0.643057,35789,0
3,12858604,0.643457,37982,0
3,12863028,0.643679,72663,1
3,12866601,0.643858,37478,0
3,12867528,0.643904,69350,1
3,12874597,0.644258,34487,0
3,12882594,0.644658,36138,0
3,12890591,0.645058,35583,0
3,12898587,0.645458,34297,0
3,12906584,0.645858,36982,0
3,12914581,0.646258,36376,0
3,12922577,0.646659,37230,0
3,12930574,0.647059,34955,0
3,12938571,0.647459,35234,0
3,12946567,0.647859,34483,0
3,12954564,0.648259,36462,0
3,12962560,0.648659,34735,0
3,12964742,0.648769,84552,1
3,12964743,0.648769,79882,1
3,12964744,0.648769,75385,1
3,12964745,0.648769,70889,1
3,12964746,0.648769,94519,1
3,12964747,0.648769,95372,1
3,12964748,0.648769,102063,1
3,12964749,0.648769,97558,1
3,12964750,0.648769,92824,1
3,12964751,0.648769,88341,1
3,12964752,0.648769,83783,1
3,12964753,0.648769,79449,1
3,12964754,0.648769,74838,1
3,12964755,0.648769,70141,1
3,12970557,0.64906,34457,0
3,12978554,0.64946,34616,0
3,12986550,0.64986,50406,0
3,12994547,0.65026,36608,0
3,13002544,0.65066,36444,0
3,13010540,0.65106,36096,0
3,13018537,0.651461,35402,0
3,13026534,0.651861,34362,0
3,13034530,0.652261,36205,0
3,13042527,0.652661,35343,0
3,13050524,0.653061,35192,0
3,13058520,0.653461,34334,0
3,13066517,0.653862,34635,0
3,13074514,0.654262,36074,0
3,13082510,0.654662,35010,0
3,13090507,0.655062,37308,0
3,13098503,0.655462,34666,0
3,13106500,0.655862,34794,0
3,13114497,0.656262,34127,0
3,13122493,0.656663,35472,0
3,13130490,0.657063,35188,0
3,13138487,0.657463,35948,0
3,13146483,0.657863,34407,0
3,13154480,0.658263,35272,0
3,13162477,0.658663,37603,0
3,13170473,0.659064,34634,0
3,13178470,0.659464,34406,0
3,13186467,0.659864,35357,0
3,13194463,0.660264,35607,0
3,13202460,0.660664,36275,0
3,13210456,0.661064,35627,0
3,13218453,0.661465,34968,0
3,13226450,0.661865,34114,0
3,13234446,0.662265,35387,0
3,13242443,0.662665,35131,0
3,13250440,0.663065,35200,0
3,13258436,0.663465,34595,0
3,13266433,0.663866,34665,0
3,13274430,0.664266,34291,0
3,13282426,0.664666,36654,0
3,13290423,0.665066,34258,0
3,13298420,0.665466,36694,0
3,13306416,0.665866,38559,0
3,13314413,0.666266,36439,0
3,13322410,0.666667,35296,0
3,13330406,0.667067,35005,0
3,13338403,0.667467,38148,0
3,13346399,0.667867,34360,0
3,13354396,0.668267,34446,0
3,13362393,0.668667,35105,0
3,13370389,0.669068,34600,0
3,13378386,0.669468,34224,0
3,13383080,0.669703,69445,1
3,13386383,0.669868,35420,0
3,13394379,0.670268,35588,0
3,13402376,0.670668,34096,0
3,13410373,0.671068,34995,0
3,13418369,0.671469,35421,0
3,13420257,0.671563,111606,1
3,13420258,0.671563,107598,1
3,13420259,0.671563,103241,1
3,13420260,0.671563,99264,1
3,13420261,0.671563,96664,1
3,13420262,0.671563,106873,1
3,13420263,0.671563,102482,1
3,13420264,0.671563,97779,1
3,13420265,0.671563,93150,1
3,13420266,0.671563,88615,1
3,13420267,0.671564,84234,1
3,13420268,0.671564,79700,1
3,13420269,0.671564,79587,1
3,13420270,0.671564,74999,1
3,13420271,0.671564,70376,1
3,13423469,0.671724,69394,1
3,13426366,0.671869,34880,0
3,13434363,0.672269,34577,0
3,13436230,0.672362,73254,1
3,13442359,0.672669,34728,0
3,13450356,0.673069,35978,0
3,13458352,0.673469,36895,0
3,13466349,0.67387,36776,0
3,13474346,0.67427,34926,0
3,13479737,0.674539,71002,1
3,13482342,0.67467,36665,0
3,13490339,0.67507,35429,0
3,13498336,0.67547,35021,0
3,13506332,0.67587,35925,0
3,13514329,0.67627,36055,0
3,13522326,0.676671,34906,0
3,13530322,0.677071,36774,0
3,13538319,0.677471,34356,0
3,13540972,0.677604,69983,1
3,13546316,0.677871,35007,0
3,13554312,0.678271,34910,0
3,13562309,0.678671,35181,0
3,13570305,0.679072,35401,0
3,13578302,0.679472,34481,0
3,13586299,0.679872,35747,0
3,13594295,0.680272,35921,0
3,13595615,0.680338,733244,1
3,13595616,0.680338,732898,1
3,13595617,0.680338,728343,1
3,13595618,0.680338,723712,1
3,13595619,0.680338,719142,1
3,13595620,0.680338,715482,1
3,13595621,0.680338,732943,1
3,13595622,0.680338,728521,1
3,13595623,0.680339,723913,1
3,13595624,0.680339,719300,1
3,13595625,0.680339,714700,1
3,13595626,0.680339,710044,1
3,13595627,0.680339,705624,1
3,13595628,0.680339,701182,1
3,13595629,0.680339,696585,1
3,13595630,0.680339,691870,1
3,13595631,0.680339,687380,1
3,13595632,0.680339,682783,1
3,13595633,0.680339,678205,1
3,13595634,0.680339,673627,1
3,13595635,0.680339,669044,1
3,13595636,0.680339,664517,1
3,13595637,0.680339,659891,1
3,13595638,0.680339,655334,1
3,13595639,0.680339,650760,1
3,13595640,0.680339,646138,1
3,13595641,0.680339,641481,1
3,13595642,0.680339,636855,1
3,13595643,0.68034,647014,1
3,13595644,0.68034,647702,1
3,13595645,0.68034,643082,1
3,13595646,0.68034,638477,1
3,13595647,0.68034,633843,1
3,13595648,0.68034,629462,1
3,13595649,0.68034,625814,1
3,13595650,0.68034,644521,1
3,13595651,0.68034,640010,1
3,13595652,0.68034,635406,1
3,13595653,0.68034,630814,1
3,13595654,0.68034,626300,1
3,13595655,0.68034,621713,1
3,13595656,0.68034,617071,1
3,13595657,0.68034,612470,1
3,13595658,0.68034,607783,1
3,13595659,0.68034,603326,1
3,13595660,0.68034,598766,1
3,13595661,0.68034,594212,1
3,13595662,0.68034,589485,1
3,13595663,0.680341,584959,1
3,13595664,0.680341,580346,1
3,13595665,0.680341,575879,1
3,13595666,0.680341,571289,1
3,13595667,0.680341,566628,1
3,13595668,0.680341,562106,1
3,13595669,0.680341,557467,1
3,13595670,0.680341,552906,1
3,13595671,0.680341,548438,1
3,13595672,0.680341,549756,1
3,13595673,0.680341,545099,1
3,13595674,0.680341,540537,1
3,13595675,0.680341,536001,1
3,13595676,0.680341,531419,1
3,13595677,0.680341,526819,1
3,13595678,0.680341,522103,1
3,13595679,0.680341,517638,1
3,13595680,0.680341,514218,1
3,13595681,0.680341,557959,1
3,13595682,0.680341,553346,1
3,13595683,0.680342,548958,1
3,13595684,0.680342,544326,1
3,13595685,0.680342,539750,1
3,13595686,0.680342,535148,1
3,13595687,0.680342,530651,1
3,13595688,0.680342,526147,1
3,13595689,0.680342,521393,1
3,13595690,0.680342,516680,1
3,13595691,0.680342,512208,1
3,13595692,0.680342,507712,1
3,13595693,0.680342,503096,1
3,13595694,0.680342,498355,1
3,13595695,0.680342,493825,1
3,13595696,0.680342,489192,1
3,13595697,0.680342,484610,1
3,13595698,0.680342,480056,1
3,13595699,0.680342,475358,1
3,13595700,0.680342,470770,1
3,13595701,0.680342,466324,1
3,13595702,0.680342,461717,1
3,13595703,0.680343,457105,1
3,13595704,0.680343,452479,1
3,13595705,0.680343,447851,1
3,13595706,0.680343,443186,1
3,13595707,0.680343,438736,1
3,13595708,0.680343,434134,1
3,13595709,0.680343,429509,1
3,13595710,0.680343,424919,1
3,13595711,0.680343,420279,1
3,13595712,0.680343,415793,1
3,13595713,0.680343,411596,1
3,13595714,0.680343,407074,1
3,13595715,0.680343,402720,1
3,13595716,0.680343,398116,1
3,13595717,0.680343,393490,1
3,13595718,0.680343,388872,1
3,13595719,0.680343,384252,1
3,13595720,0.680343,379824,1
3,13595721,0.680343,375282,1
3,13595722,0.680343,370625,1
3,13595723,0.680344,365990,1
3,13595724,0.680344,361413,1
3,13595725,0.680344,356944,1
3,13595726,0.680344,352343,1
3,13595727,0.680344,347830,1
3,13595728,0.680344,343189,1
3,13595729,0.680344,338514,1
3,13595730,0.680344,333981,1
3,13595731,0.680344,329440,1
3,13595732,0.680344,324962,1
3,13595733,0.680344,320391,1
3,13595734,0.680344,315686,1
3,13595735,0.680344,311139,1
3,13595736,0.680344,306690,1
3,13595737,0.680344,302280,1
3,13595738,0.680344,343409,1
3,13595739,0.680344,338915,1
3,13595740,0.680344,334403,1
3,13595741,0.680344,329767,1
3,13595742,0.680344,325186,1
3,13595743,0.680345,320717,1
3,13595744,0.680345,316118,1
3,13595745,0.680345,311513,1
3,13595746,0.680345,306794,1
3,13595747,0.680345,302413,1
3,13595748,0.680345,297833,1
3,13595749,0.680345,293192,1
3,13595750,0.680345,288583,1
3,13595751,0.680345,283951,1
3,13595752,0.680345,279515,1
3,13595753,0.680345,274938,1
3,13595754,0.680345,270289,1
3,13595755,0.680345,265769,1
3,13595756,0.680345,261147,1
3,13595757,0.680345,256531,1
3,13595758,0.680345,252006,1
3,13595759,0.680345,247352,1
3,13595760,0.680345,242768,1
3,13595761,0.680345,238228,1
3,13595762,0.680345,233603,1
3,13595763,0.680346,228999,1
3,13595764,0.680346,224375,1
3,13595765,0.680346,219714,1
3,13595766,0.680346,215184,1
3,13595767,0.680346,210667,1
3,13595768,0.680346,206013,1
3,13595769,0.680346,201315,1
3,13595770,0.680346,196755,1
3,13595771,0.680346,192206,1
3,13595772,0.680346,187639,1
3,13595773,0.680346,183059,1
3,13595774,0.680346,178328,1
3,13595775,0.680346,173801,1
3,13595776,0.680346,169442,1
3,13595777,0.680346,164832,1
3,13595778,0.680346,160322,1
3,13595779,0.680346,155767,1
3,13595780,0.680346,151178,1
3,13595781,0.680346,146616,1
3,13595782,0.680346,141876,1
3,13595783,0.680347,137342,1
3,13595784,0.680347,132725,1
3,13595785,0.680347,128260,1
3,13595786,0.680347,123639,1
3,13595787,0.680347,119010,1
3,13595788,0.680347,114369,1
3,13595789,0.680347,109695,1
3,13595790,0.680347,105203,1
3,13595791,0.680347,100561,1
3,13595792,0.680347,95941,1
3,13595793,0.680347,91324,1
3,13595794,0.680347,86614,1
3,13595795,0.680347,82135,1
3,13595796,0.680347,77529,1
3,13595797,0.680347,73030,1
3,13602292,0.680672,35771,0
3,13610289,0.681072,35125,0
3,13611374,0.681127,70112,1
3,13618285,0.681473,34935,0
3,13626282,0.681873,35200,0
3,13634279,0.682273,35250,0
3,13642275,0.682673,35742,0
3,13650272,0.683073,34394,0
3,13658269,0.683473,36226,0
3,13666265,0.683874,36582,0
3,13674262,0.684274,34411,0
3,13682259,0.684674,34297,0
3,13690255,0.685074,36755,0
3,13691069,0.685115,69306,1
3,13698252,0.685474,35244,0
3,13706248,0.685874,37052,0
3,13714245,0.686274,35344,0
3,13717112,0.686418,75846,1
3,13717113,0.686418,71435,1
3,13721069,0.686616,70672,1
3,13722242,0.686675,34426,0
3,13730238,0.687075,35994,0
3,13735836,0.687355,70997,1
3,13738235,0.687475,36145,0
3,13746232,0.687875,36156,0
3,13754228,0.688275,34990,0
3,13762225,0.688675,34831,0
3,13770222,0.689076,36702,0
3,13778218,0.689476,35024,0
3,13786215,0.689876,36334,0
3,13794212,0.690276,35949,0
3,13802208,0.690676,36777,0
3,13810205,0.691076,35219,0
3,13818201,0.691477,34770,0
3,13826198,0.691877,37639,0
3,13831624,0.692148,70215,1
3,13834195,0.692277,36087,0
3,13839000,0.692517,71948,1
3,13840400,0.692587,75517,1
3,13840401,0.692587,74065,1
3,13840402,0.692588,75822,1
3,13840403,0.692588,80225,1
3,13840404,0.692588,75929,1
3,13840405,0.692588,71337,1
3,13842191,0.692677,34706,0
3,13850188,0.693077,35598,0
3,13858185,0.693477,34848,0
3,13866181,0.693878,37205,0
3,13874178,0.694278,34765,0
3,13882175,0.694678,35960,0
3,13890171,0.695078,38822,0
3,13898168,0.695478,35390,0
3,13904177,0.695779,71427,1
3,13906165,0.695878,37800,0
3,13913974,0.696269,72153,1
3,13914161,0.696278,37738,0
3,13922158,0.696679,34659,0
3,13930154,0.697079,36167,0
3,13938151,0.697479,34599,0
3,13946148,0.697879,35352,0
3,13954144,0.698279,34267,0
3,13962141,0.698679,36466,0
3,13970138,0.69908,33997,0
3,13978134,0.69948,35801,0
3,13986131,0.69988,35481,0
3,13994128,0.70028,36017,0
3,14002124,0.70068,35860,0
3,14010121,0.70108,35800,0
3,14018118,0.701481,35103,0
3,14026114,0.701881,34656,0
3,14034111,0.702281,35417,0
3,14042108,0.702681,34863,0
3,14050104,0.703081,35200,0
3,14058101,0.703481,36106,0
3,14066097,0.703882,35673,0
3,14074094,0.704282,37495,0
3,14082091,0.704682,38466,0
3,14090087,0.705082,34962,0
3,14098084,0.705482,34990,0
3,14106081,0.705882,36851,0
3,14114077,0.706282,34127,0
3,14116712,0.706414,70543,1
3,14122074,0.706683,34430,0
3,14124232,0.706791,71940,1
3,14130071,0.707083,35507,0
3,14138067,0.707483,34726,0
3,14146064,0.707883,35378,0
3,14154061,0.708283,35732,0
3,14162057,0.708683,34922,0
3,14170054,0.709084,36183,0
3,14178050,0.709484,34368,0
3,14186047,0.709884,35420,0
3,14188563,0.71001,69493,1
3,14188564,0.71001,71435,1
3,14188565,0.71001,82611,1
3,14188566,0.71001,77969,1
3,14188567,0.71001,74431,1
3,14188568,0.71001,77754,1
3,14188569,0.71001,77069,1
3,14188570,0.71001,83065,1
3,14188571,0.71001,82538,1
3,14188572,0.71001,86982,1
3,14188573,0.71001,84755,1
3,14188574,0.71001,81472,1
3,14188575,0.71001,80791,1
3,14188576,0.71001,79436,1
3,14188577,0.710011,76313,1
3,14188578,0.710011,73706,1
3,14188579,0.710011,72794,1
3,14188580,0.710011,71369,1
3,14188581,0.710011,70787,1
3,14194044,0.710284,35983,0
3,14202040,0.710684,34484,0
3,14210037,0.711084,35943,0
3,14218034,0.711485,34775,0
3,14226030,0.711885,34843,0
3,14234027,0.712285,35539,0
3,14242024,0.712685,35255,0
3,14250020,0.713085,35578,0
3,14258017,0.713485,35569,0
3,14266014,0.713886,36302,0
3,14274010,0.714286,34893,0
3,14282007,0.714686,35770,0
3,14290004,0.715086,36023,0
3,14298000,0.715486,35238,0
3,14305997,0.715886,36345,0
3,14313993,0.716286,34905,0
3,14321990,0.716687,34884,0
3,14329987,0.717087,35840,0
3,14337983,0.717487,37474,0
3,14345980,0.717887,34669,0
3,14353977,0.718287,35737,0
3,14357103,0.718444,73663,1
3,14361973,0.718687,35221,0
3,14366466,0.718912,74111,1
3,14366467,0.718912,69727,1
3,14369970,0.719088,35112,0
3,14377967,0.719488,35469,0
3,14385963,0.719888,34933,0
3,14393960,0.720288,34232,0
3,14401957,0.720688,35037,0
3,14409953,0.721088,35276,0
3,14417950,0.721489,34937,0
3,14425946,0.721889,35626,0
3,14433943,0.722289,36133,0
3,14441940,0.722689,35365,0
3,14449936,0.723089,35315,0
3,14457933,0.723489,36498,0
3,14465930,0.72389,35229,0
3,14473926,0.72429,35060,0
3,14481923,0.72469,34444,0
3,14489920,0.72509,35682,0
3,14497916,0.72549,36878,0
3,14505913,0.72589,38328,0
3,14513910,0.726291,35312,0
3,14521906,0.726691,38213,0
3,14529903,0.727091,36354,0
3,14537899,0.727491,35014,0
3,14545896,0.727891,34990,0
3,14553893,0.728291,38062,0
3,14561889,0.728691,37055,0
3,14569886,0.729092,35777,0
3,14577883,0.729492,35208,0
3,14585879,0.729892,34730,0
3,14593876,0.730292,35376,0
3,14599613,0.730579,3971336,1
3,14599614,0.730579,3970885,1
3,14599615,0.730579,3966228,1
3,14599616,0.730579,3986895,1
3,14599617,0.730579,3982360,1
3,14599618,0.730579,3977852,1
3,14599619,0.730579,3973294,1
3,14599620,0.73058,3968888,1
3,14599621,0.73058,3964221,1
3,14599622,0.73058,3959546,1
3,14599623,0.73058,3955045,1
3,14599624,0.73058,3950396,1
3,14599625,0.73058,3945890,1
3,14599626,0.73058,3941528,1
3,14599627,0.73058,3936868,1
3,14599628,0.73058,3932210,1
3,14599629,0.73058,3927706,1
3,14599630,0.73058,3923244,1
3,14599631,0.73058,3918573,1
3,14599632,0.73058,3913982,1
3,14599633,0.73058,3909384,1
3,14599634,0.73058,3904744,1
3,14599635,0.73058,3900269,1
3,14599636,0.73058,3895717,1
3,14599637,0.73058,3891182,1
3,14599638,0.73058,3886693,1
3,14599639,0.73058,3882379,1
3,14599640,0.730581,3878187,1
3,14599641,0.730581,3880966,1
3,14599642,0.730581,3876556,1
3,14599643,0.730581,3871743,1
3,14599644,0.730581,3867162,1
3,14599645,0.730581,3862612,1
3,14599646,0.730581,3858116,1
3,14599647,0.730581,3853583,1
3,14599648,0.730581,3848880,1
3,14599649,0.730581,3859562,1
3,14599650,0.730581,3854967,1
3,14599651,0.730581,3850525,1
3,14599652,0.730581,3845937,1
3,14599653,0.730581,3841290,1
3,14599654,0.730581,3836689,1
3,14599655,0.730581,3832036,1
3,14599656,0.730581,3827651,1
3,14599657,0.730581,3823156,1
3,14599658,0.730581,3818474,1
3,14599659,0.730581,3813949,1
3,14599660,0.730582,3809331,1
3,14599661,0.730582,3804667,1
3,14599662,0.730582,3800298,1
3,14599663,0.730582,3795671,1
3,14599664,0.730582,3817406,1
3,14599665,0.730582,3812859,1
3,14599666,0.730582,3808233,1
3,14599667,0.730582,3803822,1
3,14599668,0.730582,3799230,1
3,14599669,0.730582,3794622,1
3,14599670,0.730582,3789980,1
3,14599671,0.730582,3785443,1
3,14599672,0.730582,3780865,1
3,14599673,0.730582,3776342,1
3,14599674,0.730582,3771730,1
3,14599675,0.730582,3767051,1
3,14599676,0.730582,3762601,1
3,14599677,0.730582,3758041,1
3,14599678,0.730582,3753498,1
3,14599679,0.730582,3749001,1
3,14599680,0.730583,3744647,1
3,14599681,0.730583,3739960,1
3,14599682,0.730583,3735514,1
3,14599683,0.730583,3730740,1
3,14599684,0.730583,3726296,1
3,14599685,0.730583,3721743,1
3,14599686,0.730583,3717217,1
3,14599687,0.730583,3712692,1
3,14599688,0.730583,3708010,1
3,14599689,0.730583,3703363,1
3,14599690,0.730583,3698855,1
3,14599691,0.730583,3694203,1
3,14599692,0.730583,3689670,1
3,14599693,0.730583,3685077,1
3,14599694,0.730583,3680506,1
3,14599695,0.730583,3745126,1
3,14599696,0.730583,3740821,1
3,14599697,0.730583,3736303,1
3,14599698,0.730583,3731744,1
3,14599699,0.730583,3727155,1
3,14599700,0.730584,3722545,1
3,14599701,0.730584,3717926,1
3,14599702,0.730584,3713444,1
3,14599703,0.730584,3708808,1
3,14599704,0.730584,3704377,1
3,14599705,0.730584,3699852,1
3,14599706,0.730584,3695149,1
3,14599707,0.730584,3690625,1
3,14599708,0.730584,3686033,1
3,14599709,0.730584,3681370,1
3,14599710,0.730584,3676987,1
3,14599711,0.730584,3672425,1
3,14599712,0.730584,3667796,1
3,14599713,0.730584,3663145,1
3,14599714,0.730584,3658664,1
3,14599715,0.730584,3654088,1
3,14599716,0.730584,3649540,1
3,14599717,0.730584,3644884,1
3,14599718,0.730584,3640227,1
3,14599719,0.730584,3635713,1
3,14599720,0.730585,3631139,1
3,14599721,0.730585,3626555,1
3,14599722,0.730585,3622133,1
3,14599723,0.730585,3617485,1
3,14599724,0.730585,3613104,1
3,14599725,0.730585,3608571,1
3,14599726,0.730585,3603999,1
3,14599727,0.730585,3599448,1
3,14599728,0.730585,3594909,1
3,14599729,0.730585,3590419,1
3,14599730,0.730585,3585905,1
3,14599731,0.730585,3581096,1
3,14599732,0.730585,3576557,1
3,14599733,0.730585,3571966,1
3,14599734,0.730585,3567509,1
3,14599735,0.730585,3562895,1
3,14599736,0.730585,3558284,1
3,14599737,0.730585,3553564,1
3,14599738,0.730585,3549116,1
3,14599739,0.730585,3544870,1
3,14599740,0.730586,3540195,1
3,14599741,0.730586,3535801,1
3,14599742,0.730586,3531243,1
3,14599743,0.730586,3526594,1
3,14599744,0.730586,3522110,1
3,14599745,0.730586,3517520,1
3,14599746,0.730586,3512918,1
3,14599747,0.730586,3508430,1
3,14599748,0.730586,3503762,1
3,14599749,0.730586,3499062,1
3,14599750,0.730586,3494574,1
3,14599751,0.730586,3489935,1
3,14599752,0.730586,3485362,1
3,14599753,0.730586,3480874,1
3,14599754,0.730586,3476372,1
3,14599755,0.730586,3471581,1
3,14599756,0.730586,3467233,1
3,14599757,0.730586,3462602,1
3,14599758,0.730586,3458320,1
3,14599759,0.730586,3453884,1
3,14599760,0.730587,3449400,1
3,14599761,0.730587,3444748,1
3,14599762,0.730587,3440285,1
3,14599763,0.730587,3435767,1
3,14599764,0.730587,3431297,1
3,14599765,0.730587,3426878,1
3,14599766,0.730587,3422303,1
3,14599767,0.730587,3417800,1
3,14599768,0.730587,3413147,1
3,14599769,0.730587,3408507,1
3,14599770,0.730587,3404116,1
3,14599771,0.730587,3399562,1
3,14599772,0.730587,3394900,1
3,14599773,0.730587,3390470,1
3,14599774,0.730587,3385753,1
3,14599775,0.730587,3381223,1
3,14599776,0.730587,3376551,1
3,14599777,0.730587,3372051,1
3,14599778,0.730587,3367549,1
3,14599779,0.730587,3362979,1
3,14599780,0.730588,3358393,1
3,14599781,0.730588,3353729,1
3,14599782,0.730588,3349484,1
3,14599783,0.730588,3344896,1
3,14599784,0.730588,3340268,1
3,14599785,0.730588,3335533,1
3,14599786,0.730588,3331255,1
3,14599787,0.730588,3326989,1
3,14599788,0.730588,3713001,1
3,14599789,0.730588,3708760,1
3,14599790,0.730588,3704214,1
3,14599791,0.730588,3699862,1
3,14599792,0.730588,3695120,1
3,14599793,0.730588,3690488,1
3,14599794,0.730588,3685980,1
3,14599795,0.730588,3681510,1
3,14599796,0.730588,3677031,1
3,14599797,0.730588,3672380,1
3,14599798,0.730588,3667798,1
3,14599799,0.730588,3663169,1
3,14599800,0.730589,3658656,1
3,14599801,0.730589,3654191,1
3,14599802,0.730589,3649719,1
3,14599803,0.730589,3645187,1
3,14599804,0.730589,3640594,1
3,14599805,0.730589,3635980,1
3,14599806,0.730589,3631569,1
3,14599807,0.730589,3627264,1
3,14599808,0.730589,3623079,1
3,14599809,0.730589,3618530,1
3,14599810,0.730589,3613873,1
3,14599811,0.730589,3609350,1
3,14599812,0.730589,3604769,1
3,14599813,0.730589,3600181,1
3,14599814,0.730589,3595585,1
3,14599815,0.730589,3591073,1
3,14599816,0.730589,3586489,1
3,14599817,0.730589,3581866,1
3,14599818,0.730589,3577217,1
3,14599819,0.730589,3572734,1
3,14599820,0.73059,3568095,1
3,14599821,0.73059,3563671,1
3,14599822,0.73059,3558915,1
3,14599823,0.73059,3554400,1
3,14599824,0.73059,3549881,1
3,14599825,0.73059,3545503,1
3,14599826,0.73059,3540973,1
3,14599827,0.73059,3536299,1
3,14599828,0.73059,3531845,1
3,14599829,0.73059,3527248,1
3,14599830,0.73059,3522848,1
3,14599831,0.73059,3518378,1
3,14599832,0.73059,3513756,1
3,14599833,0.73059,3509147,1
3,14599834,0.73059,3504573,1
3,14599835,0.73059,3500046,1
3,14599836,0.73059,3495390,1
3,14599837,0.73059,3490953,1
3,14599838,0.73059,3486222,1
3,14599839,0.73059,3481771,1
3,14599840,0.730591,3477394,1
3,14599841,0.730591,3472844,1
3,14599842,0.730591,3468214,1
3,14599843,0.730591,3463698,1
3,14599844,0.730591,3459019,1
3,14599845,0.730591,3454374,1
3,14599846,0.730591,3449933,1
3,14599847,0.730591,3445341,1
3,14599848,0.730591,3440812,1
3,14599849,0.730591,3436151,1
3,14599850,0.730591,3431497,1
3,14599851,0.730591,3426922,1
3,14599852,0.730591,3422441,1
3,14599853,0.730591,3417832,1
3,14599854,0.730591,3413307,1
3,14599855,0.730591,3408880,1
3,14599856,0.730591,3404164,1
3,14599857,0.730591,3399532,1
3,14599858,0.730591,3394981,1
3,14599859,0.730591,3390453,1
3,14599860,0.730592,3385811,1
3,14599861,0.730592,3381364,1
3,14599862,0.730592,3376716,1
3,14599863,0.730592,3372050,1
3,14599864,0.730592,3367691,1
3,14599865,0.730592,3363191,1
3,14599866,0.730592,3358500,1
3,14599867,0.730592,3353917,1
3,14599868,0.730592,3349315,1
3,14599869,0.730592,3344680,1
3,14599870,0.730592,3340260,1
3,14599871,0.730592,3335718,1
3,14599872,0.730592,3331220,1
3,14599873,0.730592,3326800,1
3,14599874,0.730592,3322181,1
3,14599875,0.730592,3317586,1
3,14599876,0.730592,3312986,1
3,14599877,0.730592,3308359,1
3,14599878,0.730592,3303949,1
3,14599879,0.730592,3299419,1
3,14599880,0.730593,3294818,1
3,14599881,0.730593,3290108,1
3,14599882,0.730593,3285620,1
3,14599883,0.730593,3281101,1
3,14599884,0.730593,3276441,1
3,14599885,0.730593,3272017,1
3,14599886,0.730593,3267306,1
3,14599887,0.730593,3262815,1
3,14599888,0.730593,3258223,1
3,14599889,0.730593,3253515,1
3,14599890,0.730593,3249084,1
3,14599891,0.730593,3244348,1
3,14599892,0.730593,3239889,1
3,14599893,0.730593,3235324,1
3,14599894,0.730593,3230848,1
3,14599895,0.730593,3226231,1
3,14599896,0.730593,3221662,1
3,14599897,0.730593,3217095,1
3,14599898,0.730593,3212453,1
3,14599899,0.730593,3208155,1
3,14599900,0.730594,3203470,1
3,14599901,0.730594,3198886,1
3,14599902,0.730594,3194155,1
3,14599903,0.730594,3189871,1
3,14599904,0.730594,3185403,1
3,14599905,0.730594,3180895,1
3,14599906,0.730594,3176507,1
3,14599907,0.730594,3171869,1
3,14599908,0.730594,3167272,1
3,14599909,0.730594,3162828,1
3,14599910,0.730594,3158300,1
3,14599911,0.730594,3153870,1
3,14599912,0.730594,3149368,1
3,14599913,0.730594,3144729,1
3,14599914,0.730594,3140180,1
3,14599915,0.730594,3135834,1
3,14599916,0.730594,3131374,1
3,14599917,0.730594,3126833,1
3,14599918,0.730594,3122250,1
3,14599919,0.730594,3117645,1
3,14599920,0.730595,3113110,1
3,14599921,0.730595,3108640,1
3,14599922,0.730595,3104026,1
3,14599923,0.730595,3099523,1
3,14599924,0.730595,3094925,1
3,14599925,0.730595,3090242,1
3,14599926,0.730595,3085723,1
3,14599927,0.730595,3081301,1
3,14599928,0.730595,3076659,1
3,14599929,0.730595,3072023,1
3,14599930,0.730595,3067428,1
3,14599931,0.730595,3062919,1
3,14599932,0.730595,3058423,1
3,14599933,0.730595,3053979,1
3,14599934,0.730595,3049478,1
3,14599935,0.730595,3045129,1
3,14599936,0.730595,3041105,1
3,14599937,0.730595,3036693,1
3,14599938,0.730595,3032190,1
3,14599939,0.730595,3027697,1
3,14599940,0.730596,3023132,1
3,14599941,0.730596,3018585,1
3,14599942,0.730596,3014050,1
3,14599943,0.730596,3009635,1
3,14599944,0.730596,3005153,1
3,14599945,0.730596,3000743,1
3,14599946,0.730596,2996248,1
3,14599947,0.730596,2991797,1
3,14599948,0.730596,2987294,1
3,14599949,0.730596,2982577,1
3,14599950,0.730596,2978876,1
3,14599951,0.730596,2974233,1
3,14599952,0.730596,2969854,1
3,14599953,0.730596,2965522,1
3,14599954,0.730596,2960980,1
3,14599955,0.730596,2956418,1
3,14599956,0.730596,2951785,1
3,14599957,0.730596,2947304,1
3,14599958,0.730596,2942947,1
3,14599959,0.730596,2938506,1
3,14599960,0.730597,2933903,1
3,14599961,0.730597,2929236,1
3,14599962,0.730597,2924724,1
3,14599963,0.730597,2920374,1
3,14599964,0.730597,2915928,1
3,14599965,0.730597,2911290,1
3,14599966,0.730597,2906626,1
3,14599967,0.730597,2902265,1
3,14599968,0.730597,2897923,1
3,14599969,0.730597,2893384,1
3,14599970,0.730597,2888690,1
3,14599971,0.730597,2884176,1
3,14599972,0.730597,2879612,1
3,14599973,0.730597,2874997,1
3,14599974,0.730597,2870609,1
3,14599975,0.730597,2865885,1
3,14599976,0.730597,2861399,1
3,14599977,0.730597,2856922,1
3,14599978,0.730597,2852305,1
3,14599979,0.730597,2847814,1
3,14599980,0.730598,2843226,1
3,14599981,0.730598,2839025,1
3,14599982,0.730598,2834591,1
3,14599983,0.730598,2830040,1
3,14599984,0.730598,2825533,1
3,14599985,0.730598,2820818,1
3,14599986,0.730598,2816158,1
3,14599987,0.730598,2811813,1
3,14599988,0.730598,2807216,1
3,14599989,0.730598,2802588,1
3,14599990,0.730598,2797784,1
3,14599991,0.730598,2793466,1
3,14599992,0.730598,2789166,1
3,14599993,0.730598,2784723,1
3,14599994,0.730598,2780214,1
3,14599995,0.730598,2775641,1
3,14599996,0.730598,2771055,1
3,14599997,0.730598,2766462,1
3,14599998,0.730598,2761881,1
3,14599999,0.730598,2757495,1
3,14600000,0.730599,2753097,1
3,14600001,0.730599,2748453,1
3,14600002,0.730599,2743772,1
3,14600003,0.730599,2739348,1
3,14600004,0.730599,2734956,1
3,14600005,0.730599,2730478,1
3,14600006,0.730599,2725946,1
3,14600007,0.730599,2721476,1
3,14600008,0.730599,2717082,1
3,14600009,0.730599,2712479,1
3,14600010,0.730599,2708003,1
3,14600011,0.730599,2703429,1
3,14600012,0.730599,2698951,1
3,14600013,0.730599,2694376,1
3,14600014,0.730599,2689820,1
3,14600015,0.730599,2685339,1
3,14600016,0.730599,2680739,1
3,14600017,0.730599,2676288,1
3,14600018,0.730599,2671681,1
3,14600019,0.730599,2667238,1
3,14600020,0.7306,2662871,1
3,14600021,0.7306,2658354,1
3,14600022,0.7306,2653894,1
3,14600023,0.7306,2649412,1
3,14600024,0.7306,2644778,1
3,14600025,0.7306,2640182,1
3,14600026,0.7306,2635469,1
3,14600027,0.7306,2631056,1
3,14600028,0.7306,2626382,1
3,14600029,0.7306,2621656,1
3,14600030,0.7306,2617156,1
3,14600031,0.7306,2612637,1
3,14600032,0.7306,2608304,1
3,14600033,0.7306,2603716,1
3,14600034,0.7306,2599187,1
3,14600035,0.7306,2594521,1
3,14600036,0.7306,2590056,1
3,14600037,0.7306,2585500,1
3,14600038,0.7306,2580767,1
3,14600039,0.7306,2576392,1
3,14600040,0.730601,2571758,1
3,14600041,0.730601,2567220,1
3,14600042,0.730601,2562840,1
3,14600043,0.730601,2558472,1
3,14600044,0.730601,2554018,1
3,14600045,0.730601,2549391,1
3,14600046,0.730601,2544753,1
3,14600047,0.730601,2540315,1
3,14600048,0.730601,2535890,1
3,14600049,0.730601,2531172,1
3,14600050,0.730601,2526754,1
3,14600051,0.730601,2522043,1
3,14600052,0.730601,2517465,1
3,14600053,0.730601,2513062,1
3,14600054,0.730601,2508569,1
3,14600055,0.730601,2503865,1
3,14600056,0.730601,2499490,1
3,14600057,0.730601,2494914,1
3,14600058,0.730601,2490111,1
3,14600059,0.730601,2485912,1
3,14600060,0.730602,2481416,1
3,14600061,0.730602,2476717,1
3,14600062,0.730602,2472128,1
3,14600063,0.730602,2467507,1
3,14600064,0.730602,2463238,1
3,14600065,0.730602,2458580,1
3,14600066,0.730602,2453893,1
3,14600067,0.730602,2449368,1
3,14600068,0.730602,2444761,1
3,14600069,0.730602,2440081,1
3,14600070,0.730602,2435694,1
3,14600071,0.730602,2431026,1
3,14600072,0.730602,2426568,1
3,14600073,0.730602,2421837,1
3,14600074,0.730602,2417324,1
3,14600075,0.730602,2412930,1
3,14600076,0.730602,2408231,1
3,14600077,0.730602,2403809,1
3,14600078,0.730602,2399040,1
3,14600079,0.730602,2394648,1
3,14600080,0.730603,2390089,1
3,14600081,0.730603,2385502,1
3,14600082,0.730603,2380850,1
3,14600083,0.730603,2376186,1
3,14600084,0.730603,2371731,1
3,14600085,0.730603,2367204,1
3,14600086,0.730603,2362631,1
3,14600087,0.730603,2358241,1
3,14600088,0.730603,2353528,1
3,14600089,0.730603,2349001,1
3,14600090,0.730603,2344488,1
3,14600091,0.730603,2339964,1
3,14600092,0.730603,2336134,1
3,14600093,0.730603,2331709,1
3,14600094,0.730603,2326916,1
3,14600095,0.730603,2322519,1
3,14600096,0.730603,2318115,1
3,14600097,0.730603,2313493,1
3,14600098,0.730603,2308858,1
3,14600099,0.730603,2304232,1
3,14600100,0.730604,2299639,1
3,14600101,0.730604,2295510,1
3,14600102,0.730604,2290985,1
3,14600103,0.730604,2286283,1
3,14600104,0.730604,2281770,1
3,14600105,0.730604,2277248,1
3,14600106,0.730604,2272652,1
3,14600107,0.730604,2268202,1
3,14600108,0.730604,2263561,1
3,14600109,0.730604,2259019,1
3,14600110,0.730604,2254468,1
3,14600111,0.730604,2249855,1
3,14600112,0.730604,2245138,1
3,14600113,0.730604,2240654,1
3,14600114,0.730604,2236088,1
3,14600115,0.730604,2231586,1
3,14600116,0.730604,2227226,1
3,14600117,0.730604,2222582,1
3,14600118,0.730604,2217886,1
3,14600119,0.730604,2213327,1
3,14600120,0.730605,2208766,1
3,14600121,0.730605,2204130,1
3,14600122,0.730605,2199526,1
3,14600123,0.730605,2195041,1
3,14600124,0.730605,2190527,1
3,14600125,0.730605,2186061,1
3,14600126,0.730605,2181398,1
3,14600127,0.730605,2176909,1
3,14600128,0.730605,2172666,1
3,14600129,0.730605,2168031,1
3,14600130,0.730605,2163330,1
3,14600131,0.730605,2158834,1
3,14600132,0.730605,2154248,1
3,14600133,0.730605,2149615,1
3,14600134,0.730605,2145180,1
3,14600135,0.730605,2140472,1
3,14600136,0.730605,2135941,1
3,14600137,0.730605,2131439,1
3,14600138,0.730605,2127110,1
3,14600139,0.730605,2122662,1
3,14600140,0.730606,2118280,1
3,14600141,0.730606,2113637,1
3,14600142,0.730606,2108866,1
3,14600143,0.730606,2104564,1
3,14600144,0.730606,2100017,1
3,14600145,0.730606,2095314,1
3,14600146,0.730606,2090857,1
3,14600147,0.730606,2086063,1
3,14600148,0.730606,2081562,1
3,14600149,0.730606,2077201,1
3,14600150,0.730606,2072545,1
3,14600151,0.730606,2067850,1
3,14600152,0.730606,2063365,1
3,14600153,0.730606,2058659,1
3,14600154,0.730606,2054038,1
3,14600155,0.730606,2049868,1
3,14600156,0.730606,2045410,1
3,14600157,0.730606,2040701,1
3,14600158,0.730606,2036140,1
3,14600159,0.730606,2524418,1
3,14600160,0.730607,2520037,1
3,14600161,0.730607,2515763,1
3,14600162,0.730607,2511211,1
3,14600163,0.730607,2506642,1
3,14600164,0.730607,2502191,1
3,14600165,0.730607,2497619,1
3,14600166,0.730607,2493086,1
3,14600167,0.730607,2488683,1
3,14600168,0.730607,2483978,1
3,14600169,0.730607,2479313,1
3,14600170,0.730607,2474748,1
3,14600171,0.730607,2470335,1
3,14600172,0.730607,2466036,1
3,14600173,0.730607,2461583,1
3,14600174,0.730607,2457149,1
3,14600175,0.730607,2452665,1
3,14600176,0.730607,2448115,1
3,14600177,0.730607,2443667,1
3,14600178,0.730607,2439164,1
3,14600179,0.730608,2434454,1
3,14600180,0.730608,2429959,1
3,14600181,0.730608,2425366,1
3,14600182,0.730608,2420921,1
3,14600183,0.730608,2416307,1
3,14600184,0.730608,2411734,1
3,14600185,0.730608,2407230,1
3,14600186,0.730608,2402513,1
3,14600187,0.730608,2398160,1
3,14600188,0.730608,2393467,1
3,14600189,0.730608,2389070,1
3,14600190,0.730608,2384563,1
3,14600191,0.730608,2380193,1
3,14600192,0.730608,2375705,1
3,14600193,0.730608,2371255,1
3,14600194,0.730608,2366752,1
3,14600195,0.730608,2362128,1
3,14600196,0.730608,2357737,1
3,14600197,0.730608,2353167,1
3,14600198,0.730608,2348489,1
3,14600199,0.730609,2344189,1
3,14600200,0.730609,2339665,1
3,14600201,0.730609,2334988,1
3,14600202,0.730609,2330460,1
3,14600203,0.730609,2326056,1
3,14600204,0.730609,2321435,1
3,14600205,0.730609,2316803,1
3,14600206,0.730609,2312361,1
3,14600207,0.730609,2307695,1
3,14600208,0.730609,2303285,1
3,14600209,0.730609,2298735,1
3,14600210,0.730609,2294099,1
3,14600211,0.730609,2289560,1
3,14600212,0.730609,2285000,1
3,14600213,0.730609,2280342,1
3,14600214,0.730609,2275850,1
3,14600215,0.730609,2271250,1
3,14600216,0.730609,2267029,1
3,14600217,0.730609,2262528,1
3,14600218,0.730609,2257989,1
3,14600219,0.73061,2253431,1
3,14600220,0.73061,2248671,1
3,14600221,0.73061,2244215,1
3,14600222,0.73061,2239859,1
3,14600223,0.73061,2235288,1
3,14600224,0.73061,2231018,1
3,14600225,0.73061,2226328,1
3,14600226,0.73061,2221803,1
3,14600227,0.73061,2217394,1
3,14600228,0.73061,2213034,1
3,14600229,0.73061,2208491,1
3,14600230,0.73061,2203727,1
3,14600231,0.73061,2199327,1
3,14600232,0.73061,2194764,1
3,14600233,0.73061,2190415,1
3,14600234,0.73061,2185883,1
3,14600235,0.73061,2181355,1
3,14600236,0.73061,2176710,1
3,14600237,0.73061,2172048,1
3,14600238,0.73061,2167645,1
3,14600239,0.730611,2162931,1
3,14600240,0.730611,2158429,1
3,14600241,0.730611,2153963,1
3,14600242,0.730611,2149343,1
3,14600243,0.730611,2144971,1
3,14600244,0.730611,2140422,1
3,14600245,0.730611,2135873,1
3,14600246,0.730611,2131095,1
3,14600247,0.730611,2126670,1
3,14600248,0.730611,2122384,1
3,14600249,0.730611,2117692,1
3,14600250,0.730611,2113290,1
3,14600251,0.730611,2108835,1
3,14600252,0.730611,2104361,1
3,14600253,0.730611,2099853,1
3,14600254,0.730611,2095296,1
3,14600255,0.730611,2090847,1
3,14600256,0.730611,2086332,1
3,14600257,0.730611,2082135,1
3,14600258,0.730611,2077646,1
3,14600259,0.730612,2073673,1
3,14600260,0.730612,2069442,1
3,14600261,0.730612,2065121,1
3,14600262,0.730612,2060688,1
3,14600263,0.730612,2056443,1
3,14600264,0.730612,2052222,1
3,14600265,0.730612,2047858,1
3,14600266,0.730612,2043565,1
3,14600267,0.730612,2039187,1
3,14600268,0.730612,2034926,1
3,14600269,0.730612,2030563,1
3,14600270,0.730612,2026407,1
3,14600271,0.730612,2022237,1
3,14600272,0.730612,2017813,1
3,14600273,0.730612,2013322,1
3,14600274,0.730612,2008774,1
3,14600275,0.730612,2004634,1
3,14600276,0.730612,2000293,1
3,14600277,0.730612,1995879,1
3,14600278,0.730612,1991416,1
3,14600279,0.730613,1987054,1
3,14600280,0.730613,1982682,1
3,14600281,0.730613,1978259,1
3,14600282,0.730613,1973842,1
3,14600283,0.730613,1969416,1
3,14600284,0.730613,1965231,1
3,14600285,0.730613,1960893,1
3,14600286,0.730613,1956278,1
3,14600287,0.730613,1951892,1
3,14600288,0.730613,1947759,1
3,14600289,0.730613,1943349,1
3,14600290,0.730613,1939113,1
3,14600291,0.730613,1934840,1
3,14600292,0.730613,1930438,1
3,14600293,0.730613,1925986,1
3,14600294,0.730613,1921714,1
3,14600295,0.730613,1917451,1
3,14600296,0.730613,1913106,1
3,14600297,0.730613,1908574,1
3,14600298,0.730613,1904116,1
3,14600299,0.730614,1899652,1
3,14600300,0.730614,1895396,1
3,14600301,0.730614,1890947,1
3,14600302,0.730614,1886479,1
3,14600303,0.730614,1882246,1
3,14600304,0.730614,1877841,1
3,14600305,0.730614,1873479,1
3,14600306,0.730614,1869133,1
3,14600307,0.730614,1864838,1
3,14600308,0.730614,1860614,1
3,14600309,0.730614,1856287,1
3,14600310,0.730614,1851760,1
3,14600311,0.730614,1847209,1
3,14600312,0.730614,1843219,1
3,14600313,0.730614,1838800,1
3,14600314,0.730614,1834376,1
3,14600315,0.730614,1829896,1
3,14600316,0.730614,1825674,1
3,14600317,0.730614,1821228,1
3,14600318,0.730614,1816837,1
3,14600319,0.730615,1812341,1
3,14600320,0.730615,1808295,1
3,14600321,0.730615,1803792,1
3,14600322,0.730615,1799508,1
3,14600323,0.730615,1795587,1
3,14600324,0.730615,1791364,1
3,14600325,0.730615,1787094,1
3,14600326,0.730615,1782633,1
3,14600327,0.730615,1778102,1
3,14600328,0.730615,1774082,1
3,14600329,0.730615,1769715,1
3,14600330,0.730615,1765304,1
3,14600331,0.730615,1760792,1
3,14600332,0.730615,1756330,1
3,14600333,0.730615,1752085,1
3,14600334,0.730615,1747745,1
3,14600335,0.730615,1743523,1
3,14600336,0.730615,1739203,1
3,14600337,0.730615,1734691,1
3,14600338,0.730615,1730365,1
3,14600339,0.730616,1726028,1
3,14600340,0.730616,1721967,1
3,14600341,0.730616,1717755,1
3,14600342,0.730616,1713340,1
3,14600343,0.730616,1709136,1
3,14600344,0.730616,1704821,1
3,14600345,0.730616,1700259,1
3,14600346,0.730616,1695966,1
3,14600347,0.730616,1691587,1
3,14600348,0.730616,1687548,1
3,14600349,0.730616,1683157,1
3,14600350,0.730616,1678562,1
3,14600351,0.730616,1674171,1
3,14600352,0.730616,1670011,1
3,14600353,0.730616,1665594,1
3,14600354,0.730616,1661358,1
3,14600355,0.730616,1657019,1
3,14600356,0.730616,1652755,1
3,14600357,0.730616,1648430,1
3,14600358,0.730616,1644343,1
3,14600359,0.730617,1639931,1
3,14600360,0.730617,1635578,1
3,14600361,0.730617,1631127,1
3,14600362,0.730617,1626740,1
3,14600363,0.730617,1622392,1
3,14600364,0.730617,1618286,1
3,14600365,0.730617,1613945,1
3,14600366,0.730617,1609510,1
3,14600367,0.730617,1605130,1
3,14600368,0.730617,1600720,1
3,14600369,0.730617,1596374,1
3,14600370,0.730617,1592171,1
3,14600371,0.730617,1587769,1
3,14600372,0.730617,1583591,1
3,14600373,0.730617,1579284,1
3,14600374,0.730617,1574940,1
3,14600375,0.730617,1570398,1
3,14600376,0.730617,1566017,1
3,14600377,0.730617,1561889,1
3,14600378,0.730617,1557349,1
3,14600379,0.730618,1552886,1
3,14600380,0.730618,1548552,1
3,14600381,0.730618,1544019,1
3,14600382,0.730618,1539850,1
3,14600383,0.730618,1535450,1
3,14600384,0.730618,1531314,1
3,14600385,0.730618,1526843,1
3,14600386,0.730618,1522716,1
3,14600387,0.730618,1518244,1
3,14600388,0.730618,1514094,1
3,14600389,0.730618,1509885,1
3,14600390,0.730618,1505415,1
3,14600391,0.730618,1501276,1
3,14600392,0.730618,1496769,1
3,14600393,0.730618,1492401,1
3,14600394,0.730618,1488170,1
3,14600395,0.730618,1483936,1
3,14600396,0.730618,1479678,1
3,14600397,0.730618,1475186,1
3,14600398,0.730618,1470692,1
3,14600399,0.730619,1466203,1
3,14600400,0.730619,1461987,1
3,14600401,0.730619,1457595,1
3,14600402,0.730619,1453357,1
3,14600403,0.730619,1448999,1
3,14600404,0.730619,1444589,1
3,14600405,0.730619,1440091,1
3,14600406,0.730619,1435588,1
3,14600407,0.730619,1431313,1
3,14600408,0.730619,1427004,1
3,14600409,0.730619,1422508,1
3,14600410,0.730619,1418113,1
3,14600411,0.730619,1413552,1
3,14600412,0.730619,1409156,1
3,14600413,0.730619,1404833,1
3,14600414,0.730619,1400383,1
3,14600415,0.730619,1396030,1
3,14600416,0.730619,1391663,1
3,14600417,0.730619,1387176,1
3,14600418,0.730619,1382864,1
3,14600419,0.73062,1378195,1
3,14600420,0.73062,1373847,1
3,14600421,0.73062,1369593,1
3,14600422,0.73062,1365090,1
3,14600423,0.73062,1360735,1
3,14600424,0.73062,1356434,1
3,14600425,0.73062,1352271,1
3,14600426,0.73062,1347833,1
3,14600427,0.73062,1343362,1
3,14600428,0.73062,1338817,1
3,14600429,0.73062,1334317,1
3,14600430,0.73062,1330118,1
3,14600431,0.73062,1325593,1
3,14600432,0.73062,1321111,1
3,14600433,0.73062,1316639,1
3,14600434,0.73062,1312155,1
3,14600435,0.73062,1308016,1
3,14600436,0.73062,1303335,1
3,14600437,0.73062,1298614,1
3,14600438,0.73062,1293811,1
3,14600439,0.730621,1289092,1
3,14600440,0.730621,1284723,1
3,14600441,0.730621,1280449,1
3,14600442,0.730621,1276087,1
3,14600443,0.730621,1271385,1
3,14600444,0.730621,1266983,1
3,14600445,0.730621,1262650,1
3,14600446,0.730621,1258189,1
3,14600447,0.730621,1253801,1
3,14600448,0.730621,1249596,1
3,14600449,0.730621,1245172,1
3,14600450,0.730621,1240737,1
3,14600451,0.730621,1236368,1
3,14600452,0.730621,1232090,1
3,14600453,0.730621,1227936,1
3,14600454,0.730621,1223422,1
3,14600455,0.730621,1218698,1
3,14600456,0.730621,1214197,1
3,14600457,0.730621,1209911,1
3,14600458,0.730621,1205747,1
3,14600459,0.730622,1201307,1
3,14600460,0.730622,1196874,1
3,14600461,0.730622,1192384,1
3,14600462,0.730622,1188052,1
3,14600463,0.730622,1183619,1
3,14600464,0.730622,1179117,1
3,14600465,0.730622,1174621,1
3,14600466,0.730622,1170105,1
3,14600467,0.730622,1165805,1
3,14600468,0.730622,1161351,1
3,14600469,0.730622,1156941,1
3,14600470,0.730622,1152535,1
3,14600471,0.730622,1148288,1
3,14600472,0.730622,1143790,1
3,14600473,0.730622,1139508,1
3,14600474,0.730622,1134787,1
3,14600475,0.730622,1130075,1
3,14600476,0.730622,1125388,1
3,14600477,0.730622,1120767,1
3,14600478,0.730622,1116336,1
3,14600479,0.730623,1112030,1
3,14600480,0.730623,1107676,1
3,14600481,0.730623,1103296,1
3,14600482,0.730623,1098777,1
3,14600483,0.730623,1094224,1
3,14600484,0.730623,1089705,1
3,14600485,0.730623,1085264,1
3,14600486,0.730623,1081023,1
3,14600487,0.730623,1076494,1
3,14600488,0.730623,1072301,1
3,14600489,0.730623,1068121,1
3,14600490,0.730623,1063723,1
3,14600491,0.730623,1059362,1
3,14600492,0.730623,1054966,1
3,14600493,0.730623,1050674,1
3,14600494,0.730623,1046013,1
3,14600495,0.730623,1041461,1
3,14600496,0.730623,1037116,1
3,14600497,0.730623,1032696,1
3,14600498,0.730623,1028271,1
3,14600499,0.730624,1024270,1
3,14600500,0.730624,1019771,1
3,14600501,0.730624,1015433,1
3,14600502,0.730624,1010991,1
3,14600503,0.730624,1006713,1
3,14600504,0.730624,1002347,1
3,14600505,0.730624,998038,1
3,14600506,0.730624,993668,1
3,14600507,0.730624,989091,1
3,14600508,0.730624,984738,1
3,14600509,0.730624,980310,1
3,14600510,0.730624,975887,1
3,14600511,0.730624,971561,1
3,14600512,0.730624,967155,1
3,14600513,0.730624,962666,1
3,14600514,0.730624,958422,1
3,14600515,0.730624,953938,1
3,14600516,0.730624,949521,1
3,14600517,0.730624,945015,1
3,14600518,0.730624,940791,1
3,14600519,0.730625,936339,1
3,14600520,0.730625,932000,1
3,14600521,0.730625,1097741,1
3,14600522,0.730625,1093490,1
3,14600523,0.730625,1089396,1
3,14600524,0.730625,1085576,1
3,14600525,0.730625,1080623,1
3,14600526,0.730625,1075819,1
3,14600527,0.730625,1071269,1
3,14600528,0.730625,1067001,1
3,14600529,0.730625,1062764,1
3,14600530,0.730625,1058518,1
3,14600531,0.730625,1054075,1
3,14600532,0.730625,1049686,1
3,14600533,0.730625,1045243,1
3,14600534,0.730625,1040811,1
3,14600535,0.730625,1036474,1
3,14600536,0.730625,1032178,1
3,14600537,0.730625,1027687,1
3,14600538,0.730625,1023392,1
3,14600539,0.730626,1018973,1
3,14600540,0.730626,1014490,1
3,14600541,0.730626,1010020,1
3,14600542,0.730626,1005587,1
3,14600543,0.730626,1001319,1
3,14600544,0.730626,996958,1
3,14600545,0.730626,992220,1
3,14600546,0.730626,987424,1
3,14600547,0.730626,982774,1
3,14600548,0.730626,978067,1
3,14600549,0.730626,973682,1
3,14600550,0.730626,969291,1
3,14600551,0.730626,964724,1
3,14600552,0.730626,960461,1
3,14600553,0.730626,956071,1
3,14600554,0.730626,951641,1
3,14600555,0.730626,947276,1
3,14600556,0.730626,942863,1
3,14600557,0.730626,938547,1
3,14600558,0.730626,934184,1
3,14600559,0.730627,929593,1
3,14600560,0.730627,925185,1
3,14600561,0.730627,920881,1
3,14600562,0.730627,916451,1
3,14600563,0.730627,912035,1
3,14600564,0.730627,907504,1
3,14600565,0.730627,902999,1
3,14600566,0.730627,898788,1
3,14600567,0.730627,894416,1
3,14600568,0.730627,889904,1
3,14600569,0.730627,885774,1
3,14600570,0.730627,881439,1
3,14600571,0.730627,876984,1
3,14600572,0.730627,872733,1
3,14600573,0.730627,868686,1
3,14600574,0.730627,864163,1
3,14600575,0.730627,859764,1
3,14600576,0.730627,855466,1
3,14600577,0.730627,851020,1
3,14600578,0.730627,846554,1
3,14600579,0.730628,842383,1
3,14600580,0.730628,838024,1
3,14600581,0.730628,833606,1
3,14600582,0.730628,829158,1
3,14600583,0.730628,824699,1
3,14600584,0.730628,820374,1
3,14600585,0.730628,816038,1
3,14600586,0.730628,811615,1
3,14600587,0.730628,806994,1
3,14600588,0.730628,802511,1
3,14600589,0.730628,798336,1
3,14600590,0.730628,794168,1
3,14600591,0.730628,789813,1
3,14600592,0.730628,785315,1
3,14600593,0.730628,780798,1
3,14600594,0.730628,776488,1
3,14600595,0.730628,772044,1
3,14600596,0.730628,767596,1
3,14600597,0.730628,763221,1
3,14600598,0.730628,758788,1
3,14600599,0.730629,754228,1
3,14600600,0.730629,749935,1
3,14600601,0.730629,745558,1
3,14600602,0.730629,741127,1
3,14600603,0.730629,736812,1
3,14600604,0.730629,732434,1
3,14600605,0.730629,728420,1
3,14600606,0.730629,724346,1
3,14600607,0.730629,719880,1
3,14600608,0.730629,715316,1
3,14600609,0.730629,710812,1
3,14600610,0.730629,706610,1
3,14600611,0.730629,702142,1
3,14600612,0.730629,697900,1
3,14600613,0.730629,693512,1
3,14600614,0.730629,689002,1
3,14600615,0.730629,684542,1
3,14600616,0.730629,680072,1
3,14600617,0.730629,675768,1
3,14600618,0.730629,671487,1
3,14600619,0.73063,666975,1
3,14600620,0.73063,662550,1
3,14600621,0.73063,658373,1
3,14600622,0.73063,653946,1
3,14600623,0.73063,649680,1
3,14600624,0.73063,645210,1
3,14600625,0.73063,640813,1
3,14600626,0.73063,636406,1
3,14600627,0.73063,631786,1
3,14600628,0.73063,627306,1
3,14600629,0.73063,623166,1
3,14600630,0.73063,618859,1
3,14600631,0.73063,614337,1
3,14600632,0.73063,609861,1
3,14600633,0.73063,605402,1
3,14600634,0.73063,600929,1
3,14600635,0.73063,596646,1
3,14600636,0.73063,591966,1
3,14600637,0.73063,587828,1
3,14600638,0.73063,583493,1
3,14600639,0.730631,578950,1
3,14600640,0.730631,574547,1
3,14600641,0.730631,570172,1
3,14600642,0.730631,565706,1
3,14600643,0.730631,561397,1
3,14600644,0.730631,556950,1
3,14600645,0.730631,552506,1
3,14600646,0.730631,548087,1
3,14600647,0.730631,543504,1
3,14600648,0.730631,539052,1
3,14600649,0.730631,534648,1
3,14600650,0.730631,530294,1
3,14600651,0.730631,525717,1
3,14600652,0.730631,521401,1
3,14600653,0.730631,517037,1
3,14600654,0.730631,512758,1
3,14600655,0.730631,508388,1
3,14600656,0.730631,503894,1
3,14600657,0.730631,499488,1
3,14600658,0.730631,495193,1
3,14600659,0.730632,490838,1
3,14600660,0.730632,486543,1
3,14600661,0.730632,482130,1
3,14600662,0.730632,477668,1
3,14600663,0.730632,473081,1
3,14600664,0.730632,468775,1
3,14600665,0.730632,464435,1
3,14600666,0.730632,460004,1
3,14600667,0.730632,455533,1
3,14600668,0.730632,451039,1
3,14600669,0.730632,446982,1
3,14600670,0.730632,442806,1
3,14600671,0.730632,438294,1
3,14600672,0.730632,433800,1
3,14600673,0.730632,429347,1
3,14600674,0.730632,424910,1
3,14600675,0.730632,420438,1
3,14600676,0.730632,416193,1
3,14600677,0.730632,411816,1
3,14600678,0.730632,407285,1
3,14600679,0.730633,402874,1
3,14600680,0.730633,398384,1
3,14600681,0.730633,394085,1
3,14600682,0.730633,389790,1
3,14600683,0.730633,385237,1
3,14600684,0.730633,380917,1
3,14600685,0.730633,376705,1
3,14600686,0.730633,372607,1
3,14600687,0.730633,368080,1
3,14600688,0.730633,363597,1
3,14600689,0.730633,359144,1
3,14600690,0.730633,354688,1
3,14600691,0.730633,350412,1
3,14600692,0.730633,345939,1
3,14600693,0.730633,341488,1
3,14600694,0.730633,337030,1
3,14600695,0.730633,332617,1
3,14600696,0.730633,328134,1
3,14600697,0.730633,323710,1
3,14600698,0.730633,319419,1
3,14600699,0.730634,314787,1
3,14600700,0.730634,310467,1
3,14600701,0.730634,306020,1
3,14600702,0.730634,301680,1
3,14600703,0.730634,297323,1
3,14600704,0.730634,292817,1
3,14600705,0.730634,288447,1
3,14600706,0.730634,284188,1
3,14600707,0.730634,279501,1
3,14600708,0.730634,275027,1
3,14600709,0.730634,270613,1
3,14600710,0.730634,266242,1
3,14600711,0.730634,261847,1
3,14600712,0.730634,257334,1
3,14600713,0.730634,253109,1
3,14600714,0.730634,248759,1
3,14600715,0.730634,244416,1
3,14600716,0.730634,239898,1
3,14600717,0.730634,235673,1
3,14600718,0.730634,231414,1
3,14600719,0.730635,226870,1
3,14600720,0.730635,222597,1
3,14600721,0.730635,218217,1
3,14600722,0.730635,213814,1
3,14600723,0.730635,209297,1
3,14600724,0.730635,204881,1
3,14600725,0.730635,200379,1
3,14600726,0.730635,196086,1
3,14600727,0.730635,191637,1
3,14600728,0.730635,187179,1
3,14600729,0.730635,182747,1
3,14600730,0.730635,178471,1
3,14600731,0.730635,174036,1
3,14600732,0.730635,169686,1
3,14600733,0.730635,165249,1
3,14600734,0.730635,160931,1
3,14600735,0.730635,156519,1
3,14600736,0.730635,152023,1
3,14600737,0.730635,147560,1
3,14600738,0.730635,143074,1
3,14600739,0.730636,138785,1
3,14600740,0.730636,134275,1
3,14600741,0.730636,130046,1
3,14600742,0.730636,125767,1
3,14600743,0.730636,121286,1
3,14600744,0.730636,116871,1
3,14600745,0.730636,112778,1
3,14600746,0.730636,108414,1
3,14600747,0.730636,103928,1
3,14600748,0.730636,99569,1
3,14600749,0.730636,95497,1
3,14600750,0.730636,91360,1
3,14600751,0.730636,86849,1
3,14600752,0.730636,82356,1
3,14600753,0.730636,77918,1
3,14600754,0.730636,73472,1
3,14601873,0.730692,35479,0
3,14609869,0.731092,34516,0
3,14617866,0.731493,34355,0
3,14625863,0.731893,36765,0
3,14628724,0.732036,70071,1
3,14633859,0.732293,35857,0
3,14641856,0.732693,35798,0
3,14649853,0.733093,39378,0
3,14657849,0.733493,36781,0
3,14665846,0.733894,37255,0
3,14673842,0.734294,40397,0
3,14677121,0.734458,72423,1
3,14681839,0.734694,36405,0
3,14689836,0.735094,35062,0
3,14697832,0.735494,37263,0
3,14705829,0.735894,36254,0
3,14713826,0.736295,34839,0
3,14721822,0.736695,38175,0
3,14723630,0.736785,70674,1
3,14729819,0.737095,35732,0
3,14737816,0.737495,35920,0
3,14745812,0.737895,35229,0
3,14753809,0.738295,36508,0
3,14761806,0.738695,35234,0
3,14769802,0.739096,34439,0
3,14777799,0.739496,34340,0
3,14785795,0.739896,35009,0
3,14793792,0.740296,35117,0
3,14801789,0.740696,36068,0
3,14809785,0.741096,34416,0
3,14817782,0.741497,34273,0
3,14825779,0.741897,36090,0
3,14833775,0.742297,35619,0
3,14841772,0.742697,38238,0
3,14849769,0.743097,36139,0
3,14857765,0.743497,37597,0
3,14865762,0.743898,35473,0
3,14873759,0.744298,35313,0
3,14881755,0.744698,35033,0
3,14889752,0.745098,36029,0
3,14897748,0.745498,34749,0
3,14905745,0.745898,35596,0
3,14913742,0.746299,35837,0
3,14921738,0.746699,35457,0
3,14929735,0.747099,37423,0
3,14935785,0.747402,71041,1
3,14937732,0.747499,36504,0
3,14939276,0.747576,69648,1
3,14945728,0.747899,35729,0
3,14953725,0.748299,34769,0
3,14961722,0.748699,35996,0
3,14969718,0.7491,35998,0
3,14977715,0.7495,35283,0
3,14985712,0.7499,36856,0
3,14993708,0.7503,35994,0
3,15001705,0.7507,35705,0
3,15009702,0.7511,35840,0
3,15017698,0.751501,36352,0
3,15025695,0.751901,35608,0
3,15030846,0.752159,74388,1
3,15030847,0.752159,69976,1
3,15032236,0.752228,72376,1
3,15033691,0.752301,35868,0
3,15041688,0.752701,35417,0
3,15049685,0.753101,35917,0
3,15057681,0.753501,37085,0
3,15065678,0.753902,34242,0
3,15073675,0.754302,37688,0
3,15081671,0.754702,35230,0
3,15089668,0.755102,35969,0
3,15097665,0.755502,34690,0
3,15105661,0.755902,38997,0
3,15113658,0.756303,35087,0
3,15121655,0.756703,35958,0
3,15129651,0.757103,37487,0
3,15137648,0.757503,36509,0
3,15145644,0.757903,36307,0
3,15153641,0.758303,34635,0
3,15161638,0.758703,39042,0
3,15169634,0.759104,35612,0
3,15177631,0.759504,35680,0
3,15185628,0.759904,34393,0
3,15193624,0.760304,37784,0
3,15201621,0.760704,36476,0
3,15209466,0.761097,87028,1
3,15209467,0.761097,82387,1
3,15209468,0.761097,77738,1
3,15209469,0.761097,73101,1
3,15209618,0.761104,36158,0
3,15217614,0.761505,35428,0
3,15225611,0.761905,34722,0
3,15233608,0.762305,34742,0
3,15241604,0.762705,34282,0
3,15249601,0.763105,36198,0
3,15257598,0.763505,34533,0
3,15265594,0.763906,35982,0
3,15273591,0.764306,36873,0
3,15281587,0.764706,34772,0
3,15289584,0.765106,34306,0
3,15297581,0.765506,35708,0
3,15305577,0.765906,34884,0
3,15308725,0.766064,75183,1
3,15308726,0.766064,70480,1
3,15313574,0.766306,35522,0
3,15321571,0.766707,34747,0
3,15329567,0.767107,37938,0
3,15337564,0.767507,37710,0
3,15345561,0.767907,37064,0
3,15353557,0.768307,35180,0
3,15361554,0.768707,36452,0
3,15369551,0.769108,35869,0
3,15377547,0.769508,36665,0
3,15385544,0.769908,37185,0
3,15393540,0.770308,38196,0
3,15401537,0.770708,35958,0
3,15409534,0.771108,36192,0
3,15417530,0.771509,35222,0
3,15425527,0.771909,35961,0
3,15433524,0.772309,34533,0
3,15441520,0.772709,35321,0
3,15449517,0.773109,36511,0
3,15457514,0.773509,35083,0
3,15465510,0.77391,34718,0
3,15473507,0.77431,34852,0
3,15481504,0.77471,34489,0
3,15485429,0.774906,71538,1
3,15485430,0.774906,76559,1
3,15485431,0.774906,71899,1
3,15489500,0.77511,34754,0
3,15497497,0.77551,34863,0
3,15505493,0.77591,35229,0
3,15513490,0.77631,35851,0
3,15521487,0.776711,42917,0
3,15529483,0.777111,35057,0
3,15537480,0.777511,36816,0
3,15545477,0.777911,35514,0
3,15553473,0.778311,34366,0
3,15561470,0.778711,35808,0
3,15569467,0.779112,37216,0
3,15577463,0.779512,33956,0
3,15585460,0.779912,35138,0
3,15593457,0.780312,34697,0
3,15601453,0.780712,35097,0
3,15609450,0.781112,34623,0
3,15617447,0.781513,39065,0
3,15625443,0.781913,34322,0
3,15633440,0.782313,35835,0
3,15641436,0.782713,34321,0
3,15649433,0.783113,34451,0
3,15657430,0.783513,34410,0
3,15665426,0.783914,35555,0
3,15673423,0.784314,34814,0
3,15681420,0.784714,36224,0
3,15689416,0.785114,34345,0
3,15697413,0.785514,35540,0
3,15705410,0.785914,34956,0
3,15713406,0.786314,34471,0
3,15721403,0.786715,36159,0
3,15729400,0.787115,36806,0
3,15737396,0.787515,36545,0
3,15745393,0.787915,35817,0
3,15753389,0.788315,36452,0
3,15761386,0.788715,35131,0
3,15766754,0.788984,71995,1
3,15769383,0.789116,35781,0
3,15777379,0.789516,34590,0
3,15785376,0.789916,34061,0
3,15793373,0.790316,37101,0
3,15801369,0.790716,34590,0
3,15809366,0.791116,34481,0
3,15817363,0.791517,34228,0
3,15818642,0.791581,105492,1
3,15818643,0.791581,100742,1
3,15818644,0.791581,95956,1
3,15818645,0.791581,91076,1
3,15818646,0.791581,86240,1
3,15818647,0.791581,81408,1
3,15818648,0.791581,76460,1
3,15818649,0.791581,71594,1
3,15825359,0.791917,35520,0
3,15833356,0.792317,36578,0
3,15841353,0.792717,34563,0
3,15849349,0.793117,34903,0
3,15857346,0.793517,36378,0
3,15865343,0.793918,35896,0
3,15873339,0.794318,35677,0
3,15881336,0.794718,34499,0
3,15889332,0.795118,35812,0
3,15897329,0.795518,36135,0
3,15905326,0.795918,36306,0
3,15913322,0.796318,38654,0
3,15921319,0.796719,35052,0
3,15929316,0.797119,34493,0
3,15937312,0.797519,35999,0
3,15942107,0.797759,72774,1
3,15945309,0.797919,37410,0
3,15953306,0.798319,35557,0
3,15961302,0.798719,37809,0
3,15969299,0.79912,35594,0
3,15977296,0.79952,34841,0
3,15980930,0.799702,73641,1
3,15980934,0.799702,87579,1
3,15980935,0.799702,108408,1
3,15980936,0.799702,103856,1
3,15980937,0.799702,99263,1
3,15980938,0.799702,94638,1
3,15980939,0.799702,90196,1
3,15980940,0.799702,85856,1
3,15980941,0.799702,81538,1
3,15980942,0.799702,76777,1
3,15980943,0.799702,72378,1
3,15985292,0.79992,36620,0
3,15993289,0.80032,35446,0
3,16001285,0.80072,37339,0
3,16003066,0.800809,71573,1
3,16009282,0.80112,34516,0
3,16017279,0.801521,34491,0
3,16025275,0.801921,35936,0
3,16029424,0.802128,77266,1
3,16029425,0.802128,72677,1
3,16033272,0.802321,35301,0
3,16041269,0.802721,35143,0
3,16049265,0.803121,34690,0
3,16057262,0.803521,35564,0
3,16065259,0.803922,34385,0
3,16073255,0.804322,34684,0
3,16073830,0.80435,69568,1
3,16081252,0.804722,35203,0
3,16089249,0.805122,35520,0
3,16097245,0.805522,36307,0
3,16105242,0.805922,34730,0
3,16113238,0.806322,36539,0
3,16121235,0.806723,34527,0
3,16129232,0.807123,40582,0
3,16137228,0.807523,34428,0
3,16140961,0.80771,84738,1
3,16140962,0.80771,80244,1
3,16140963,0.80771,75737,1
3,16140964,0.80771,71452,1
3,16140974,0.80771,84259,1
3,16140975,0.80771,79628,1
3,16140976,0.807711,75314,1
3,16140977,0.807711,70785,1
3,16141065,0.807715,83719,1
3,16141066,0.807715,79057,1
3,16141067,0.807715,74577,1
3,16141068,0.807715,70300,1
3,16141078,0.807716,85747,1
3,16141079,0.807716,81315,1
3,16141080,0.807716,76744,1
3,16141081,0.807716,72134,1
3,16141091,0.807716,85396,1
3,16141092,0.807716,80852,1
3,16141093,0.807716,76563,1
3,16141094,0.807716,71965,1
3,16141104,0.807717,85612,1
3,16141105,0.807717,80901,1
3,16141106,0.807717,76322,1
3,16141107,0.807717,71732,1
3,16141117,0.807718,97086,1
3,16141118,0.807718,92622,1
3,16141119,0.807718,88371,1
3,16141120,0.807718,83925,1
3,16141121,0.807718,79330,1
3,16141122,0.807718,74641,1
3,16141123,0.807718,70222,1
3,16141131,0.807718,70649,1
3,16141139,0.807719,75595,1
3,16141140,0.807719,71144,1
3,16141150,0.807719,80235,1
3,16141151,0.807719,75741,1
3,16141152,0.807719,71225,1
3,16141185,0.807721,88460,1
3,16141186,0.807721,83923,1
3,16141187,0.807721,79481,1
3,16141188,0.807721,74928,1
3,16141189,0.807721,70435,1
3,16141197,0.807722,95035,1
3,16141198,0.807722,90445,1
3,16141199,0.807722,85969,1
3,16141200,0.807722,81399,1
3,16141201,0.807722,76793,1
3,16141202,0.807722,72090,1
3,16141211,0.807722,91806,1
3,16141212,0.807722,87307,1
3,16141213,0.807722,82691,1
3,16141214,0.807722,78217,1
3,16141215,0.807722,73577,1
3,16141225,0.807723,94677,1
3,16141226,0.807723,90160,1
3,16141227,0.807723,85532,1
3,16141228,0.807723,81206,1
3,16141229,0.807723,76699,1
3,16141230,0.807723,71919,1
3,16141239,0.807724,96520,1
3,16141240,0.807724,91804,1
3,16141241,0.807724,87256,1
3,16141242,0.807724,82613,1
3,16141243,0.807724,78250,1
3,16141244,0.807724,73625,1
3,16141253,0.807724,93431,1
3,16141254,0.807724,88755,1
3,16141255,0.807724,84126,1
3,16141256,0.807725,79850,1
3,16141257,0.807725,75239,1
3,16141258,0.807725,70636,1
3,16141267,0.807725,90587,1
3,16141268,0.807725,85967,1
3,16141269,0.807725,81386,1
3,16141270,0.807725,76825,1
3,16141271,0.807725,72325,1
3,16141280,0.807726,95160,1
3,16141281,0.807726,90552,1
3,16141282,0.807726,85946,1
3,16141283,0.807726,81261,1
3,16141284,0.807726,76713,1
3,16141285,0.807726,72291,1
3,16141294,0.807726,93022,1
3,16141295,0.807726,88527,1
3,16141296,0.807727,84085,1
3,16141297,0.807727,79421,1
3,16141298,0.807727,74790,1
3,16141299,0.807727,70073,1
3,16141308,0.807727,91243,1
3,16141309,0.807727,86626,1
3,16141310,0.807727,81926,1
3,16141311,0.807727,77331,1
3,16141312,0.807727,72870,1
3,16141322,0.807728,79280,1
3,16141323,0.807728,85592,1
3,16141324,0.807728,81096,1
3,16141325,0.807728,76391,1
3,16141326,0.807728,71929,1
3,16141333,0.807728,91178,1
3,16141334,0.807728,86665,1
3,16141335,0.807728,82159,1
3,16141336,0.807729,77579,1
3,16141337,0.807729,72880,1
3,16141347,0.807729,87018,1
3,16141348,0.807729,82460,1
3,16141349,0.807729,77819,1
3,16141350,0.807729,73402,1
3,16141357,0.80773,81816,1
3,16141358,0.80773,77065,1
3,16141359,0.80773,72505,1
3,16141369,0.80773,82913,1
3,16141370,0.80773,78304,1
3,16141371,0.80773,73956,1
3,16141372,0.80773,69374,1
3,16141381,0.807731,97107,1
3,16141382,0.807731,92341,1
3,16141383,0.807731,87862,1
3,16141384,0.807731,83356,1
3,16141385,0.807731,78653,1
3,16141386,0.807731,74274,1
3,16141387,0.807731,69822,1
3,16141396,0.807732,79899,1
3,16141397,0.807732,75237,1
3,16141398,0.807732,70898,1
3,16141405,0.807732,74797,1
3,16141406,0.807732,70328,1
3,16141413,0.807732,87344,1
3,16141414,0.807732,82589,1
3,16141415,0.807732,78062,1
3,16141416,0.807733,73537,1
3,16141424,0.807733,98641,1
3,16141425,0.807733,94043,1
3,16141426,0.807733,89413,1
3,16141427,0.807733,84787,1
3,16141428,0.807733,80237,1
3,16141429,0.807733,75938,1
3,16141430,0.807733,71341,1
3,16141439,0.807734,106298,1
3,16141440,0.807734,102467,1
3,16141441,0.807734,98548,1
3,16141442,0.807734,94574,1
3,16141443,0.807734,90392,1
3,16141444,0.807734,86410,1
3,16141445,0.807734,82337,1
3,16141446,0.807734,77939,1
3,16141447,0.807734,73551,1
3,16141448,0.807734,69312,1
3,16141451,0.807734,87803,1
3,16141452,0.807734,83280,1
3,16141453,0.807734,78868,1
3,16141454,0.807734,74436,1
3,16141455,0.807734,69794,1
3,16141464,0.807735,88569,1
3,16141465,0.807735,84203,1
3,16141466,0.807735,79577,1
3,16141467,0.807735,74806,1
3,16141468,0.807735,70296,1
3,16141477,0.807736,103636,1
3,16141478,0.807736,99591,1
3,16141479,0.807736,95588,1
3,16141480,0.807736,99537,1
3,16141481,0.807736,95062,1
3,16141482,0.807736,90406,1
3,16141483,0.807736,85883,1
3,16141484,0.807736,81232,1
3,16141485,0.807736,76807,1
3,16141486,0.807736,72026,1
3,16141490,0.807736,112386,1
3,16141491,0.807736,107646,1
3,16141492,0.807736,103225,1
3,16141493,0.807736,98547,1
3,16141494,0.807736,94158,1
3,16141495,0.807736,89583,1
3,16141496,0.807737,84890,1
3,16141497,0.807737,80314,1
3,16141498,0.807737,75615,1
3,16141499,0.807737,71277,1
3,16141507,0.807737,107580,1
3,16141508,0.807737,103497,1
3,16141509,0.807737,99446,1
3,16141510,0.807737,95056,1
3,16141511,0.807737,90993,1
3,16141512,0.807737,86734,1
3,16141513,0.807737,82376,1
3,16141514,0.807737,78333,1
3,16141515,0.807737,74061,1
3,16141516,0.807738,69584,1
3,16141523,0.807738,94152,1
3,16141524,0.807738,89493,1
3,16141525,0.807738,84794,1
3,16141526,0.807738,80194,1
3,16141527,0.807738,75709,1
3,16141528,0.807738,70996,1
3,16141536,0.807739,73536,1
3,16145225,0.807923,35705,0
3,16153222,0.808323,35260,0
3,16161218,0.808723,34830,0
3,16169215,0.809124,35683,0
3,16177212,0.809524,35960,0
3,16185208,0.809924,34459,0
3,16193205,0.810324,36504,0
3,16195446,0.810436,71897,1
3,16201202,0.810724,34859,0
3,16209198,0.811124,35353,0
3,16217195,0.811525,34463,0
3,16225192,0.811925,36827,0
3,16233188,0.812325,35498,0
3,16241185,0.812725,34523,0
3,16249181,0.813125,34910,0
3,16257178,0.813525,35035,0
3,16265175,0.813926,35271,0
3,16273171,0.814326,36532,0
3,16277151,0.814525,76719,1
3,16277152,0.814525,72136,1
3,16281168,0.814726,35644,0
3,16289165,0.815126,37654,0
3,16297161,0.815526,37201,0
3,16305158,0.815926,36745,0
3,16313155,0.816327,35384,0
3,16321151,0.816727,34451,0
3,16329148,0.817127,34986,0
3,16337145,0.817527,36170,0
3,16345141,0.817927,35640,0
3,16348804,0.81811,77903,1
3,16348805,0.81811,73398,1
3,16353138,0.818327,34907,0
3,16361134,0.818727,35926,0
3,16369131,0.819128,35394,0
3,16377128,0.819528,35237,0
3,16385124,0.819928,35491,0
3,16393121,0.820328,36218,0
3,16401118,0.820728,36500,0
3,16409114,0.821128,34550,0
3,16417111,0.821529,35504,0
3,16425108,0.821929,37083,0
3,16433104,0.822329,34613,0
3,16441101,0.822729,35882,0
3,16449098,0.823129,34913,0
3,16457094,0.823529,34751,0
3,16465091,0.82393,35811,0
3,16473087,0.82433,34663,0
3,16481084,0.82473,36247,0
3,16489081,0.82513,34690,0
3,16497077,0.82553,36739,0
3,16505074,0.82593,36326,0
3,16513071,0.826331,35260,0
3,16521067,0.826731,37079,0
3,16529064,0.827131,35379,0
3,16537061,0.827531,35105,0
3,16545057,0.827931,34623,0
3,16553054,0.828331,34877,0
3,16561051,0.828731,34781,0
3,16561555,0.828757,104604,1
3,16561556,0.828757,100540,1
3,16561557,0.828757,96403,1
3,16561558,0.828757,92210,1
3,16561559,0.828757,88114,1
3,16561560,0.828757,83984,1
3,16561561,0.828757,79713,1
3,16561562,0.828757,91795,1
3,16561563,0.828757,87025,1
3,16561564,0.828757,82491,1
3,16561565,0.828757,77963,1
3,16561566,0.828757,73408,1
3,16561567,0.828757,75551,1
3,16561568,0.828757,70991,1
3,16569047,0.829132,36395,0
3,16577044,0.829532,35634,0
3,16585041,0.829932,35092,0
3,16593037,0.830332,36049,0
3,16601034,0.830732,37625,0
3,16609030,0.831132,36374,0
3,16617027,0.831533,34778,0
3,16625024,0.831933,35402,0
3,16633020,0.832333,34610,0
3,16641017,0.832733,36796,0
3,16645928,0.832979,74668,1
3,16645929,0.832979,70206,1
3,16649014,0.833133,35581,0
3,16657010,0.833533,36216,0
3,16665007,0.833934,36133,0
3,16673004,0.834334,36472,0
3,16681000,0.834734,34934,0
3,16688997,0.835134,35568,0
3,16696994,0.835534,35650,0
3,16698804,0.835625,71890,1
3,16704990,0.835934,37107,0
3,16712987,0.836335,35009,0
3,16720983,0.836735,35498,0
3,16728980,0.837135,37026,0
3,16736977,0.837535,36337,0
3,16744973,0.837935,35358,0
3,16752970,0.838335,34873,0
3,16760967,0.838735,34685,0
3,16768963,0.839136,34476,0
3,16776960,0.839536,36089,0
3,16779869,0.839681,70426,1
3,16784957,0.839936,35257,0
3,16792953,0.840336,35937,0
3,16795400,0.840459,138733,1
3,16795401,0.840459,134868,1
3,16795402,0.840459,130619,1
3,16795403,0.840459,126533,1
3,16795404,0.840459,122596,1
3,16795405,0.840459,118558,1
3,16795406,0.840459,114367,1
3,16795407,0.840459,110384,1
3,16795408,0.840459,106264,1
3,16795409,0.840459,101874,1
3,16795410,0.840459,97636,1
3,16795411,0.840459,93292,1
3,16795412,0.840459,89110,1
3,16795413,0.840459,84959,1
3,16795414,0.840459,80924,1
3,16795415,0.840459,76727,1
3,16795416,0.840459,72589,1
3,16800950,0.840736,35181,0
3,16808947,0.841136,34440,0
3,16816943,0.841537,35387,0
3,16824940,0.841937,35380,0
3,16832937,0.842337,36611,0
3,16840933,0.842737,36048,0
3,16848930,0.843137,36300,0
3,16856926,0.843537,34751,0
3,16864923,0.843938,35449,0
3,16868638,0.844123,77450,1
3,16868639,0.844123,72749,1
3,16872920,0.844338,36581,0
3,16880916,0.844738,35668,0
3,16888913,0.845138,35829,0
3,16896910,0.845538,36106,0
3,16904906,0.845938,35513,0
3,16912903,0.846339,36063,0
3,16920900,0.846739,36193,0
3,16928896,0.847139,35054,0
3,16936893,0.847539,35821,0
3,16944890,0.847939,36274,0
3,16952886,0.848339,36239,0
3,16960883,0.848739,36811,0
3,16968879,0.84914,34817,0
3,16976876,0.84954,37325,0
3,16984873,0.84994,37492,0
3,16992869,0.85034,35990,0
3,17000866,0.85074,41323,0
3,17008863,0.85114,35815,0
3,17016859,0.851541,36643,0
3,17024340,0.851915,72271,1
3,17024856,0.851941,34263,0
3,17032853,0.852341,35590,0
3,17040849,0.852741,35209,0
3,17048846,0.853141,34167,0
3,17050491,0.853224,72145,1
3,17056843,0.853541,34755,0
3,17057817,0.85359,74330,1
3,17057818,0.85359,69644,1
3,17064839,0.853942,35797,0
3,17072836,0.854342,35105,0
3,17080832,0.854742,36019,0
3,17088829,0.855142,35332,0
3,17096826,0.855542,38523,0
3,17104822,0.855942,34226,0
3,17112819,0.856343,36844,0
3,17120816,0.856743,34192,0
3,17127040,0.857054,77911,1
3,17127041,0.857054,73398,1
3,17128812,0.857143,35586,0
3,17136809,0.857543,34972,0
3,17144806,0.857943,36540,0
3,17152802,0.858343,35974,0
3,17154975,0.858452,69818,1
3,17160799,0.858743,35771,0
3,17168796,0.859144,35879,0
3,17176792,0.859544,37560,0
3,17184789,0.859944,36031,0
3,17192786,0.860344,35893,0
3,17200782,0.860744,34434,0
3,17205842,0.860997,69626,1
3,17208779,0.861144,35064,0
3,17216775,0.861545,35758,0
3,17224772,0.861945,37314,0
3,17232769,0.862345,35256,0
3,17240765,0.862745,35302,0
3,17248762,0.863145,35967,0
3,17256759,0.863545,38314,0
3,17264755,0.863946,34666,0
3,17272752,0.864346,35298,0
3,17280749,0.864746,34802,0
3,17288745,0.865146,36843,0
3,17296742,0.865546,36393,0
3,17304739,0.865946,36065,0
3,17312735,0.866347,34166,0
3,17315282,0.866474,75560,1
3,17315283,0.866474,71046,1
3,17320732,0.866747,34924,0
3,17328728,0.867147,34520,0
3,17336725,0.867547,35952,0
3,17344722,0.867947,34909,0
3,17352718,0.868347,35957,0
3,17360715,0.868747,34658,0
3,17368712,0.869148,36289,0
3,17376708,0.869548,34651,0
3,17384705,0.869948,34531,0
3,17392702,0.870348,35198,0
3,17400698,0.870748,39146,0
3,17408695,0.871148,35461,0
3,17416692,0.871549,34499,0
3,17424688,0.871949,37111,0
3,17432685,0.872349,35914,0
3,17440681,0.872749,35096,0
3,17446231,0.873027,72488,1
3,17448678,0.873149,37088,0
3,17456675,0.873549,36866,0
3,17464671,0.87395,34640,0
3,17472668,0.87435,35668,0
3,17478141,0.874624,70189,1
3,17480665,0.87475,36479,0
3,17488661,0.87515,37113,0
3,17496658,0.87555,37821,0
3,17504655,0.87595,34664,0
3,17512651,0.876351,37533,0
3,17520648,0.876751,35364,0
3,17528645,0.877151,35404,0
3,17536641,0.877551,34768,0
3,17544638,0.877951,35875,0
3,17552635,0.878351,35351,0
3,17560631,0.878751,38845,0
3,17568628,0.879152,36275,0
3,17576624,0.879552,37174,0
3,17584621,0.879952,37600,0
3,17592618,0.880352,35360,0
3,17600614,0.880752,35448,0
3,17608611,0.881152,34700,0
3,17616608,0.881553,36943,0
3,17624604,0.881953,34269,0
3,17632601,0.882353,34027,0
3,17640598,0.882753,37311,0
3,17648594,0.883153,34045,0
3,17656591,0.883553,35644,0
3,17664588,0.883954,35261,0
3,17672584,0.884354,35104,0
3,17680581,0.884754,36101,0
3,17688577,0.885154,37089,0
3,17696574,0.885554,34775,0
3,17704571,0.885954,34450,0
3,17712567,0.886354,35786,0
3,17720564,0.886755,35042,0
3,17728561,0.887155,35345,0
3,17736557,0.887555,34749,0
3,17744554,0.887955,37705,0
3,17752551,0.888355,36222,0
3,17760547,0.888755,35223,0
3,17768544,0.889156,34558,0
3,17776541,0.889556,35516,0
3,17784537,0.889956,35651,0
3,17792534,0.890356,35033,0
3,17800531,0.890756,35116,0
3,17808527,0.891156,35865,0
3,17816524,0.891557,34588,0
3,17822501,0.891856,69489,1
3,17824520,0.891957,34754,0
3,17832517,0.892357,35856,0
3,17840514,0.892757,34521,0
3,17848510,0.893157,36153,0
3,17856507,0.893557,34973,0
3,17864504,0.893958,36151,0
3,17872500,0.894358,34631,0
3,17880497,0.894758,35670,0
3,17888494,0.895158,35128,0
3,17896490,0.895558,34917,0
3,17904487,0.895958,35611,0
3,17912484,0.896359,34571,0
3,17920480,0.896759,37914,0
3,17928477,0.897159,36886,0
3,17936473,0.897559,34955,0
3,17944470,0.897959,35181,0
3,17952467,0.898359,35941,0
3,17960463,0.898759,34120,0
3,17965096,0.898991,93814,1
3,17965097,0.898991,101408,1
3,17965098,0.898991,96800,1
3,17965099,0.898991,92229,1
3,17965100,0.898991,87620,1
3,17965101,0.898992,83004,1
3,17965102,0.898992,78625,1
3,17965103,0.898992,74147,1
3,17965104,0.898992,70622,1
3,17965105,0.898992,78994,1
3,17965106,0.898992,74348,1
3,17965107,0.898992,69998,1
3,17968460,0.89916,35142,0
3,17976457,0.89956,35982,0
3,17984453,0.89996,34740,0
3,17992450,0.90036,35870,0
3,18000447,0.90076,36512,0
3,18008443,0.90116,36231,0
3,18016440,0.901561,35677,0
3,18024437,0.901961,35361,0
3,18029795,0.902229,69384,1
3,18032433,0.902361,35984,0
3,18038918,0.902685,72279,1
3,18040430,0.902761,35086,0
3,18048426,0.903161,34522,0
3,18056423,0.903561,34567,0
3,18064420,0.903962,37574,0
3,18072416,0.904362,34671,0
3,18080413,0.904762,36127,0
3,18088410,0.905162,38619,0
3,18096406,0.905562,35900,0
3,18104403,0.905962,36348,0
3,18112400,0.906363,35435,0
3,18120396,0.906763,35440,0
3,18124735,0.90698,78116,1
3,18124736,0.90698,73804,1
3,18124737,0.90698,69324,1
3,18128393,0.907163,37113,0
3,18136390,0.907563,35731,0
3,18144386,0.907963,34893,0
3,18149145,0.908201,72224,1
3,18152383,0.908363,34951,0
3,18160380,0.908764,36248,0
3,18168376,0.909164,34682,0
3,18176373,0.909564,37336,0
3,18184369,0.909964,35565,0
3,18192366,0.910364,38055,0
3,18200363,0.910764,38933,0
3,18208359,0.911164,34689,0
3,18216356,0.911565,34319,0
3,18224353,0.911965,34657,0
3,18232349,0.912365,34550,0
3,18240346,0.912765,35629,0
3,18248343,0.913165,43052,0
3,18256339,0.913565,35857,0
3,18257083,0.913603,69803,1
3,18264336,0.913966,34570,0
3,18272333,0.914366,35079,0
3,18280329,0.914766,34494,0
3,18288326,0.915166,34396,0
3,18296322,0.915566,35069,0
3,18304319,0.915966,36051,0
3,18312316,0.916367,35593,0
3,18313275,0.916415,71233,1
3,18320312,0.916767,36504,0
3,18328309,0.917167,37267,0
3,18336306,0.917567,36323,0
3,18337107,0.917607,70065,1
3,18344302,0.917967,35818,0
3,18350431,0.918274,85687,1
3,18350432,0.918274,87916,1
3,18350433,0.918274,83306,1
3,18350434,0.918274,78747,1
3,18350435,0.918274,74048,1
3,18350436,0.918274,69515,1
3,18350439,0.918274,69536,1
3,18350440,0.918274,81724,1
3,18350441,0.918274,77264,1
3,18350442,0.918274,72694,1
3,18352299,0.918367,35382,0
3,18358638,0.918685,70737,1
3,18360296,0.918768,34434,0
3,18368292,0.919168,35290,0
3,18376289,0.919568,35163,0
3,18384286,0.919968,34336,0
3,18392282,0.920368,35289,0
3,18400279,0.920768,34779,0
3,18408276,0.921168,35432,0
3,18416272,0.921569,35505,0
3,18424269,0.921969,35566,0
3,18432265,0.922369,36062,0
3,18440262,0.922769,36279,0
3,18443197,0.922916,75250,1
3,18443198,0.922916,70772,1
3,18448259,0.923169,38427,0
3,18453419,0.923427,75428,1
3,18453420,0.923428,70803,1
3,18456255,0.923569,35421,0
3,18464252,0.92397,35847,0
3,18472249,0.92437,37338,0
3,18480245,0.92477,34878,0
3,18483586,0.924937,69872,1
3,18488242,0.92517,41483,0
3,18496239,0.92557,35327,0
3,18504235,0.92597,35906,0
3,18505161,0.926017,71557,1
3,18512232,0.926371,35381,0
3,18520229,0.926771,36044,0
3,18522886,0.926904,76173,1
3,18522887,0.926904,71655,1
3,18528225,0.927171,34523,0
3,18536222,0.927571,36291,0
3,18544218,0.927971,34365,0
3,18552215,0.928371,36497,0
3,18560212,0.928771,35352,0
3,18568208,0.929172,47997,0
3,18576205,0.929572,35413,0
3,18584202,0.929972,35682,0
3,18592198,0.930372,36135,0
3,18595702,0.930547,86702,1
3,18595703,0.930548,82577,1
3,18595704,0.930548,78408,1
3,18595705,0.930548,74139,1
3,18595706,0.930548,69720,1
3,18600195,0.930772,34672,0
3,18608192,0.931172,36535,0
3,18612062,0.931366,69648,1
3,18616188,0.931573,34418,0
3,18624185,0.931973,37446,0
3,18632182,0.932373,35970,0
3,18640178,0.932773,35507,0
3,18645784,0.933054,70968,1
3,18648175,0.933173,34886,0
3,18656171,0.933573,38032,0
3,18664168,0.933974,35735,0
3,18666276,0.934079,74142,1
3,18666277,0.934079,69779,1
3,18672165,0.934374,35124,0
3,18680161,0.934774,35336,0
3,18688158,0.935174,36069,0
3,18696155,0.935574,34561,0
3,18702604,0.935897,69406,1
3,18704151,0.935974,34404,0
3,18712148,0.936375,34997,0
3,18720145,0.936775,34988,0
3,18722359,0.936885,70894,1
3,18728141,0.937175,34995,0
3,18736138,0.937575,34572,0
3,18744135,0.937975,38239,0
3,18752131,0.938375,34454,0
3,18760128,0.938775,35949,0
3,18768125,0.939176,36407,0
3,18776121,0.939576,36580,0
3,18784118,0.939976,34967,0
3,18792114,0.940376,34687,0
3,18800111,0.940776,36494,0
3,18808108,0.941176,35255,0
3,18816104,0.941577,34310,0
3,18824101,0.941977,37936,0
3,18832098,0.942377,34956,0
3,18840094,0.942777,35628,0
3,18848091,0.943177,36698,0
3,18856088,0.943577,37559,0
3,18864084,0.943978,34947,0
3,18872081,0.944378,35805,0
3,18880078,0.944778,35163,0
3,18888074,0.945178,35271,0
3,18896071,0.945578,35546,0
3,18904067,0.945978,36149,0
3,18905373,0.946044,69747,1
3,18912064,0.946379,35451,0
3,18920061,0.946779,36402,0
3,18928057,0.947179,34625,0
3,18936054,0.947579,34679,0
3,18942891,0.947921,76020,1
3,18942892,0.947921,71430,1
3,18944051,0.947979,35649,0
3,18952047,0.948379,35414,0
3,18960044,0.948779,35627,0
3,18968041,0.94918,36926,0
3,18976037,0.94958,34900,0
3,18984034,0.94998,36560,0
3,18992031,0.95038,34158,0
3,19000027,0.95078,35395,0
3,19008024,0.95118,35569,0
3,19016020,0.951581,34633,0
3,19024017,0.951981,35123,0
3,19032014,0.952381,35266,0
3,19040010,0.952781,35340,0
3,19048007,0.953181,37813,0
3,19056004,0.953581,35780,0
3,19064000,0.953982,36463,0
3,19071774,0.954371,69402,1
3,19071997,0.954382,35224,0
3,19079994,0.954782,37243,0
3,19087990,0.955182,34518,0
3,19095987,0.955582,40243,0
3,19103984,0.955982,34881,0
3,19111980,0.956383,34889,0
3,19119977,0.956783,35189,0
3,19127974,0.957183,35997,0
3,19135970,0.957583,34830,0
3,19143967,0.957983,36254,0
3,19151963,0.958383,36333,0
3,19159960,0.958783,35776,0
3,19166000,0.959086,70117,1
3,19166001,0.959086,75592,1
3,19166002,0.959086,70886,1
3,19167957,0.959184,35227,0
3,19175953,0.959584,36335,0
3,19183950,0.959984,35119,0
3,19191947,0.960384,35276,0
3,19195522,0.960563,83215,1
3,19195523,0.960563,78639,1
3,19195524,0.960563,74037,1
3,19195525,0.960563,69696,1
3,19199943,0.960784,34937,0
3,19207940,0.961184,36403,0
3,19215937,0.961585,34914,0
3,19223933,0.961985,35721,0
3,19231930,0.962385,34545,0
3,19239927,0.962785,34609,0
3,19244483,0.963013,69315,1
3,19247923,0.963185,35364,0
3,19255920,0.963585,35540,0
3,19263916,0.963986,36550,0
3,19271913,0.964386,35929,0
3,19279910,0.964786,35129,0
3,19287906,0.965186,37986,0
3,19295903,0.965586,34489,0
3,19303900,0.965986,34861,0
3,19311896,0.966387,34348,0
3,19319893,0.966787,34653,0
3,19327890,0.967187,34808,0
3,19335886,0.967587,35452,0
3,19339150,0.96775,69312,1
3,19343883,0.967987,36688,0
3,19351880,0.968387,36862,0
3,19359876,0.968787,39091,0
3,19367873,0.969188,34932,0
3,19375870,0.969588,34671,0
3,19383866,0.969988,34714,0
3,19391863,0.970388,35021,0
3,19399859,0.970788,35521,0
3,19407856,0.971188,35464,0
3,19415853,0.971589,37117,0
3,19423849,0.971989,35651,0
3,19431846,0.972389,34703,0
3,19439843,0.972789,35665,0
3,19447839,0.973189,36056,0
3,19455836,0.973589,35345,0
3,19461482,0.973872,70223,1
3,19463833,0.97399,35560,0
3,19465956,0.974096,70169,1
3,19471829,0.97439,36476,0
3,19479826,0.97479,35039,0
3,19487823,0.97519,35359,0
3,19495819,0.97559,35924,0
3,19503816,0.97599,34458,0
3,19511812,0.976391,37981,0
3,19519809,0.976791,34958,0
3,19527806,0.977191,34777,0
3,19535802,0.977591,35107,0
3,19543799,0.977991,35502,0
3,19551796,0.978391,36687,0
3,19559792,0.978791,35006,0
3,19567789,0.979192,36252,0
3,19575786,0.979592,36898,0
3,19583782,0.979992,36748,0
3,19591779,0.980392,35917,0
3,19595451,0.980576,103681,1
3,19595452,0.980576,99732,1
3,19595453,0.980576,95524,1
3,19595454,0.980576,91353,1
3,19595455,0.980576,87207,1
3,19595456,0.980576,82964,1
3,19595457,0.980576,78695,1
3,19595458,0.980576,74597,1
3,19595459,0.980576,70688,1
3,19599776,0.980792,36381,0
3,19607772,0.981192,36363,0
3,19615769,0.981593,37296,0
3,19623765,0.981993,36684,0
3,19631762,0.982393,34703,0
3,19639759,0.982793,37065,0
3,19647755,0.983193,34691,0
3,19655752,0.983593,35161,0
3,19663749,0.983994,50123,0
3,19671745,0.984394,34309,0
3,19679742,0.984794,35859,0
3,19687739,0.985194,34926,0
3,19695735,0.985594,34772,0
3,19703732,0.985994,35249,0
3,19711729,0.986395,34331,0
3,19712437,0.98643,73067,1
3,19719725,0.986795,34477,0
3,19727722,0.987195,36313,0
3,19735719,0.987595,35407,0
3,19743715,0.987995,35490,0
3,19751712,0.988395,34650,0
3,19759708,0.988795,34486,0
3,19767705,0.989196,34447,0
3,19775702,0.989596,41052,0
3,19783698,0.989996,36800,0
3,19787108,0.990167,72554,1
3,19791695,0.990396,34283,0
3,19799692,0.990796,35828,0
3,19807688,0.991196,34800,0
3,19815685,0.991597,35337,0
3,19823682,0.991997,35115,0
3,19831678,0.992397,34451,0
3,19839675,0.992797,36388,0
3,19847672,0.993197,35486,0
3,19855668,0.993597,35768,0
3,19863665,0.993998,34345,0
3,19871661,0.994398,37456,0
3,19879658,0.994798,35579,0
3,19887655,0.995198,35632,0
3,19895651,0.995598,35072,0
3,19903648,0.995998,34696,0
3,19911645,0.996399,35296,0
3,19919641,0.996799,35354,0
3,19927638,0.997199,35714,0
3,19929398,0.997287,72202,1
3,19935635,0.997599,34833,0
3,19943631,0.997999,36431,0
3,19951628,0.998399,37335,0
3,19959625,0.9988,35066,0
3,19967621,0.9992,35126,0
3,19975618,0.9996,35653,0
3,19983615,1.0,34422,0
